tier,M,ef_construction,ef_search,query_id,k,query_latency_ms,index_build_s,precision,recall,ndcg
100k,16,40,10,1,10,6.9539169780910015,16.684499502182007,0.5,0.0684931506849315,0.6489315753318465
100k,16,40,10,1,50,6.9539169780910015,16.684499502182007,0.24,0.1643835616438356,0.3492915266607987
100k,16,40,10,1,100,6.9539169780910015,16.684499502182007,0.14,0.1917808219178082,0.2888447556751696
100k,16,40,10,1,300,6.9539169780910015,16.684499502182007,0.05,0.2054794520547945,0.29695742860966806
100k,16,40,10,1,500,6.9539169780910015,16.684499502182007,0.03,0.2054794520547945,0.29695742860966806
100k,16,40,10,1,1000,6.9539169780910015,16.684499502182007,0.015,0.2054794520547945,0.29695742860966806
100k,16,40,10,2,10,0.24672798463143408,16.684499502182007,0.6,0.09230769230769231,0.6399441431116327
100k,16,40,10,2,50,0.24672798463143408,16.684499502182007,0.32,0.24615384615384617,0.39605071414974996
100k,16,40,10,2,100,0.24672798463143408,16.684499502182007,0.2,0.3076923076923077,0.37466294839067976
100k,16,40,10,2,300,0.24672798463143408,16.684499502182007,0.07333333333333333,0.3384615384615385,0.3932746607683896
100k,16,40,10,2,500,0.24672798463143408,16.684499502182007,0.044,0.3384615384615385,0.3932746607683896
100k,16,40,10,2,1000,0.24672798463143408,16.684499502182007,0.022,0.3384615384615385,0.3932746607683896
100k,16,40,10,3,10,0.19730100757442415,16.684499502182007,0.2,0.2857142857142857,0.16945984979943973
100k,16,40,10,3,50,0.19730100757442415,16.684499502182007,0.12,0.8571428571428571,0.43974041857069557
100k,16,40,10,3,100,0.19730100757442415,16.684499502182007,0.06,0.8571428571428571,0.43974041857069557
100k,16,40,10,3,300,0.19730100757442415,16.684499502182007,0.02,0.8571428571428571,0.43974041857069557
100k,16,40,10,3,500,0.19730100757442415,16.684499502182007,0.012,0.8571428571428571,0.43974041857069557
100k,16,40,10,3,1000,0.19730100757442415,16.684499502182007,0.006,0.8571428571428571,0.43974041857069557
100k,16,40,10,4,10,0.1910810242407024,16.684499502182007,1.0,0.12195121951219512,1.0
100k,16,40,10,4,50,0.1910810242407024,16.684499502182007,0.38,0.23170731707317074,0.5184210946584908
100k,16,40,10,4,100,0.1910810242407024,16.684499502182007,0.3,0.36585365853658536,0.46468647182174977
100k,16,40,10,4,300,0.1910810242407024,16.684499502182007,0.13,0.47560975609756095,0.533899825880021
100k,16,40,10,4,500,0.1910810242407024,16.684499502182007,0.078,0.47560975609756095,0.533899825880021
100k,16,40,10,4,1000,0.1910810242407024,16.684499502182007,0.039,0.47560975609756095,0.533899825880021
100k,16,40,10,5,10,0.1678809931036085,16.684499502182007,1.0,0.11764705882352941,1.0
100k,16,40,10,5,50,0.1678809931036085,16.684499502182007,0.42,0.24705882352941178,0.557666190340713
100k,16,40,10,5,100,0.1678809931036085,16.684499502182007,0.27,0.3176470588235294,0.4385059872485421
100k,16,40,10,5,300,0.1678809931036085,16.684499502182007,0.09666666666666666,0.3411764705882353,0.4539075778526839
100k,16,40,10,5,500,0.1678809931036085,16.684499502182007,0.058,0.3411764705882353,0.4539075778526839
100k,16,40,10,5,1000,0.1678809931036085,16.684499502182007,0.029,0.3411764705882353,0.4539075778526839
100k,16,40,10,11,10,0.20948200835846364,16.684499502182007,0.2,0.06060606060606061,0.22400556151517553
100k,16,40,10,11,50,0.20948200835846364,16.684499502182007,0.08,0.12121212121212122,0.15143269472575652
100k,16,40,10,11,100,0.20948200835846364,16.684499502182007,0.12,0.36363636363636365,0.2864659857919795
100k,16,40,10,11,300,0.20948200835846364,16.684499502182007,0.043333333333333335,0.3939393939393939,0.3009061862387462
100k,16,40,10,11,500,0.20948200835846364,16.684499502182007,0.026,0.3939393939393939,0.3009061862387462
100k,16,40,10,11,1000,0.20948200835846364,16.684499502182007,0.013,0.3939393939393939,0.3009061862387462
100k,16,40,10,12,10,0.16236701048910618,16.684499502182007,0.0,0.0,0.0
100k,16,40,10,12,50,0.16236701048910618,16.684499502182007,0.02,0.07692307692307693,0.034202784826153056
100k,16,40,10,12,100,0.16236701048910618,16.684499502182007,0.02,0.15384615384615385,0.06341406339313273
100k,16,40,10,12,300,0.16236701048910618,16.684499502182007,0.006666666666666667,0.15384615384615385,0.06341406339313273
100k,16,40,10,12,500,0.16236701048910618,16.684499502182007,0.004,0.15384615384615385,0.06341406339313273
100k,16,40,10,12,1000,0.16236701048910618,16.684499502182007,0.002,0.15384615384615385,0.06341406339313273
100k,16,40,10,15,10,0.2071069902740419,16.684499502182007,0.0,0.0,0.0
100k,16,40,10,15,50,0.2071069902740419,16.684499502182007,0.0,0.0,0.0
100k,16,40,10,15,100,0.2071069902740419,16.684499502182007,0.01,0.02631578947368421,0.015075425021925794
100k,16,40,10,15,300,0.2071069902740419,16.684499502182007,0.02,0.15789473684210525,0.07948039264479981
100k,16,40,10,15,500,0.2071069902740419,16.684499502182007,0.012,0.15789473684210525,0.07948039264479981
100k,16,40,10,15,1000,0.2071069902740419,16.684499502182007,0.006,0.15789473684210525,0.07948039264479981
100k,16,40,10,34,10,0.17780601046979427,16.684499502182007,0.0,0.0,0.0
100k,16,40,10,34,50,0.17780601046979427,16.684499502182007,0.0,0.0,0.0
100k,16,40,10,34,100,0.17780601046979427,16.684499502182007,0.01,0.02857142857142857,0.014804723358393715
100k,16,40,10,34,300,0.17780601046979427,16.684499502182007,0.016666666666666666,0.14285714285714285,0.07014161555428251
100k,16,40,10,34,500,0.17780601046979427,16.684499502182007,0.01,0.14285714285714285,0.07014161555428251
100k,16,40,10,34,1000,0.17780601046979427,16.684499502182007,0.005,0.14285714285714285,0.07014161555428251
100k,16,40,10,14,10,0.1967510033864528,16.684499502182007,0.0,0.0,0.0
100k,16,40,10,14,50,0.1967510033864528,16.684499502182007,0.0,0.0,0.0
100k,16,40,10,14,100,0.1967510033864528,16.684499502182007,0.01,0.021739130434782608,0.01378086309326738
100k,16,40,10,14,300,0.1967510033864528,16.684499502182007,0.016666666666666666,0.10869565217391304,0.05948874931933301
100k,16,40,10,14,500,0.1967510033864528,16.684499502182007,0.01,0.10869565217391304,0.05948874931933301
100k,16,40,10,14,1000,0.1967510033864528,16.684499502182007,0.005,0.10869565217391304,0.05948874931933301
100k,16,40,10,27,10,0.15699199866503477,16.684499502182007,0.0,0.0,0.0
100k,16,40,10,27,50,0.15699199866503477,16.684499502182007,0.0,0.0,0.0
100k,16,40,10,27,100,0.15699199866503477,16.684499502182007,0.0,0.0,0.0
100k,16,40,10,27,300,0.15699199866503477,16.684499502182007,0.01,0.09090909090909091,0.04497310825687981
100k,16,40,10,27,500,0.15699199866503477,16.684499502182007,0.006,0.09090909090909091,0.04497310825687981
100k,16,40,10,27,1000,0.15699199866503477,16.684499502182007,0.003,0.09090909090909091,0.04497310825687981
100k,16,40,10,66,10,0.16116700135171413,16.684499502182007,0.1,0.01818181818181818,0.06625422345438903
100k,16,40,10,66,50,0.16116700135171413,16.684499502182007,0.02,0.01818181818181818,0.02333976076433925
100k,16,40,10,66,100,0.16116700135171413,16.684499502182007,0.01,0.01818181818181818,0.021866577706041675
100k,16,40,10,66,300,0.16116700135171413,16.684499502182007,0.0033333333333333335,0.01818181818181818,0.021866577706041675
100k,16,40,10,66,500,0.16116700135171413,16.684499502182007,0.002,0.01818181818181818,0.021866577706041675
100k,16,40,10,66,1000,0.16116700135171413,16.684499502182007,0.001,0.01818181818181818,0.021866577706041675
100k,16,40,10,72,10,0.15650701243430376,16.684499502182007,0.0,0.0,0.0
100k,16,40,10,72,50,0.15650701243430376,16.684499502182007,0.02,0.02702702702702703,0.019977615861907518
100k,16,40,10,72,100,0.15650701243430376,16.684499502182007,0.02,0.05405405405405406,0.036334686724583565
100k,16,40,10,72,300,0.15650701243430376,16.684499502182007,0.01,0.08108108108108109,0.050397291905555516
100k,16,40,10,72,500,0.15650701243430376,16.684499502182007,0.006,0.08108108108108109,0.050397291905555516
100k,16,40,10,72,1000,0.15650701243430376,16.684499502182007,0.003,0.08108108108108109,0.050397291905555516
100k,16,40,10,99,10,0.1776489953044802,16.684499502182007,0.0,0.0,0.0
100k,16,40,10,99,50,0.1776489953044802,16.684499502182007,0.0,0.0,0.0
100k,16,40,10,99,100,0.1776489953044802,16.684499502182007,0.01,0.047619047619047616,0.02071921604106496
100k,16,40,10,99,300,0.1776489953044802,16.684499502182007,0.0033333333333333335,0.047619047619047616,0.02071921604106496
100k,16,40,10,99,500,0.1776489953044802,16.684499502182007,0.002,0.047619047619047616,0.02071921604106496
100k,16,40,10,99,1000,0.1776489953044802,16.684499502182007,0.001,0.047619047619047616,0.02071921604106496
100k,16,40,10,101,10,0.160672003403306,16.684499502182007,0.1,0.023255813953488372,0.22009176629808017
100k,16,40,10,101,50,0.160672003403306,16.684499502182007,0.08,0.09302325581395349,0.14870408949129996
100k,16,40,10,101,100,0.160672003403306,16.684499502182007,0.07,0.16279069767441862,0.19161233735961108
100k,16,40,10,101,300,0.160672003403306,16.684499502182007,0.02666666666666667,0.18604651162790697,0.20442964310962566
100k,16,40,10,101,500,0.160672003403306,16.684499502182007,0.016,0.18604651162790697,0.20442964310962566
100k,16,40,10,101,1000,0.160672003403306,16.684499502182007,0.008,0.18604651162790697,0.20442964310962566
100k,16,40,10,56,10,0.16605400014668703,16.684499502182007,0.0,0.0,0.0
100k,16,40,10,56,50,0.16605400014668703,16.684499502182007,0.04,0.0392156862745098,0.031020099346199963
100k,16,40,10,56,100,0.16605400014668703,16.684499502182007,0.04,0.0784313725490196,0.05381790186059462
100k,16,40,10,56,300,0.16605400014668703,16.684499502182007,0.03,0.17647058823529413,0.1081658675849505
100k,16,40,10,56,500,0.16605400014668703,16.684499502182007,0.018,0.17647058823529413,0.1081658675849505
100k,16,40,10,56,1000,0.16605400014668703,16.684499502182007,0.009,0.17647058823529413,0.1081658675849505
100k,16,40,10,82,10,0.19150800653733313,16.684499502182007,0.2,0.03225806451612903,0.1681522864689108
100k,16,40,10,82,50,0.19150800653733313,16.684499502182007,0.06,0.04838709677419355,0.0733538067306729
100k,16,40,10,82,100,0.19150800653733313,16.684499502182007,0.05,0.08064516129032258,0.08398303123913463
100k,16,40,10,82,300,0.19150800653733313,16.684499502182007,0.05,0.24193548387096775,0.17449488844187339
100k,16,40,10,82,500,0.19150800653733313,16.684499502182007,0.03,0.24193548387096775,0.17449488844187339
100k,16,40,10,82,1000,0.19150800653733313,16.684499502182007,0.015,0.24193548387096775,0.17449488844187339
100k,16,40,10,91,10,0.16789400251582265,16.684499502182007,0.0,0.0,0.0
100k,16,40,10,91,50,0.16789400251582265,16.684499502182007,0.0,0.0,0.0
100k,16,40,10,91,100,0.16789400251582265,16.684499502182007,0.0,0.0,0.0
100k,16,40,10,91,300,0.16789400251582265,16.684499502182007,0.01,0.046875,0.0273392874880076
100k,16,40,10,91,500,0.16789400251582265,16.684499502182007,0.006,0.046875,0.0273392874880076
100k,16,40,10,91,1000,0.16789400251582265,16.684499502182007,0.003,0.046875,0.0273392874880076
100k,16,40,10,92,10,0.17986999591812491,16.684499502182007,0.0,0.0,0.0
100k,16,40,10,92,50,0.17986999591812491,16.684499502182007,0.0,0.0,0.0
100k,16,40,10,92,100,0.17986999591812491,16.684499502182007,0.0,0.0,0.0
100k,16,40,10,92,300,0.17986999591812491,16.684499502182007,0.0,0.0,0.0
100k,16,40,10,92,500,0.17986999591812491,16.684499502182007,0.0,0.0,0.0
100k,16,40,10,92,1000,0.17986999591812491,16.684499502182007,0.0,0.0,0.0
100k,16,40,50,1,10,0.45655298163183033,16.684499502182007,1.0,0.136986301369863,1.0
100k,16,40,50,1,50,0.45655298163183033,16.684499502182007,0.34,0.2328767123287671,0.47838055435989374
100k,16,40,50,1,100,0.45655298163183033,16.684499502182007,0.21,0.2876712328767123,0.4069097924325454
100k,16,40,50,1,300,0.45655298163183033,16.684499502182007,0.09333333333333334,0.3835616438356164,0.4650187138211829
100k,16,40,50,1,500,0.45655298163183033,16.684499502182007,0.058,0.3972602739726027,0.47170230676047753
100k,16,40,50,1,1000,0.45655298163183033,16.684499502182007,0.029,0.3972602739726027,0.47170230676047753
100k,16,40,50,2,10,0.2986350154969841,16.684499502182007,0.5,0.07692307692307693,0.5884674004369673
100k,16,40,50,2,50,0.2986350154969841,16.684499502182007,0.36,0.27692307692307694,0.43082099342477265
100k,16,40,50,2,100,0.2986350154969841,16.684499502182007,0.23,0.35384615384615387,0.4112195653623231
100k,16,40,50,2,300,0.2986350154969841,16.684499502182007,0.11333333333333333,0.5230769230769231,0.5107263149092802
100k,16,40,50,2,500,0.2986350154969841,16.684499502182007,0.074,0.5692307692307692,0.5338445273994507
100k,16,40,50,2,1000,0.2986350154969841,16.684499502182007,0.037,0.5692307692307692,0.5338445273994507
100k,16,40,50,3,10,0.3383999865036458,16.684499502182007,0.2,0.2857142857142857,0.16945984979943973
100k,16,40,50,3,50,0.3383999865036458,16.684499502182007,0.12,0.8571428571428571,0.43794963478494925
100k,16,40,50,3,100,0.3383999865036458,16.684499502182007,0.06,0.8571428571428571,0.43794963478494925
100k,16,40,50,3,300,0.3383999865036458,16.684499502182007,0.02,0.8571428571428571,0.43794963478494925
100k,16,40,50,3,500,0.3383999865036458,16.684499502182007,0.012,0.8571428571428571,0.43794963478494925
100k,16,40,50,3,1000,0.3383999865036458,16.684499502182007,0.006,0.8571428571428571,0.43794963478494925
100k,16,40,50,4,10,0.3027339989785105,16.684499502182007,0.9,0.10975609756097561,0.9052116356304493
100k,16,40,50,4,50,0.3027339989785105,16.684499502182007,0.54,0.32926829268292684,0.631497397054878
100k,16,40,50,4,100,0.3027339989785105,16.684499502182007,0.34,0.4146341463414634,0.5079050303408664
100k,16,40,50,4,300,0.3027339989785105,16.684499502182007,0.20333333333333334,0.7439024390243902,0.7070755768130425
100k,16,40,50,4,500,0.3027339989785105,16.684499502182007,0.132,0.8048780487804879,0.7396823904898022
100k,16,40,50,4,1000,0.3027339989785105,16.684499502182007,0.066,0.8048780487804879,0.7396823904898022
100k,16,40,50,5,10,0.3119109896942973,16.684499502182007,1.0,0.11764705882352941,1.0
100k,16,40,50,5,50,0.3119109896942973,16.684499502182007,0.52,0.3058823529411765,0.6361366153059026
100k,16,40,50,5,100,0.3119109896942973,16.684499502182007,0.37,0.43529411764705883,0.5333090050605048
100k,16,40,50,5,300,0.3119109896942973,16.684499502182007,0.17,0.6,0.6373920056726765
100k,16,40,50,5,500,0.3119109896942973,16.684499502182007,0.106,0.6235294117647059,0.6499915968588345
100k,16,40,50,5,1000,0.3119109896942973,16.684499502182007,0.053,0.6235294117647059,0.6499915968588345
100k,16,40,50,11,10,0.360237987479195,16.684499502182007,0.2,0.06060606060606061,0.22400556151517553
100k,16,40,50,11,50,0.360237987479195,16.684499502182007,0.12,0.18181818181818182,0.18954467453216567
100k,16,40,50,11,100,0.360237987479195,16.684499502182007,0.11,0.3333333333333333,0.26820154996089784
100k,16,40,50,11,300,0.360237987479195,16.684499502182007,0.06,0.5454545454545454,0.3667861721735896
100k,16,40,50,11,500,0.360237987479195,16.684499502182007,0.038,0.5757575757575758,0.3786097234424736
100k,16,40,50,11,1000,0.360237987479195,16.684499502182007,0.019,0.5757575757575758,0.3786097234424736
100k,16,40,50,12,10,0.32504601404070854,16.684499502182007,0.0,0.0,0.0
100k,16,40,50,12,50,0.32504601404070854,16.684499502182007,0.0,0.0,0.0
100k,16,40,50,12,100,0.32504601404070854,16.684499502182007,0.0,0.0,0.0
100k,16,40,50,12,300,0.32504601404070854,16.684499502182007,0.006666666666666667,0.15384615384615385,0.050925784541927664
100k,16,40,50,12,500,0.32504601404070854,16.684499502182007,0.006,0.23076923076923078,0.07331560748367863
100k,16,40,50,12,1000,0.32504601404070854,16.684499502182007,0.003,0.23076923076923078,0.07331560748367863
100k,16,40,50,15,10,0.4036739992443472,16.684499502182007,0.0,0.0,0.0
100k,16,40,50,15,50,0.4036739992443472,16.684499502182007,0.0,0.0,0.0
100k,16,40,50,15,100,0.4036739992443472,16.684499502182007,0.0,0.0,0.0
100k,16,40,50,15,300,0.4036739992443472,16.684499502182007,0.016666666666666666,0.13157894736842105,0.06243259745339503
100k,16,40,50,15,500,0.4036739992443472,16.684499502182007,0.02,0.2631578947368421,0.11684653498004682
100k,16,40,50,15,1000,0.4036739992443472,16.684499502182007,0.011,0.2894736842105263,0.1269816594396416
100k,16,40,50,34,10,0.3389639896340668,16.684499502182007,0.0,0.0,0.0
100k,16,40,50,34,50,0.3389639896340668,16.684499502182007,0.0,0.0,0.0
100k,16,40,50,34,100,0.3389639896340668,16.684499502182007,0.02,0.05714285714285714,0.03367083312192427
100k,16,40,50,34,300,0.3389639896340668,16.684499502182007,0.03,0.2571428571428571,0.12449471661896254
100k,16,40,50,34,500,0.3389639896340668,16.684499502182007,0.026,0.37142857142857144,0.17051233969612514
100k,16,40,50,34,1000,0.3389639896340668,16.684499502182007,0.014,0.4,0.18149261210645573
100k,16,40,50,14,10,0.30012099887244403,16.684499502182007,0.0,0.0,0.0
100k,16,40,50,14,50,0.30012099887244403,16.684499502182007,0.0,0.0,0.0
100k,16,40,50,14,100,0.30012099887244403,16.684499502182007,0.01,0.021739130434782608,0.012639528801147775
100k,16,40,50,14,300,0.30012099887244403,16.684499502182007,0.023333333333333334,0.15217391304347827,0.07506340137851392
100k,16,40,50,14,500,0.30012099887244403,16.684499502182007,0.018,0.1956521739130435,0.09453828921948015
100k,16,40,50,14,1000,0.30012099887244403,16.684499502182007,0.009,0.1956521739130435,0.09453828921948015
100k,16,40,50,27,10,0.309381983242929,16.684499502182007,0.0,0.0,0.0
100k,16,40,50,27,50,0.309381983242929,16.684499502182007,0.0,0.0,0.0
100k,16,40,50,27,100,0.309381983242929,16.684499502182007,0.0,0.0,0.0
100k,16,40,50,27,300,0.309381983242929,16.684499502182007,0.01,0.09090909090909091,0.04091181612745526
100k,16,40,50,27,500,0.309381983242929,16.684499502182007,0.012,0.18181818181818182,0.07746190376788996
100k,16,40,50,27,1000,0.309381983242929,16.684499502182007,0.006,0.18181818181818182,0.07746190376788996
100k,16,40,50,66,10,0.28906299849040806,16.684499502182007,0.1,0.01818181818181818,0.06625422345438903
100k,16,40,50,66,50,0.28906299849040806,16.684499502182007,0.02,0.01818181818181818,0.02333976076433925
100k,16,40,50,66,100,0.28906299849040806,16.684499502182007,0.01,0.01818181818181818,0.021866577706041675
100k,16,40,50,66,300,0.28906299849040806,16.684499502182007,0.013333333333333334,0.07272727272727272,0.049477205616286955
100k,16,40,50,66,500,0.28906299849040806,16.684499502182007,0.016,0.14545454545454545,0.08322595910236263
100k,16,40,50,66,1000,0.28906299849040806,16.684499502182007,0.008,0.14545454545454545,0.08322595910236263
100k,16,40,50,72,10,0.3128930111415684,16.684499502182007,0.0,0.0,0.0
100k,16,40,50,72,50,0.3128930111415684,16.684499502182007,0.02,0.02702702702702703,0.01867164811791742
100k,16,40,50,72,100,0.3128930111415684,16.684499502182007,0.02,0.05405405405405406,0.03369733562322575
100k,16,40,50,72,300,0.3128930111415684,16.684499502182007,0.016666666666666666,0.13513513513513514,0.07082740988789128
100k,16,40,50,72,500,0.3128930111415684,16.684499502182007,0.012,0.16216216216216217,0.08213471606997419
100k,16,40,50,72,1000,0.3128930111415684,16.684499502182007,0.006,0.16216216216216217,0.08213471606997419
100k,16,40,50,99,10,0.30493902158923447,16.684499502182007,0.0,0.0,0.0
100k,16,40,50,99,50,0.30493902158923447,16.684499502182007,0.0,0.0,0.0
100k,16,40,50,99,100,0.30493902158923447,16.684499502182007,0.0,0.0,0.0
100k,16,40,50,99,300,0.30493902158923447,16.684499502182007,0.006666666666666667,0.09523809523809523,0.03713661909704919
100k,16,40,50,99,500,0.30493902158923447,16.684499502182007,0.004,0.09523809523809523,0.03713661909704919
100k,16,40,50,99,1000,0.30493902158923447,16.684499502182007,0.002,0.09523809523809523,0.03713661909704919
100k,16,40,50,101,10,0.3026519843842834,16.684499502182007,0.1,0.023255813953488372,0.22009176629808017
100k,16,40,50,101,50,0.3026519843842834,16.684499502182007,0.08,0.09302325581395349,0.14429839711959375
100k,16,40,50,101,100,0.3026519843842834,16.684499502182007,0.07,0.16279069767441862,0.18576724362348981
100k,16,40,50,101,300,0.3026519843842834,16.684499502182007,0.05,0.3488372093023256,0.27868457202998237
100k,16,40,50,101,500,0.3026519843842834,16.684499502182007,0.03,0.3488372093023256,0.27868457202998237
100k,16,40,50,101,1000,0.3026519843842834,16.684499502182007,0.015,0.3488372093023256,0.27868457202998237
100k,16,40,50,56,10,0.30784698901697993,16.684499502182007,0.0,0.0,0.0
100k,16,40,50,56,50,0.30784698901697993,16.684499502182007,0.0,0.0,0.0
100k,16,40,50,56,100,0.30784698901697993,16.684499502182007,0.03,0.058823529411764705,0.037862896573874164
100k,16,40,50,56,300,0.30784698901697993,16.684499502182007,0.04,0.23529411764705882,0.12680649032885918
100k,16,40,50,56,500,0.30784698901697993,16.684499502182007,0.036,0.35294117647058826,0.18161220452291288
100k,16,40,50,56,1000,0.30784698901697993,16.684499502182007,0.018,0.35294117647058826,0.18161220452291288
100k,16,40,50,82,10,0.33230200642719865,16.684499502182007,0.2,0.03225806451612903,0.1610425878239398
100k,16,40,50,82,50,0.33230200642719865,16.684499502182007,0.04,0.03225806451612903,0.056731409360920554
100k,16,40,50,82,100,0.33230200642719865,16.684499502182007,0.03,0.04838709677419355,0.06021412372141403
100k,16,40,50,82,300,0.33230200642719865,16.684499502182007,0.04666666666666667,0.22580645161290322,0.15681450722791618
100k,16,40,50,82,500,0.33230200642719865,16.684499502182007,0.054,0.43548387096774194,0.25830528330785246
100k,16,40,50,82,1000,0.33230200642719865,16.684499502182007,0.027,0.43548387096774194,0.25830528330785246
100k,16,40,50,91,10,0.31008198857307434,16.684499502182007,0.0,0.0,0.0
100k,16,40,50,91,50,0.31008198857307434,16.684499502182007,0.0,0.0,0.0
100k,16,40,50,91,100,0.31008198857307434,16.684499502182007,0.0,0.0,0.0
100k,16,40,50,91,300,0.31008198857307434,16.684499502182007,0.01,0.046875,0.02553967378188105
100k,16,40,50,91,500,0.31008198857307434,16.684499502182007,0.03,0.234375,0.1168383521623658
100k,16,40,50,91,1000,0.31008198857307434,16.684499502182007,0.015,0.234375,0.1168383521623658
100k,16,40,50,92,10,0.3385379968676716,16.684499502182007,0.0,0.0,0.0
100k,16,40,50,92,50,0.3385379968676716,16.684499502182007,0.0,0.0,0.0
100k,16,40,50,92,100,0.3385379968676716,16.684499502182007,0.0,0.0,0.0
100k,16,40,50,92,300,0.3385379968676716,16.684499502182007,0.01,0.047619047619047616,0.025379794888077484
100k,16,40,50,92,500,0.3385379968676716,16.684499502182007,0.018,0.14285714285714285,0.0708140392862708
100k,16,40,50,92,1000,0.3385379968676716,16.684499502182007,0.011,0.1746031746031746,0.08547905168160479
100k,16,40,100,1,10,0.7237399986479431,16.684499502182007,1.0,0.136986301369863,1.0
100k,16,40,100,1,50,0.7237399986479431,16.684499502182007,0.4,0.273972602739726,0.5373634628422757
100k,16,40,100,1,100,0.7237399986479431,16.684499502182007,0.24,0.3287671232876712,0.45310560969553026
100k,16,40,100,1,300,0.7237399986479431,16.684499502182007,0.12,0.4931506849315068,0.5487872945117395
100k,16,40,100,1,500,0.7237399986479431,16.684499502182007,0.076,0.5205479452054794,0.563252946801709
100k,16,40,100,1,1000,0.7237399986479431,16.684499502182007,0.04,0.547945205479452,0.5757423370718915
100k,16,40,100,2,10,0.38389599649235606,16.684499502182007,0.5,0.07692307692307693,0.5884674004369673
100k,16,40,100,2,50,0.38389599649235606,16.684499502182007,0.36,0.27692307692307694,0.43082099342477265
100k,16,40,100,2,100,0.38389599649235606,16.684499502182007,0.21,0.3230769230769231,0.391689546868961
100k,16,40,100,2,300,0.38389599649235606,16.684499502182007,0.11666666666666667,0.5384615384615384,0.5181992865488989
100k,16,40,100,2,500,0.38389599649235606,16.684499502182007,0.078,0.6,0.5481916713112558
100k,16,40,100,2,1000,0.38389599649235606,16.684499502182007,0.04,0.6153846153846154,0.5554060815746994
100k,16,40,100,3,10,0.46925898641347885,16.684499502182007,0.2,0.2857142857142857,0.16945984979943973
100k,16,40,100,3,50,0.46925898641347885,16.684499502182007,0.12,0.8571428571428571,0.43794963478494925
100k,16,40,100,3,100,0.46925898641347885,16.684499502182007,0.06,0.8571428571428571,0.43794963478494925
100k,16,40,100,3,300,0.46925898641347885,16.684499502182007,0.02,0.8571428571428571,0.43794963478494925
100k,16,40,100,3,500,0.46925898641347885,16.684499502182007,0.012,0.8571428571428571,0.43794963478494925
100k,16,40,100,3,1000,0.46925898641347885,16.684499502182007,0.006,0.8571428571428571,0.43794963478494925
100k,16,40,100,4,10,0.40120998164638877,16.684499502182007,0.9,0.10975609756097561,0.9052116356304493
100k,16,40,100,4,50,0.40120998164638877,16.684499502182007,0.54,0.32926829268292684,0.6301790849417432
100k,16,40,100,4,100,0.40120998164638877,16.684499502182007,0.33,0.4024390243902439,0.4980223521845798
100k,16,40,100,4,300,0.40120998164638877,16.684499502182007,0.19333333333333333,0.7073170731707317,0.6821138423706442
100k,16,40,100,4,500,0.40120998164638877,16.684499502182007,0.142,0.8658536585365854,0.7657491555984126
100k,16,40,100,4,1000,0.40120998164638877,16.684499502182007,0.073,0.8902439024390244,0.7779361133359987
100k,16,40,100,5,10,0.4588630108628422,16.684499502182007,1.0,0.11764705882352941,1.0
100k,16,40,100,5,50,0.4588630108628422,16.684499502182007,0.54,0.3176470588235294,0.650760117637129
100k,16,40,100,5,100,0.4588630108628422,16.684499502182007,0.39,0.4588235294117647,0.5515367297246128
100k,16,40,100,5,300,0.4588630108628422,16.684499502182007,0.18666666666666668,0.6588235294117647,0.6764373682679132
100k,16,40,100,5,500,0.4588630108628422,16.684499502182007,0.126,0.7411764705882353,0.7196012573828513
100k,16,40,100,5,1000,0.4588630108628422,16.684499502182007,0.064,0.7529411764705882,0.7254583856070526
100k,16,40,100,11,10,0.46527700033038855,16.684499502182007,0.2,0.06060606060606061,0.22400556151517553
100k,16,40,100,11,50,0.46527700033038855,16.684499502182007,0.12,0.18181818181818182,0.18864448449108387
100k,16,40,100,11,100,0.46527700033038855,16.684499502182007,0.09,0.2727272727272727,0.23523931808923343
100k,16,40,100,11,300,0.46527700033038855,16.684499502182007,0.06,0.5454545454545454,0.3623679280098099
100k,16,40,100,11,500,0.46527700033038855,16.684499502182007,0.038,0.5757575757575758,0.3747595696951744
100k,16,40,100,11,1000,0.46527700033038855,16.684499502182007,0.021,0.6363636363636364,0.3971184198146962
100k,16,40,100,12,10,0.46300599933601916,16.684499502182007,0.0,0.0,0.0
100k,16,40,100,12,50,0.46300599933601916,16.684499502182007,0.0,0.0,0.0
100k,16,40,100,12,100,0.46300599933601916,16.684499502182007,0.0,0.0,0.0
100k,16,40,100,12,300,0.46300599933601916,16.684499502182007,0.0033333333333333335,0.07692307692307693,0.027482533980607855
100k,16,40,100,12,500,0.46300599933601916,16.684499502182007,0.008,0.3076923076923077,0.09300644239272514
100k,16,40,100,12,1000,0.46300599933601916,16.684499502182007,0.006,0.46153846153846156,0.13424200642635975
100k,16,40,100,15,10,0.58405299205333,16.684499502182007,0.0,0.0,0.0
100k,16,40,100,15,50,0.58405299205333,16.684499502182007,0.0,0.0,0.0
100k,16,40,100,15,100,0.58405299205333,16.684499502182007,0.0,0.0,0.0
100k,16,40,100,15,300,0.58405299205333,16.684499502182007,0.016666666666666666,0.13157894736842105,0.06172769918720286
100k,16,40,100,15,500,0.58405299205333,16.684499502182007,0.016,0.21052631578947367,0.09397081452620284
100k,16,40,100,15,1000,0.58405299205333,16.684499502182007,0.015,0.39473684210526316,0.1639359653792369
100k,16,40,100,34,10,0.4929089918732643,16.684499502182007,0.0,0.0,0.0
100k,16,40,100,34,50,0.4929089918732643,16.684499502182007,0.0,0.0,0.0
100k,16,40,100,34,100,0.4929089918732643,16.684499502182007,0.03,0.08571428571428572,0.04907718470958313
100k,16,40,100,34,300,0.4929089918732643,16.684499502182007,0.03666666666666667,0.3142857142857143,0.15089343157944762
100k,16,40,100,34,500,0.4929089918732643,16.684499502182007,0.028,0.4,0.18479374196527887
100k,16,40,100,34,1000,0.4929089918732643,16.684499502182007,0.022,0.6285714285714286,0.26927729576159576
100k,16,40,100,14,10,0.4063700034748763,16.684499502182007,0.0,0.0,0.0
100k,16,40,100,14,50,0.4063700034748763,16.684499502182007,0.0,0.0,0.0
100k,16,40,100,14,100,0.4063700034748763,16.684499502182007,0.01,0.021739130434782608,0.012578092265636203
100k,16,40,100,14,300,0.4063700034748763,16.684499502182007,0.023333333333333334,0.15217391304347827,0.07555772848026619
100k,16,40,100,14,500,0.4063700034748763,16.684499502182007,0.028,0.30434782608695654,0.14193524786208678
100k,16,40,100,14,1000,0.4063700034748763,16.684499502182007,0.016,0.34782608695652173,0.16009691111748486
100k,16,40,100,27,10,0.40120401536114514,16.684499502182007,0.0,0.0,0.0
100k,16,40,100,27,50,0.40120401536114514,16.684499502182007,0.0,0.0,0.0
100k,16,40,100,27,100,0.40120401536114514,16.684499502182007,0.0,0.0,0.0
100k,16,40,100,27,300,0.40120401536114514,16.684499502182007,0.013333333333333334,0.12121212121212122,0.05351752591358714
100k,16,40,100,27,500,0.40120401536114514,16.684499502182007,0.016,0.24242424242424243,0.1008293848232952
100k,16,40,100,27,1000,0.40120401536114514,16.684499502182007,0.013,0.3939393939393939,0.15692771161814945
100k,16,40,100,66,10,0.38466398837044835,16.684499502182007,0.1,0.01818181818181818,0.06625422345438903
100k,16,40,100,66,50,0.38466398837044835,16.684499502182007,0.02,0.01818181818181818,0.02333976076433925
100k,16,40,100,66,100,0.38466398837044835,16.684499502182007,0.01,0.01818181818181818,0.021866577706041675
100k,16,40,100,66,300,0.38466398837044835,16.684499502182007,0.02,0.10909090909090909,0.06733942869405654
100k,16,40,100,66,500,0.38466398837044835,16.684499502182007,0.02,0.18181818181818182,0.10080478252501401
100k,16,40,100,66,1000,0.38466398837044835,16.684499502182007,0.018,0.32727272727272727,0.16412704617117177
100k,16,40,100,72,10,0.4838499880861491,16.684499502182007,0.0,0.0,0.0
100k,16,40,100,72,50,0.4838499880861491,16.684499502182007,0.02,0.02702702702702703,0.01867164811791742
100k,16,40,100,72,100,0.4838499880861491,16.684499502182007,0.02,0.05405405405405406,0.03337748008473161
100k,16,40,100,72,300,0.4838499880861491,16.684499502182007,0.02,0.16216216216216217,0.0814415528890298
100k,16,40,100,72,500,0.4838499880861491,16.684499502182007,0.018,0.24324324324324326,0.11434605604414046
100k,16,40,100,72,1000,0.4838499880861491,16.684499502182007,0.01,0.2702702702702703,0.12486480449889573
100k,16,40,100,99,10,0.391064997529611,16.684499502182007,0.0,0.0,0.0
100k,16,40,100,99,50,0.391064997529611,16.684499502182007,0.0,0.0,0.0
100k,16,40,100,99,100,0.391064997529611,16.684499502182007,0.0,0.0,0.0
100k,16,40,100,99,300,0.391064997529611,16.684499502182007,0.01,0.14285714285714285,0.05377451237033022
100k,16,40,100,99,500,0.391064997529611,16.684499502182007,0.012,0.2857142857142857,0.1012912876299443
100k,16,40,100,99,1000,0.391064997529611,16.684499502182007,0.006,0.2857142857142857,0.1012912876299443
100k,16,40,100,101,10,0.40363098378293216,16.684499502182007,0.1,0.023255813953488372,0.22009176629808017
100k,16,40,100,101,50,0.40363098378293216,16.684499502182007,0.08,0.09302325581395349,0.14429839711959375
100k,16,40,100,101,100,0.40363098378293216,16.684499502182007,0.07,0.16279069767441862,0.1855744381438684
100k,16,40,100,101,300,0.40363098378293216,16.684499502182007,0.06,0.4186046511627907,0.3129125203995343
100k,16,40,100,101,500,0.40363098378293216,16.684499502182007,0.048,0.5581395348837209,0.37339473493554964
100k,16,40,100,101,1000,0.40363098378293216,16.684499502182007,0.027,0.627906976744186,0.4018130674659478
100k,16,40,100,56,10,0.43916801223531365,16.684499502182007,0.0,0.0,0.0
100k,16,40,100,56,50,0.43916801223531365,16.684499502182007,0.0,0.0,0.0
100k,16,40,100,56,100,0.43916801223531365,16.684499502182007,0.02,0.0392156862745098,0.02618062936166921
100k,16,40,100,56,300,0.43916801223531365,16.684499502182007,0.03333333333333333,0.19607843137254902,0.10815397843410234
100k,16,40,100,56,500,0.43916801223531365,16.684499502182007,0.042,0.4117647058823529,0.20633289903847638
100k,16,40,100,56,1000,0.43916801223531365,16.684499502182007,0.021,0.4117647058823529,0.20633289903847638
100k,16,40,100,82,10,0.4260800196789205,16.684499502182007,0.2,0.03225806451612903,0.1487639058405727
100k,16,40,100,82,50,0.4260800196789205,16.684499502182007,0.04,0.03225806451612903,0.052405926621084654
100k,16,40,100,82,100,0.4260800196789205,16.684499502182007,0.03,0.04838709677419355,0.0563527355671429
100k,16,40,100,82,300,0.4260800196789205,16.684499502182007,0.043333333333333335,0.20967741935483872,0.1444563773056952
100k,16,40,100,82,500,0.4260800196789205,16.684499502182007,0.05,0.4032258064516129,0.23741052081787486
100k,16,40,100,82,1000,0.4260800196789205,16.684499502182007,0.038,0.6129032258064516,0.3329929157748533
100k,16,40,100,91,10,0.43165701208636165,16.684499502182007,0.0,0.0,0.0
100k,16,40,100,91,50,0.43165701208636165,16.684499502182007,0.0,0.0,0.0
100k,16,40,100,91,100,0.43165701208636165,16.684499502182007,0.0,0.0,0.0
100k,16,40,100,91,300,0.43165701208636165,16.684499502182007,0.006666666666666667,0.03125,0.016765858737471467
100k,16,40,100,91,500,0.43165701208636165,16.684499502182007,0.022,0.171875,0.0842971896885099
100k,16,40,100,91,1000,0.43165701208636165,16.684499502182007,0.021,0.328125,0.1545623898466569
100k,16,40,100,92,10,0.4640409897547215,16.684499502182007,0.0,0.0,0.0
100k,16,40,100,92,50,0.4640409897547215,16.684499502182007,0.0,0.0,0.0
100k,16,40,100,92,100,0.4640409897547215,16.684499502182007,0.0,0.0,0.0
100k,16,40,100,92,300,0.4640409897547215,16.684499502182007,0.013333333333333334,0.06349206349206349,0.032942105948836335
100k,16,40,100,92,500,0.4640409897547215,16.684499502182007,0.02,0.15873015873015872,0.07858596670497865
100k,16,40,100,92,1000,0.4640409897547215,16.684499502182007,0.027,0.42857142857142855,0.1991523382170562
100k,16,40,200,1,10,1.1171399964950979,16.684499502182007,1.0,0.136986301369863,1.0
100k,16,40,200,1,50,1.1171399964950979,16.684499502182007,0.5,0.3424657534246575,0.6180444968443364
100k,16,40,200,1,100,1.1171399964950979,16.684499502182007,0.28,0.3835616438356164,0.5050810371442758
100k,16,40,200,1,300,1.1171399964950979,16.684499502182007,0.13333333333333333,0.547945205479452,0.602234372582385
100k,16,40,200,1,500,1.1171399964950979,16.684499502182007,0.094,0.6438356164383562,0.6512694300752713
100k,16,40,200,1,1000,1.1171399964950979,16.684499502182007,0.049,0.6712328767123288,0.6635986289812617
100k,16,40,200,2,10,0.5424779956229031,16.684499502182007,0.5,0.07692307692307693,0.5884674004369673
100k,16,40,200,2,50,0.5424779956229031,16.684499502182007,0.36,0.27692307692307694,0.43082099342477265
100k,16,40,200,2,100,0.5424779956229031,16.684499502182007,0.21,0.3230769230769231,0.391689546868961
100k,16,40,200,2,300,0.5424779956229031,16.684499502182007,0.13,0.6,0.552702337460469
100k,16,40,200,2,500,0.5424779956229031,16.684499502182007,0.088,0.676923076923077,0.5899225786142022
100k,16,40,200,2,1000,0.5424779956229031,16.684499502182007,0.051,0.7846153846153846,0.638646966843192
100k,16,40,200,3,10,1.3617179938592017,16.684499502182007,0.2,0.2857142857142857,0.16945984979943973
100k,16,40,200,3,50,1.3617179938592017,16.684499502182007,0.12,0.8571428571428571,0.4363955046222898
100k,16,40,200,3,100,1.3617179938592017,16.684499502182007,0.06,0.8571428571428571,0.4363955046222898
100k,16,40,200,3,300,1.3617179938592017,16.684499502182007,0.02,0.8571428571428571,0.4363955046222898
100k,16,40,200,3,500,1.3617179938592017,16.684499502182007,0.012,0.8571428571428571,0.4363955046222898
100k,16,40,200,3,1000,1.3617179938592017,16.684499502182007,0.006,0.8571428571428571,0.4363955046222898
100k,16,40,200,4,10,0.5735140002798289,16.684499502182007,0.9,0.10975609756097561,0.9052116356304493
100k,16,40,200,4,50,0.5735140002798289,16.684499502182007,0.54,0.32926829268292684,0.6300385827924883
100k,16,40,200,4,100,0.5735140002798289,16.684499502182007,0.33,0.4024390243902439,0.4977572571683338
100k,16,40,200,4,300,0.5735140002798289,16.684499502182007,0.19,0.6951219512195121,0.6741020167805982
100k,16,40,200,4,500,0.5735140002798289,16.684499502182007,0.138,0.8414634146341463,0.751087507648647
100k,16,40,200,4,1000,0.5735140002798289,16.684499502182007,0.078,0.9512195121951219,0.8044637036268045
100k,16,40,200,5,10,0.6890629883855581,16.684499502182007,1.0,0.11764705882352941,1.0
100k,16,40,200,5,50,0.6890629883855581,16.684499502182007,0.52,0.3058823529411765,0.636549647229996
100k,16,40,200,5,100,0.6890629883855581,16.684499502182007,0.36,0.4235294117647059,0.526302007956462
100k,16,40,200,5,300,0.6890629883855581,16.684499502182007,0.18666666666666668,0.6588235294117647,0.6764611954787024
100k,16,40,200,5,500,0.6890629883855581,16.684499502182007,0.132,0.7764705882352941,0.7391180505731472
100k,16,40,200,5,1000,0.6890629883855581,16.684499502182007,0.076,0.8941176470588236,0.7966826362816308
100k,16,40,200,11,10,0.7221020059660077,16.684499502182007,0.2,0.06060606060606061,0.22400556151517553
100k,16,40,200,11,50,0.7221020059660077,16.684499502182007,0.12,0.18181818181818182,0.18764369750091386
100k,16,40,200,11,100,0.7221020059660077,16.684499502182007,0.08,0.24242424242424243,0.21856782685742282
100k,16,40,200,11,300,0.7221020059660077,16.684499502182007,0.06666666666666667,0.6060606060606061,0.38468647431886305
100k,16,40,200,11,500,0.7221020059660077,16.684499502182007,0.048,0.7272727272727273,0.43293228505901804
100k,16,40,200,11,1000,0.7221020059660077,16.684499502182007,0.027,0.8181818181818182,0.46540679849738575
100k,16,40,200,12,10,0.6290149758569896,16.684499502182007,0.0,0.0,0.0
100k,16,40,200,12,50,0.6290149758569896,16.684499502182007,0.0,0.0,0.0
100k,16,40,200,12,100,0.6290149758569896,16.684499502182007,0.0,0.0,0.0
100k,16,40,200,12,300,0.6290149758569896,16.684499502182007,0.0033333333333333335,0.07692307692307693,0.02743029665168498
100k,16,40,200,12,500,0.6290149758569896,16.684499502182007,0.008,0.3076923076923077,0.0918659724906027
100k,16,40,200,12,1000,0.6290149758569896,16.684499502182007,0.008,0.6153846153846154,0.1721742096829959
100k,16,40,200,15,10,0.8634559926576912,16.684499502182007,0.0,0.0,0.0
100k,16,40,200,15,50,0.8634559926576912,16.684499502182007,0.0,0.0,0.0
100k,16,40,200,15,100,0.8634559926576912,16.684499502182007,0.0,0.0,0.0
100k,16,40,200,15,300,0.8634559926576912,16.684499502182007,0.023333333333333334,0.18421052631578946,0.08462458248930661
100k,16,40,200,15,500,0.8634559926576912,16.684499502182007,0.02,0.2631578947368421,0.11705546674966594
100k,16,40,200,15,1000,0.8634559926576912,16.684499502182007,0.021,0.5526315789473685,0.22501067286957296
100k,16,40,200,34,10,0.7577850192319602,16.684499502182007,0.0,0.0,0.0
100k,16,40,200,34,50,0.7577850192319602,16.684499502182007,0.0,0.0,0.0
100k,16,40,200,34,100,0.7577850192319602,16.684499502182007,0.03,0.08571428571428572,0.048853118776402485
100k,16,40,200,34,300,0.7577850192319602,16.684499502182007,0.03,0.2571428571428571,0.1255200988262601
100k,16,40,200,34,500,0.7577850192319602,16.684499502182007,0.026,0.37142857142857144,0.17147997561500564
100k,16,40,200,34,1000,0.7577850192319602,16.684499502182007,0.023,0.6571428571428571,0.2760758264656878
100k,16,40,200,14,10,0.5990010104142129,16.684499502182007,0.0,0.0,0.0
100k,16,40,200,14,50,0.5990010104142129,16.684499502182007,0.02,0.021739130434782608,0.015029763154055293
100k,16,40,200,14,100,0.5990010104142129,16.684499502182007,0.01,0.021739130434782608,0.015029763154055293
100k,16,40,200,14,300,0.5990010104142129,16.684499502182007,0.023333333333333334,0.15217391304347827,0.08061941626101349
100k,16,40,200,14,500,0.5990010104142129,16.684499502182007,0.026,0.2826086956521739,0.1380815162509472
100k,16,40,200,14,1000,0.5990010104142129,16.684499502182007,0.023,0.5,0.22552052038172477
100k,16,40,200,27,10,0.5376449844334275,16.684499502182007,0.0,0.0,0.0
100k,16,40,200,27,50,0.5376449844334275,16.684499502182007,0.0,0.0,0.0
100k,16,40,200,27,100,0.5376449844334275,16.684499502182007,0.0,0.0,0.0
100k,16,40,200,27,300,0.5376449844334275,16.684499502182007,0.013333333333333334,0.12121212121212122,0.0529329460815638
100k,16,40,200,27,500,0.5376449844334275,16.684499502182007,0.016,0.24242424242424243,0.10013849403662095
100k,16,40,200,27,1000,0.5376449844334275,16.684499502182007,0.016,0.48484848484848486,0.18751702232587278
100k,16,40,200,66,10,0.5420040106400847,16.684499502182007,0.1,0.01818181818181818,0.06625422345438903
100k,16,40,200,66,50,0.5420040106400847,16.684499502182007,0.02,0.01818181818181818,0.02333976076433925
100k,16,40,200,66,100,0.5420040106400847,16.684499502182007,0.01,0.01818181818181818,0.021866577706041675
100k,16,40,200,66,300,0.5420040106400847,16.684499502182007,0.013333333333333334,0.07272727272727272,0.04952292530771472
100k,16,40,200,66,500,0.5420040106400847,16.684499502182007,0.018,0.16363636363636364,0.09194758215300879
100k,16,40,200,66,1000,0.5420040106400847,16.684499502182007,0.029,0.5272727272727272,0.24537481122343321
100k,16,40,200,72,10,0.7674759835936129,16.684499502182007,0.0,0.0,0.0
100k,16,40,200,72,50,0.7674759835936129,16.684499502182007,0.02,0.02702702702702703,0.018519414052801508
100k,16,40,200,72,100,0.7674759835936129,16.684499502182007,0.02,0.05405405405405406,0.033151802459512734
100k,16,40,200,72,300,0.7674759835936129,16.684499502182007,0.016666666666666666,0.13513513513513514,0.06888616532367221
100k,16,40,200,72,500,0.7674759835936129,16.684499502182007,0.016,0.21621621621621623,0.10186093245888565
100k,16,40,200,72,1000,0.7674759835936129,16.684499502182007,0.016,0.43243243243243246,0.183726817887359
100k,16,40,200,99,10,0.5595510010607541,16.684499502182007,0.0,0.0,0.0
100k,16,40,200,99,50,0.5595510010607541,16.684499502182007,0.0,0.0,0.0
100k,16,40,200,99,100,0.5595510010607541,16.684499502182007,0.0,0.0,0.0
100k,16,40,200,99,300,0.5595510010607541,16.684499502182007,0.016666666666666666,0.23809523809523808,0.08733084006560077
100k,16,40,200,99,500,0.5595510010607541,16.684499502182007,0.016,0.38095238095238093,0.13423360441355023
100k,16,40,200,99,1000,0.5595510010607541,16.684499502182007,0.011,0.5238095238095238,0.1785812706182723
100k,16,40,200,101,10,0.5842410027980804,16.684499502182007,0.1,0.023255813953488372,0.22009176629808017
100k,16,40,200,101,50,0.5842410027980804,16.684499502182007,0.08,0.09302325581395349,0.14429839711959375
100k,16,40,200,101,100,0.5842410027980804,16.684499502182007,0.07,0.16279069767441862,0.18541751511116783
100k,16,40,200,101,300,0.5842410027980804,16.684499502182007,0.06,0.4186046511627907,0.3121553597197175
100k,16,40,200,101,500,0.5842410027980804,16.684499502182007,0.056,0.6511627906976745,0.41235988502388216
100k,16,40,200,101,1000,0.5842410027980804,16.684499502182007,0.038,0.8837209302325582,0.5054790914034406
100k,16,40,200,56,10,0.6144870130810887,16.684499502182007,0.0,0.0,0.0
100k,16,40,200,56,50,0.6144870130810887,16.684499502182007,0.0,0.0,0.0
100k,16,40,200,56,100,0.6144870130810887,16.684499502182007,0.02,0.0392156862745098,0.025968906571411033
100k,16,40,200,56,300,0.6144870130810887,16.684499502182007,0.03333333333333333,0.19607843137254902,0.10697455317470156
100k,16,40,200,56,500,0.6144870130810887,16.684499502182007,0.038,0.37254901960784315,0.18687552067248245
100k,16,40,200,56,1000,0.6144870130810887,16.684499502182007,0.026,0.5098039215686274,0.24414814890874978
100k,16,40,200,82,10,0.6051189848221838,16.684499502182007,0.2,0.03225806451612903,0.1487639058405727
100k,16,40,200,82,50,0.6051189848221838,16.684499502182007,0.04,0.03225806451612903,0.052405926621084654
100k,16,40,200,82,100,0.6051189848221838,16.684499502182007,0.03,0.04838709677419355,0.05623129269476047
100k,16,40,200,82,300,0.6051189848221838,16.684499502182007,0.04,0.1935483870967742,0.13488682767544596
100k,16,40,200,82,500,0.6051189848221838,16.684499502182007,0.042,0.3387096774193548,0.20405038648078633
100k,16,40,200,82,1000,0.6051189848221838,16.684499502182007,0.048,0.7741935483870968,0.3953991450833558
100k,16,40,200,91,10,0.6872139929328114,16.684499502182007,0.0,0.0,0.0
100k,16,40,200,91,50,0.6872139929328114,16.684499502182007,0.0,0.0,0.0
100k,16,40,200,91,100,0.6872139929328114,16.684499502182007,0.0,0.0,0.0
100k,16,40,200,91,300,0.6872139929328114,16.684499502182007,0.006666666666666667,0.03125,0.01653792409136548
100k,16,40,200,91,500,0.6872139929328114,16.684499502182007,0.014,0.109375,0.05363235884682839
100k,16,40,200,91,1000,0.6872139929328114,16.684499502182007,0.022,0.34375,0.1576866805818069
100k,16,40,200,92,10,0.6702520186081529,16.684499502182007,0.0,0.0,0.0
100k,16,40,200,92,50,0.6702520186081529,16.684499502182007,0.0,0.0,0.0
100k,16,40,200,92,100,0.6702520186081529,16.684499502182007,0.0,0.0,0.0
100k,16,40,200,92,300,0.6702520186081529,16.684499502182007,0.006666666666666667,0.031746031746031744,0.016439057803261613
100k,16,40,200,92,500,0.6702520186081529,16.684499502182007,0.018,0.14285714285714285,0.07021270378444829
100k,16,40,200,92,1000,0.6702520186081529,16.684499502182007,0.029,0.4603174603174603,0.20888106293306197
100k,16,40,500,1,10,1.9498009933158755,16.684499502182007,1.0,0.136986301369863,1.0
100k,16,40,500,1,50,1.9498009933158755,16.684499502182007,0.5,0.3424657534246575,0.6179753074939828
100k,16,40,500,1,100,1.9498009933158755,16.684499502182007,0.28,0.3835616438356164,0.5046158436727333
100k,16,40,500,1,300,1.9498009933158755,16.684499502182007,0.14,0.5753424657534246,0.6152300374710996
100k,16,40,500,1,500,1.9498009933158755,16.684499502182007,0.096,0.6575342465753424,0.6563501034043653
100k,16,40,500,1,1000,1.9498009933158755,16.684499502182007,0.055,0.7534246575342466,0.7009990572935293
100k,16,40,500,2,10,0.8529190090484917,16.684499502182007,0.5,0.07692307692307693,0.5884674004369673
100k,16,40,500,2,50,0.8529190090484917,16.684499502182007,0.36,0.27692307692307694,0.43082099342477265
100k,16,40,500,2,100,0.8529190090484917,16.684499502182007,0.21,0.3230769230769231,0.391689546868961
100k,16,40,500,2,300,0.8529190090484917,16.684499502182007,0.13333333333333333,0.6153846153846154,0.5602764947827537
100k,16,40,500,2,500,0.8529190090484917,16.684499502182007,0.088,0.676923076923077,0.5898889324743336
100k,16,40,500,2,1000,0.8529190090484917,16.684499502182007,0.064,0.9846153846153847,0.7259096947710387
100k,16,40,500,3,10,1.3831329997628927,16.684499502182007,0.2,0.2857142857142857,0.16945984979943973
100k,16,40,500,3,50,1.3831329997628927,16.684499502182007,0.12,0.8571428571428571,0.4363955046222898
100k,16,40,500,3,100,1.3831329997628927,16.684499502182007,0.06,0.8571428571428571,0.4363955046222898
100k,16,40,500,3,300,1.3831329997628927,16.684499502182007,0.02,0.8571428571428571,0.4363955046222898
100k,16,40,500,3,500,1.3831329997628927,16.684499502182007,0.012,0.8571428571428571,0.4363955046222898
100k,16,40,500,3,1000,1.3831329997628927,16.684499502182007,0.006,0.8571428571428571,0.4363955046222898
100k,16,40,500,4,10,0.8258970046881586,16.684499502182007,0.9,0.10975609756097561,0.9052116356304493
100k,16,40,500,4,50,0.8258970046881586,16.684499502182007,0.54,0.32926829268292684,0.6300385827924883
100k,16,40,500,4,100,0.8258970046881586,16.684499502182007,0.33,0.4024390243902439,0.4977572571683338
100k,16,40,500,4,300,0.8258970046881586,16.684499502182007,0.19,0.6951219512195121,0.6742793500951237
100k,16,40,500,4,500,0.8258970046881586,16.684499502182007,0.14,0.8536585365853658,0.7578165534981564
100k,16,40,500,4,1000,0.8258970046881586,16.684499502182007,0.082,1.0,0.8282697273063477
100k,16,40,500,5,10,1.2167149980086833,16.684499502182007,1.0,0.11764705882352941,1.0
100k,16,40,500,5,50,1.2167149980086833,16.684499502182007,0.52,0.3058823529411765,0.636549647229996
100k,16,40,500,5,100,1.2167149980086833,16.684499502182007,0.36,0.4235294117647059,0.526302007956462
100k,16,40,500,5,300,1.2167149980086833,16.684499502182007,0.18666666666666668,0.6588235294117647,0.6764145134768539
100k,16,40,500,5,500,1.2167149980086833,16.684499502182007,0.134,0.788235294117647,0.7454098831167724
100k,16,40,500,5,1000,1.2167149980086833,16.684499502182007,0.079,0.9294117647058824,0.814520807518592
100k,16,40,500,11,10,1.234807015862316,16.684499502182007,0.2,0.06060606060606061,0.22400556151517553
100k,16,40,500,11,50,1.234807015862316,16.684499502182007,0.12,0.18181818181818182,0.18764369750091386
100k,16,40,500,11,100,1.234807015862316,16.684499502182007,0.08,0.24242424242424243,0.22009637795211168
100k,16,40,500,11,300,1.234807015862316,16.684499502182007,0.06666666666666667,0.6060606060606061,0.39036083283791767
100k,16,40,500,11,500,1.234807015862316,16.684499502182007,0.052,0.7878787878787878,0.4626121762031469
100k,16,40,500,11,1000,1.234807015862316,16.684499502182007,0.03,0.9090909090909091,0.5053680174606597
100k,16,40,500,12,10,1.0870529804378748,16.684499502182007,0.0,0.0,0.0
100k,16,40,500,12,50,1.0870529804378748,16.684499502182007,0.0,0.0,0.0
100k,16,40,500,12,100,1.0870529804378748,16.684499502182007,0.0,0.0,0.0
100k,16,40,500,12,300,1.0870529804378748,16.684499502182007,0.0033333333333333335,0.07692307692307693,0.02743029665168498
100k,16,40,500,12,500,1.0870529804378748,16.684499502182007,0.008,0.3076923076923077,0.09079728749301585
100k,16,40,500,12,1000,1.0870529804378748,16.684499502182007,0.009,0.6923076923076923,0.1881249813454537
100k,16,40,500,15,10,1.3745329924859107,16.684499502182007,0.0,0.0,0.0
100k,16,40,500,15,50,1.3745329924859107,16.684499502182007,0.0,0.0,0.0
100k,16,40,500,15,100,1.3745329924859107,16.684499502182007,0.0,0.0,0.0
100k,16,40,500,15,300,1.3745329924859107,16.684499502182007,0.023333333333333334,0.18421052631578946,0.08423491207671137
100k,16,40,500,15,500,1.3745329924859107,16.684499502182007,0.022,0.2894736842105263,0.1275303861905478
100k,16,40,500,15,1000,1.3745329924859107,16.684499502182007,0.021,0.5526315789473685,0.2263589332183243
100k,16,40,500,34,10,1.1925029975827783,16.684499502182007,0.0,0.0,0.0
100k,16,40,500,34,50,1.1925029975827783,16.684499502182007,0.0,0.0,0.0
100k,16,40,500,34,100,1.1925029975827783,16.684499502182007,0.03,0.08571428571428572,0.04867649378333724
100k,16,40,500,34,300,1.1925029975827783,16.684499502182007,0.02666666666666667,0.22857142857142856,0.11312049192833183
100k,16,40,500,34,500,1.1925029975827783,16.684499502182007,0.026,0.37142857142857144,0.1706342163673324
100k,16,40,500,34,1000,1.1925029975827783,16.684499502182007,0.026,0.7428571428571429,0.30462309622660977
100k,16,40,500,14,10,0.924680003663525,16.684499502182007,0.0,0.0,0.0
100k,16,40,500,14,50,0.924680003663525,16.684499502182007,0.02,0.021739130434782608,0.015029763154055293
100k,16,40,500,14,100,0.924680003663525,16.684499502182007,0.01,0.021739130434782608,0.015029763154055293
100k,16,40,500,14,300,0.924680003663525,16.684499502182007,0.023333333333333334,0.15217391304347827,0.08076922514536596
100k,16,40,500,14,500,0.924680003663525,16.684499502182007,0.03,0.32608695652173914,0.15694575666407956
100k,16,40,500,14,1000,0.924680003663525,16.684499502182007,0.034,0.7391304347826086,0.3195040104706699
100k,16,40,500,27,10,0.8435320050921291,16.684499502182007,0.0,0.0,0.0
100k,16,40,500,27,50,0.8435320050921291,16.684499502182007,0.0,0.0,0.0
100k,16,40,500,27,100,0.8435320050921291,16.684499502182007,0.0,0.0,0.0
100k,16,40,500,27,300,0.8435320050921291,16.684499502182007,0.01,0.09090909090909091,0.04024339134382188
100k,16,40,500,27,500,0.8435320050921291,16.684499502182007,0.016,0.24242424242424243,0.09939492354428647
100k,16,40,500,27,1000,0.8435320050921291,16.684499502182007,0.018,0.5454545454545454,0.2063413027078367
100k,16,40,500,66,10,0.9040010045282543,16.684499502182007,0.1,0.01818181818181818,0.06625422345438903
100k,16,40,500,66,50,0.9040010045282543,16.684499502182007,0.02,0.01818181818181818,0.02333976076433925
100k,16,40,500,66,100,0.9040010045282543,16.684499502182007,0.01,0.01818181818181818,0.021866577706041675
100k,16,40,500,66,300,0.9040010045282543,16.684499502182007,0.01,0.05454545454545454,0.04065812511140027
100k,16,40,500,66,500,0.9040010045282543,16.684499502182007,0.018,0.16363636363636364,0.09199343831178985
100k,16,40,500,66,1000,0.9040010045282543,16.684499502182007,0.037,0.6727272727272727,0.30353995896532293
100k,16,40,500,72,10,1.353892992483452,16.684499502182007,0.0,0.0,0.0
100k,16,40,500,72,50,1.353892992483452,16.684499502182007,0.02,0.02702702702702703,0.018519414052801508
100k,16,40,500,72,100,1.353892992483452,16.684499502182007,0.02,0.05405405405405406,0.03311595884818344
100k,16,40,500,72,300,1.353892992483452,16.684499502182007,0.02,0.16216216216216217,0.08019226089121932
100k,16,40,500,72,500,1.353892992483452,16.684499502182007,0.016,0.21621621621621623,0.10227550354322208
100k,16,40,500,72,1000,1.353892992483452,16.684499502182007,0.018,0.4864864864864865,0.20228785799645005
100k,16,40,500,99,10,1.163137989351526,16.684499502182007,0.0,0.0,0.0
100k,16,40,500,99,50,1.163137989351526,16.684499502182007,0.0,0.0,0.0
100k,16,40,500,99,100,1.163137989351526,16.684499502182007,0.0,0.0,0.0
100k,16,40,500,99,300,1.163137989351526,16.684499502182007,0.013333333333333334,0.19047619047619047,0.06982825218375818
100k,16,40,500,99,500,1.163137989351526,16.684499502182007,0.012,0.2857142857142857,0.1022365045229166
100k,16,40,500,99,1000,1.163137989351526,16.684499502182007,0.011,0.5238095238095238,0.1758375431225783
100k,16,40,500,101,10,0.9035730035975575,16.684499502182007,0.1,0.023255813953488372,0.22009176629808017
100k,16,40,500,101,50,0.9035730035975575,16.684499502182007,0.08,0.09302325581395349,0.14429839711959375
100k,16,40,500,101,100,0.9035730035975575,16.684499502182007,0.07,0.16279069767441862,0.18541751511116783
100k,16,40,500,101,300,0.9035730035975575,16.684499502182007,0.06,0.4186046511627907,0.3121553597197175
100k,16,40,500,101,500,0.9035730035975575,16.684499502182007,0.056,0.6511627906976745,0.4121688936588837
100k,16,40,500,101,1000,0.9035730035975575,16.684499502182007,0.042,0.9767441860465116,0.5409408047473183
100k,16,40,500,56,10,1.0518160124775022,16.684499502182007,0.0,0.0,0.0
100k,16,40,500,56,50,1.0518160124775022,16.684499502182007,0.0,0.0,0.0
100k,16,40,500,56,100,1.0518160124775022,16.684499502182007,0.02,0.0392156862745098,0.025968906571411033
100k,16,40,500,56,300,1.0518160124775022,16.684499502182007,0.03333333333333333,0.19607843137254902,0.10706161699773818
100k,16,40,500,56,500,1.0518160124775022,16.684499502182007,0.042,0.4117647058823529,0.204449391365184
100k,16,40,500,56,1000,1.0518160124775022,16.684499502182007,0.039,0.7647058823529411,0.34847096057263455
100k,16,40,500,82,10,0.8389069989789277,16.684499502182007,0.2,0.03225806451612903,0.1487639058405727
100k,16,40,500,82,50,0.8389069989789277,16.684499502182007,0.04,0.03225806451612903,0.052405926621084654
100k,16,40,500,82,100,0.8389069989789277,16.684499502182007,0.03,0.04838709677419355,0.05623129269476047
100k,16,40,500,82,300,0.8389069989789277,16.684499502182007,0.03666666666666667,0.1774193548387097,0.12661922524646232
100k,16,40,500,82,500,0.8389069989789277,16.684499502182007,0.042,0.3387096774193548,0.20422332451322173
100k,16,40,500,82,1000,0.8389069989789277,16.684499502182007,0.057,0.9193548387096774,0.4564922158014284
100k,16,40,500,91,10,1.253095018910244,16.684499502182007,0.0,0.0,0.0
100k,16,40,500,91,50,1.253095018910244,16.684499502182007,0.0,0.0,0.0
100k,16,40,500,91,100,1.253095018910244,16.684499502182007,0.0,0.0,0.0
100k,16,40,500,91,300,1.253095018910244,16.684499502182007,0.01,0.046875,0.024622836714077147
100k,16,40,500,91,500,1.253095018910244,16.684499502182007,0.014,0.109375,0.054920518111428125
100k,16,40,500,91,1000,1.253095018910244,16.684499502182007,0.026,0.40625,0.1868057187508059
100k,16,40,500,92,10,1.0467400134075433,16.684499502182007,0.0,0.0,0.0
100k,16,40,500,92,50,1.0467400134075433,16.684499502182007,0.0,0.0,0.0
100k,16,40,500,92,100,1.0467400134075433,16.684499502182007,0.0,0.0,0.0
100k,16,40,500,92,300,1.0467400134075433,16.684499502182007,0.006666666666666667,0.031746031746031744,0.01634103066680923
100k,16,40,500,92,500,1.0467400134075433,16.684499502182007,0.012,0.09523809523809523,0.047693171655271566
100k,16,40,500,92,1000,1.0467400134075433,16.684499502182007,0.032,0.5079365079365079,0.2280915346661297
100k,16,40,1000,1,10,3.155059996061027,16.684499502182007,1.0,0.136986301369863,1.0
100k,16,40,1000,1,50,3.155059996061027,16.684499502182007,0.5,0.3424657534246575,0.6179753074939828
100k,16,40,1000,1,100,3.155059996061027,16.684499502182007,0.29,0.3972602739726027,0.5139112521277712
100k,16,40,1000,1,300,3.155059996061027,16.684499502182007,0.14333333333333334,0.589041095890411,0.623765766858651
100k,16,40,1000,1,500,3.155059996061027,16.684499502182007,0.098,0.6712328767123288,0.6647005108039239
100k,16,40,1000,1,1000,3.155059996061027,16.684499502182007,0.055,0.7534246575342466,0.703512253165542
100k,16,40,1000,2,10,1.416966988472268,16.684499502182007,0.5,0.07692307692307693,0.5884674004369673
100k,16,40,1000,2,50,1.416966988472268,16.684499502182007,0.36,0.27692307692307694,0.43082099342477265
100k,16,40,1000,2,100,1.416966988472268,16.684499502182007,0.21,0.3230769230769231,0.391689546868961
100k,16,40,1000,2,300,1.416966988472268,16.684499502182007,0.13333333333333333,0.6153846153846154,0.5602612377375555
100k,16,40,1000,2,500,1.416966988472268,16.684499502182007,0.088,0.676923076923077,0.5898622276580545
100k,16,40,1000,2,1000,1.416966988472268,16.684499502182007,0.062,0.9538461538461539,0.7122658787902333
100k,16,40,1000,3,10,2.1669729903806,16.684499502182007,0.2,0.2857142857142857,0.16945984979943973
100k,16,40,1000,3,50,2.1669729903806,16.684499502182007,0.12,0.8571428571428571,0.4363955046222898
100k,16,40,1000,3,100,2.1669729903806,16.684499502182007,0.07,1.0,0.47884263989191905
100k,16,40,1000,3,300,2.1669729903806,16.684499502182007,0.023333333333333334,1.0,0.47884263989191905
100k,16,40,1000,3,500,2.1669729903806,16.684499502182007,0.014,1.0,0.47884263989191905
100k,16,40,1000,3,1000,2.1669729903806,16.684499502182007,0.007,1.0,0.47884263989191905
100k,16,40,1000,4,10,1.2788200110662729,16.684499502182007,0.9,0.10975609756097561,0.9052116356304493
100k,16,40,1000,4,50,1.2788200110662729,16.684499502182007,0.54,0.32926829268292684,0.6300385827924883
100k,16,40,1000,4,100,1.2788200110662729,16.684499502182007,0.33,0.4024390243902439,0.4977572571683338
100k,16,40,1000,4,300,1.2788200110662729,16.684499502182007,0.19,0.6951219512195121,0.6741457935183487
100k,16,40,1000,4,500,1.2788200110662729,16.684499502182007,0.14,0.8536585365853658,0.7576321431607163
100k,16,40,1000,4,1000,1.2788200110662729,16.684499502182007,0.082,1.0,0.8279664212310377
100k,16,40,1000,5,10,2.02924499171786,16.684499502182007,1.0,0.11764705882352941,1.0
100k,16,40,1000,5,50,2.02924499171786,16.684499502182007,0.52,0.3058823529411765,0.636549647229996
100k,16,40,1000,5,100,2.02924499171786,16.684499502182007,0.36,0.4235294117647059,0.526302007956462
100k,16,40,1000,5,300,2.02924499171786,16.684499502182007,0.18666666666666668,0.6588235294117647,0.6764049410892298
100k,16,40,1000,5,500,2.02924499171786,16.684499502182007,0.136,0.8,0.7513533403911128
100k,16,40,1000,5,1000,2.02924499171786,16.684499502182007,0.08,0.9411764705882353,0.8205676669664109
100k,16,40,1000,11,10,1.9919629849027842,16.684499502182007,0.2,0.06060606060606061,0.22400556151517553
100k,16,40,1000,11,50,1.9919629849027842,16.684499502182007,0.12,0.18181818181818182,0.18749945268738646
100k,16,40,1000,11,100,1.9919629849027842,16.684499502182007,0.08,0.24242424242424243,0.2198235085913309
100k,16,40,1000,11,300,1.9919629849027842,16.684499502182007,0.06666666666666667,0.6060606060606061,0.389574417774713
100k,16,40,1000,11,500,1.9919629849027842,16.684499502182007,0.052,0.7878787878787878,0.4616754294476702
100k,16,40,1000,11,1000,1.9919629849027842,16.684499502182007,0.029,0.8787878787878788,0.4939355564626816
100k,16,40,1000,12,10,1.7072120099328458,16.684499502182007,0.0,0.0,0.0
100k,16,40,1000,12,50,1.7072120099328458,16.684499502182007,0.0,0.0,0.0
100k,16,40,1000,12,100,1.7072120099328458,16.684499502182007,0.0,0.0,0.0
100k,16,40,1000,12,300,1.7072120099328458,16.684499502182007,0.0033333333333333335,0.07692307692307693,0.02743029665168498
100k,16,40,1000,12,500,1.7072120099328458,16.684499502182007,0.008,0.3076923076923077,0.09067872014162245
100k,16,40,1000,12,1000,1.7072120099328458,16.684499502182007,0.008,0.6153846153846154,0.16859726571016134
100k,16,40,1000,15,10,1.9154889741912484,16.684499502182007,0.0,0.0,0.0
100k,16,40,1000,15,50,1.9154889741912484,16.684499502182007,0.0,0.0,0.0
100k,16,40,1000,15,100,1.9154889741912484,16.684499502182007,0.0,0.0,0.0
100k,16,40,1000,15,300,1.9154889741912484,16.684499502182007,0.023333333333333334,0.18421052631578946,0.08423491207671137
100k,16,40,1000,15,500,1.9154889741912484,16.684499502182007,0.022,0.2894736842105263,0.12841952861232003
100k,16,40,1000,15,1000,1.9154889741912484,16.684499502182007,0.024,0.631578947368421,0.25723150319099886
100k,16,40,1000,34,10,1.6410220123361796,16.684499502182007,0.0,0.0,0.0
100k,16,40,1000,34,50,1.6410220123361796,16.684499502182007,0.0,0.0,0.0
100k,16,40,1000,34,100,1.6410220123361796,16.684499502182007,0.03,0.08571428571428572,0.04867649378333724
100k,16,40,1000,34,300,1.6410220123361796,16.684499502182007,0.02666666666666667,0.22857142857142856,0.11311247839726783
100k,16,40,1000,34,500,1.6410220123361796,16.684499502182007,0.026,0.37142857142857144,0.1705742912900792
100k,16,40,1000,34,1000,1.6410220123361796,16.684499502182007,0.025,0.7142857142857143,0.2943084268597497
100k,16,40,1000,14,10,1.368317985907197,16.684499502182007,0.0,0.0,0.0
100k,16,40,1000,14,50,1.368317985907197,16.684499502182007,0.02,0.021739130434782608,0.015029763154055293
100k,16,40,1000,14,100,1.368317985907197,16.684499502182007,0.01,0.021739130434782608,0.015029763154055293
100k,16,40,1000,14,300,1.368317985907197,16.684499502182007,0.023333333333333334,0.15217391304347827,0.08065552843931538
100k,16,40,1000,14,500,1.368317985907197,16.684499502182007,0.03,0.32608695652173914,0.15668845001438808
100k,16,40,1000,14,1000,1.368317985907197,16.684499502182007,0.036,0.782608695652174,0.3353122099538295
100k,16,40,1000,27,10,1.420962973497808,16.684499502182007,0.0,0.0,0.0
100k,16,40,1000,27,50,1.420962973497808,16.684499502182007,0.0,0.0,0.0
100k,16,40,1000,27,100,1.420962973497808,16.684499502182007,0.0,0.0,0.0
100k,16,40,1000,27,300,1.420962973497808,16.684499502182007,0.01,0.09090909090909091,0.04024339134382188
100k,16,40,1000,27,500,1.420962973497808,16.684499502182007,0.016,0.24242424242424243,0.0993568608313877
100k,16,40,1000,27,1000,1.420962973497808,16.684499502182007,0.02,0.6060606060606061,0.227214577313915
100k,16,40,1000,66,10,1.8112270045094192,16.684499502182007,0.1,0.01818181818181818,0.06625422345438903
100k,16,40,1000,66,50,1.8112270045094192,16.684499502182007,0.02,0.01818181818181818,0.02333976076433925
100k,16,40,1000,66,100,1.8112270045094192,16.684499502182007,0.01,0.01818181818181818,0.021866577706041675
100k,16,40,1000,66,300,1.8112270045094192,16.684499502182007,0.01,0.05454545454545454,0.04065812511140027
100k,16,40,1000,66,500,1.8112270045094192,16.684499502182007,0.018,0.16363636363636364,0.09198011348722275
100k,16,40,1000,66,1000,1.8112270045094192,16.684499502182007,0.036,0.6545454545454545,0.29596525174925287
100k,16,40,1000,72,10,2.4025330203585327,16.684499502182007,0.0,0.0,0.0
100k,16,40,1000,72,50,2.4025330203585327,16.684499502182007,0.02,0.02702702702702703,0.018519414052801508
100k,16,40,1000,72,100,2.4025330203585327,16.684499502182007,0.02,0.05405405405405406,0.03304594853969079
100k,16,40,1000,72,300,2.4025330203585327,16.684499502182007,0.016666666666666666,0.13513513513513514,0.0684631260218717
100k,16,40,1000,72,500,2.4025330203585327,16.684499502182007,0.018,0.24324324324324326,0.11323901015964707
100k,16,40,1000,72,1000,2.4025330203585327,16.684499502182007,0.018,0.4864864864864865,0.20251774396608035
100k,16,40,1000,99,10,1.7772639985196292,16.684499502182007,0.0,0.0,0.0
100k,16,40,1000,99,50,1.7772639985196292,16.684499502182007,0.0,0.0,0.0
100k,16,40,1000,99,100,1.7772639985196292,16.684499502182007,0.0,0.0,0.0
100k,16,40,1000,99,300,1.7772639985196292,16.684499502182007,0.013333333333333334,0.19047619047619047,0.06982825218375818
100k,16,40,1000,99,500,1.7772639985196292,16.684499502182007,0.012,0.2857142857142857,0.10221143857627558
100k,16,40,1000,99,1000,1.7772639985196292,16.684499502182007,0.012,0.5714285714285714,0.19026003706240002
100k,16,40,1000,101,10,1.620616007130593,16.684499502182007,0.1,0.023255813953488372,0.22009176629808017
100k,16,40,1000,101,50,1.620616007130593,16.684499502182007,0.08,0.09302325581395349,0.14429839711959375
100k,16,40,1000,101,100,1.620616007130593,16.684499502182007,0.07,0.16279069767441862,0.18541751511116783
100k,16,40,1000,101,300,1.620616007130593,16.684499502182007,0.06,0.4186046511627907,0.3121553597197175
100k,16,40,1000,101,500,1.620616007130593,16.684499502182007,0.056,0.6511627906976745,0.4121653957950622
100k,16,40,1000,101,1000,1.620616007130593,16.684499502182007,0.042,0.9767441860465116,0.5406176050873991
100k,16,40,1000,56,10,1.7118309915531427,16.684499502182007,0.0,0.0,0.0
100k,16,40,1000,56,50,1.7118309915531427,16.684499502182007,0.0,0.0,0.0
100k,16,40,1000,56,100,1.7118309915531427,16.684499502182007,0.02,0.0392156862745098,0.02586278489915839
100k,16,40,1000,56,300,1.7118309915531427,16.684499502182007,0.03333333333333333,0.19607843137254902,0.10686432904771995
100k,16,40,1000,56,500,1.7118309915531427,16.684499502182007,0.042,0.4117647058823529,0.20416171669475103
100k,16,40,1000,56,1000,1.7118309915531427,16.684499502182007,0.04,0.7843137254901961,0.3554665446879671
100k,16,40,1000,82,10,1.2597150052897632,16.684499502182007,0.2,0.03225806451612903,0.1487639058405727
100k,16,40,1000,82,50,1.2597150052897632,16.684499502182007,0.04,0.03225806451612903,0.052405926621084654
100k,16,40,1000,82,100,1.2597150052897632,16.684499502182007,0.03,0.04838709677419355,0.05623129269476047
100k,16,40,1000,82,300,1.2597150052897632,16.684499502182007,0.03666666666666667,0.1774193548387097,0.12661922524646232
100k,16,40,1000,82,500,1.2597150052897632,16.684499502182007,0.042,0.3387096774193548,0.20422332451322173
100k,16,40,1000,82,1000,1.2597150052897632,16.684499502182007,0.053,0.8548387096774194,0.4293599766328162
100k,16,40,1000,91,10,1.9794069812633097,16.684499502182007,0.0,0.0,0.0
100k,16,40,1000,91,50,1.9794069812633097,16.684499502182007,0.0,0.0,0.0
100k,16,40,1000,91,100,1.9794069812633097,16.684499502182007,0.0,0.0,0.0
100k,16,40,1000,91,300,1.9794069812633097,16.684499502182007,0.01,0.046875,0.024583332203885096
100k,16,40,1000,91,500,1.9794069812633097,16.684499502182007,0.014,0.109375,0.05480110396310774
100k,16,40,1000,91,1000,1.9794069812633097,16.684499502182007,0.024,0.375,0.17288911964818982
100k,16,40,1000,92,10,1.4888109872117639,16.684499502182007,0.0,0.0,0.0
100k,16,40,1000,92,50,1.4888109872117639,16.684499502182007,0.0,0.0,0.0
100k,16,40,1000,92,100,1.4888109872117639,16.684499502182007,0.0,0.0,0.0
100k,16,40,1000,92,300,1.4888109872117639,16.684499502182007,0.006666666666666667,0.031746031746031744,0.016319840029073527
100k,16,40,1000,92,500,1.4888109872117639,16.684499502182007,0.012,0.09523809523809523,0.047618647990730956
100k,16,40,1000,92,1000,1.4888109872117639,16.684499502182007,0.035,0.5555555555555556,0.24720411661326477
100k,32,200,10,1,10,0.4549459845293313,93.57597613334656,0.7,0.0958904109589041,0.800693766409882
100k,32,200,10,1,50,0.4549459845293313,93.57597613334656,0.28,0.1917808219178082,0.3930535691417542
100k,32,200,10,1,100,0.4549459845293313,93.57597613334656,0.19,0.2602739726027397,0.3516088090183269
100k,32,200,10,1,300,0.4549459845293313,93.57597613334656,0.08,0.3287671232876712,0.39310314787254635
100k,32,200,10,1,500,0.4549459845293313,93.57597613334656,0.048,0.3287671232876712,0.39310314787254635
100k,32,200,10,1,1000,0.4549459845293313,93.57597613334656,0.024,0.3287671232876712,0.39310314787254635
100k,32,200,10,2,10,0.24542302708141506,93.57597613334656,0.5,0.07692307692307693,0.5517854393872873
100k,32,200,10,2,50,0.24542302708141506,93.57597613334656,0.3,0.23076923076923078,0.3710805870694569
100k,32,200,10,2,100,0.24542302708141506,93.57597613334656,0.24,0.36923076923076925,0.40385960659239883
100k,32,200,10,2,300,0.24542302708141506,93.57597613334656,0.11333333333333333,0.5230769230769231,0.49216920551527965
100k,32,200,10,2,500,0.24542302708141506,93.57597613334656,0.068,0.5230769230769231,0.49216920551527965
100k,32,200,10,2,1000,0.24542302708141506,93.57597613334656,0.034,0.5230769230769231,0.49216920551527965
100k,32,200,10,3,10,0.2708060201257467,93.57597613334656,0.2,0.2857142857142857,0.16945984979943973
100k,32,200,10,3,50,0.2708060201257467,93.57597613334656,0.12,0.8571428571428571,0.4374943903492497
100k,32,200,10,3,100,0.2708060201257467,93.57597613334656,0.07,1.0,0.48219156692785836
100k,32,200,10,3,300,0.2708060201257467,93.57597613334656,0.023333333333333334,1.0,0.48219156692785836
100k,32,200,10,3,500,0.2708060201257467,93.57597613334656,0.014,1.0,0.48219156692785836
100k,32,200,10,3,1000,0.2708060201257467,93.57597613334656,0.007,1.0,0.48219156692785836
100k,32,200,10,4,10,0.27082901215180755,93.57597613334656,0.9,0.10975609756097561,0.9052116356304493
100k,32,200,10,4,50,0.27082901215180755,93.57597613334656,0.42,0.25609756097560976,0.5338683553344277
100k,32,200,10,4,100,0.27082901215180755,93.57597613334656,0.27,0.32926829268292684,0.43195238894367427
100k,32,200,10,4,300,0.27082901215180755,93.57597613334656,0.13,0.47560975609756095,0.5229197363544961
100k,32,200,10,4,500,0.27082901215180755,93.57597613334656,0.08,0.4878048780487805,0.5295655268165681
100k,32,200,10,4,1000,0.27082901215180755,93.57597613334656,0.04,0.4878048780487805,0.5295655268165681
100k,32,200,10,5,10,0.1978929794859141,93.57597613334656,1.0,0.11764705882352941,1.0
100k,32,200,10,5,50,0.1978929794859141,93.57597613334656,0.46,0.27058823529411763,0.5892909339916601
100k,32,200,10,5,100,0.1978929794859141,93.57597613334656,0.29,0.3411764705882353,0.4611951435157684
100k,32,200,10,5,300,0.1978929794859141,93.57597613334656,0.11333333333333333,0.4,0.49917465328851734
100k,32,200,10,5,500,0.1978929794859141,93.57597613334656,0.068,0.4,0.49917465328851734
100k,32,200,10,5,1000,0.1978929794859141,93.57597613334656,0.034,0.4,0.49917465328851734
100k,32,200,10,11,10,0.2554179809521884,93.57597613334656,0.2,0.06060606060606061,0.22400556151517553
100k,32,200,10,11,50,0.2554179809521884,93.57597613334656,0.12,0.18181818181818182,0.19261893390940318
100k,32,200,10,11,100,0.2554179809521884,93.57597613334656,0.11,0.3333333333333333,0.274036588525934
100k,32,200,10,11,300,0.2554179809521884,93.57597613334656,0.04666666666666667,0.42424242424242425,0.3163215532745069
100k,32,200,10,11,500,0.2554179809521884,93.57597613334656,0.028,0.42424242424242425,0.3163215532745069
100k,32,200,10,11,1000,0.2554179809521884,93.57597613334656,0.014,0.42424242424242425,0.3163215532745069
100k,32,200,10,12,10,0.24124502670019865,93.57597613334656,0.0,0.0,0.0
100k,32,200,10,12,50,0.24124502670019865,93.57597613334656,0.0,0.0,0.0
100k,32,200,10,12,100,0.24124502670019865,93.57597613334656,0.0,0.0,0.0
100k,32,200,10,12,300,0.24124502670019865,93.57597613334656,0.0033333333333333335,0.07692307692307693,0.026548632846983715
100k,32,200,10,12,500,0.24124502670019865,93.57597613334656,0.002,0.07692307692307693,0.026548632846983715
100k,32,200,10,12,1000,0.24124502670019865,93.57597613334656,0.001,0.07692307692307693,0.026548632846983715
100k,32,200,10,15,10,0.2955450036097318,93.57597613334656,0.0,0.0,0.0
100k,32,200,10,15,50,0.2955450036097318,93.57597613334656,0.0,0.0,0.0
100k,32,200,10,15,100,0.2955450036097318,93.57597613334656,0.0,0.0,0.0
100k,32,200,10,15,300,0.2955450036097318,93.57597613334656,0.02666666666666667,0.21052631578947367,0.09664811850811689
100k,32,200,10,15,500,0.2955450036097318,93.57597613334656,0.016,0.21052631578947367,0.09664811850811689
100k,32,200,10,15,1000,0.2955450036097318,93.57597613334656,0.008,0.21052631578947367,0.09664811850811689
100k,32,200,10,34,10,0.2501610142644495,93.57597613334656,0.0,0.0,0.0
100k,32,200,10,34,50,0.2501610142644495,93.57597613334656,0.02,0.02857142857142857,0.018398884225268027
100k,32,200,10,34,100,0.2501610142644495,93.57597613334656,0.01,0.02857142857142857,0.018398884225268027
100k,32,200,10,34,300,0.2501610142644495,93.57597613334656,0.02,0.17142857142857143,0.08546877966734893
100k,32,200,10,34,500,0.2501610142644495,93.57597613334656,0.014,0.2,0.09732663687453594
100k,32,200,10,34,1000,0.2501610142644495,93.57597613334656,0.007,0.2,0.09732663687453594
100k,32,200,10,14,10,0.24168199161067605,93.57597613334656,0.0,0.0,0.0
100k,32,200,10,14,50,0.24168199161067605,93.57597613334656,0.02,0.021739130434782608,0.01840009472080506
100k,32,200,10,14,100,0.24168199161067605,93.57597613334656,0.01,0.021739130434782608,0.01840009472080506
100k,32,200,10,14,300,0.24168199161067605,93.57597613334656,0.02666666666666667,0.17391304347826086,0.09782159785802418
100k,32,200,10,14,500,0.24168199161067605,93.57597613334656,0.016,0.17391304347826086,0.09782159785802418
100k,32,200,10,14,1000,0.24168199161067605,93.57597613334656,0.008,0.17391304347826086,0.09782159785802418
100k,32,200,10,27,10,0.23951599723659456,93.57597613334656,0.0,0.0,0.0
100k,32,200,10,27,50,0.23951599723659456,93.57597613334656,0.0,0.0,0.0
100k,32,200,10,27,100,0.23951599723659456,93.57597613334656,0.01,0.030303030303030304,0.015827860604236566
100k,32,200,10,27,300,0.23951599723659456,93.57597613334656,0.013333333333333334,0.12121212121212122,0.05834483392973251
100k,32,200,10,27,500,0.23951599723659456,93.57597613334656,0.008,0.12121212121212122,0.05834483392973251
100k,32,200,10,27,1000,0.23951599723659456,93.57597613334656,0.004,0.12121212121212122,0.05834483392973251
100k,32,200,10,66,10,0.23192600929178298,93.57597613334656,0.1,0.01818181818181818,0.06625422345438903
100k,32,200,10,66,50,0.23192600929178298,93.57597613334656,0.02,0.01818181818181818,0.02333976076433925
100k,32,200,10,66,100,0.23192600929178298,93.57597613334656,0.01,0.01818181818181818,0.021866577706041675
100k,32,200,10,66,300,0.23192600929178298,93.57597613334656,0.01,0.05454545454545454,0.04061675684944411
100k,32,200,10,66,500,0.23192600929178298,93.57597613334656,0.006,0.05454545454545454,0.04061675684944411
100k,32,200,10,66,1000,0.23192600929178298,93.57597613334656,0.003,0.05454545454545454,0.04061675684944411
100k,32,200,10,72,10,0.24408299941569567,93.57597613334656,0.0,0.0,0.0
100k,32,200,10,72,50,0.24408299941569567,93.57597613334656,0.0,0.0,0.0
100k,32,200,10,72,100,0.24408299941569567,93.57597613334656,0.01,0.02702702702702703,0.015715605916658694
100k,32,200,10,72,300,0.24408299941569567,93.57597613334656,0.016666666666666666,0.13513513513513514,0.06631499775370978
100k,32,200,10,72,500,0.24408299941569567,93.57597613334656,0.01,0.13513513513513514,0.06631499775370978
100k,32,200,10,72,1000,0.24408299941569567,93.57597613334656,0.005,0.13513513513513514,0.06631499775370978
100k,32,200,10,99,10,0.22350798826664686,93.57597613334656,0.0,0.0,0.0
100k,32,200,10,99,50,0.22350798826664686,93.57597613334656,0.0,0.0,0.0
100k,32,200,10,99,100,0.22350798826664686,93.57597613334656,0.0,0.0,0.0
100k,32,200,10,99,300,0.22350798826664686,93.57597613334656,0.01,0.14285714285714285,0.05627800485414819
100k,32,200,10,99,500,0.22350798826664686,93.57597613334656,0.006,0.14285714285714285,0.05627800485414819
100k,32,200,10,99,1000,0.22350798826664686,93.57597613334656,0.003,0.14285714285714285,0.05627800485414819
100k,32,200,10,101,10,0.23178098490461707,93.57597613334656,0.1,0.023255813953488372,0.22009176629808017
100k,32,200,10,101,50,0.23178098490461707,93.57597613334656,0.06,0.06976744186046512,0.12830947034239443
100k,32,200,10,101,100,0.23178098490461707,93.57597613334656,0.08,0.18604651162790697,0.19810484266284942
100k,32,200,10,101,300,0.23178098490461707,93.57597613334656,0.043333333333333335,0.3023255813953488,0.25788172720386643
100k,32,200,10,101,500,0.23178098490461707,93.57597613334656,0.026,0.3023255813953488,0.25788172720386643
100k,32,200,10,101,1000,0.23178098490461707,93.57597613334656,0.013,0.3023255813953488,0.25788172720386643
100k,32,200,10,56,10,0.21365098655223846,93.57597613334656,0.0,0.0,0.0
100k,32,200,10,56,50,0.21365098655223846,93.57597613334656,0.02,0.0196078431372549,0.014883136784092805
100k,32,200,10,56,100,0.21365098655223846,93.57597613334656,0.03,0.058823529411764705,0.04013361135102376
100k,32,200,10,56,300,0.21365098655223846,93.57597613334656,0.013333333333333334,0.0784313725490196,0.05111480313856095
100k,32,200,10,56,500,0.21365098655223846,93.57597613334656,0.008,0.0784313725490196,0.05111480313856095
100k,32,200,10,56,1000,0.21365098655223846,93.57597613334656,0.004,0.0784313725490196,0.05111480313856095
100k,32,200,10,82,10,0.24007898173294961,93.57597613334656,0.2,0.03225806451612903,0.15139734109601002
100k,32,200,10,82,50,0.24007898173294961,93.57597613334656,0.04,0.03225806451612903,0.05333362217988321
100k,32,200,10,82,100,0.24007898173294961,93.57597613334656,0.04,0.06451612903225806,0.06636750574051901
100k,32,200,10,82,300,0.24007898173294961,93.57597613334656,0.056666666666666664,0.27419354838709675,0.17812154424627705
100k,32,200,10,82,500,0.24007898173294961,93.57597613334656,0.034,0.27419354838709675,0.17812154424627705
100k,32,200,10,82,1000,0.24007898173294961,93.57597613334656,0.017,0.27419354838709675,0.17812154424627705
100k,32,200,10,91,10,0.2196640125475824,93.57597613334656,0.0,0.0,0.0
100k,32,200,10,91,50,0.2196640125475824,93.57597613334656,0.0,0.0,0.0
100k,32,200,10,91,100,0.2196640125475824,93.57597613334656,0.0,0.0,0.0
100k,32,200,10,91,300,0.2196640125475824,93.57597613334656,0.016666666666666666,0.078125,0.04460610711379716
100k,32,200,10,91,500,0.2196640125475824,93.57597613334656,0.01,0.078125,0.04460610711379716
100k,32,200,10,91,1000,0.2196640125475824,93.57597613334656,0.005,0.078125,0.04460610711379716
100k,32,200,10,92,10,0.24625100195407867,93.57597613334656,0.0,0.0,0.0
100k,32,200,10,92,50,0.24625100195407867,93.57597613334656,0.0,0.0,0.0
100k,32,200,10,92,100,0.24625100195407867,93.57597613334656,0.0,0.0,0.0
100k,32,200,10,92,300,0.24625100195407867,93.57597613334656,0.01,0.047619047619047616,0.02597936203740524
100k,32,200,10,92,500,0.24625100195407867,93.57597613334656,0.008,0.06349206349206349,0.033914627930353776
100k,32,200,10,92,1000,0.24625100195407867,93.57597613334656,0.004,0.06349206349206349,0.033914627930353776
100k,32,200,50,1,10,0.7407859957311302,93.57597613334656,1.0,0.136986301369863,1.0
100k,32,200,50,1,50,0.7407859957311302,93.57597613334656,0.4,0.273972602739726,0.5357696388036831
100k,32,200,50,1,100,0.7407859957311302,93.57597613334656,0.25,0.3424657534246575,0.4612774240176283
100k,32,200,50,1,300,0.7407859957311302,93.57597613334656,0.13,0.5342465753424658,0.5748806935787814
100k,32,200,50,1,500,0.7407859957311302,93.57597613334656,0.086,0.589041095890411,0.6029543685068698
100k,32,200,50,1,1000,0.7407859957311302,93.57597613334656,0.044,0.6027397260273972,0.6091990625627792
100k,32,200,50,2,10,0.4479069903027266,93.57597613334656,0.5,0.07692307692307693,0.5517854393872873
100k,32,200,50,2,50,0.4479069903027266,93.57597613334656,0.36,0.27692307692307694,0.414247542485619
100k,32,200,50,2,100,0.4479069903027266,93.57597613334656,0.24,0.36923076923076925,0.4073359875922085
100k,32,200,50,2,300,0.4479069903027266,93.57597613334656,0.12666666666666668,0.5846153846153846,0.5315330068144669
100k,32,200,50,2,500,0.4479069903027266,93.57597613334656,0.1,0.7692307692307693,0.6208797937134308
100k,32,200,50,2,1000,0.4479069903027266,93.57597613334656,0.053,0.8153846153846154,0.6421750320241351
100k,32,200,50,3,10,0.525392999406904,93.57597613334656,0.2,0.2857142857142857,0.16945984979943973
100k,32,200,50,3,50,0.525392999406904,93.57597613334656,0.12,0.8571428571428571,0.4363955046222898
100k,32,200,50,3,100,0.525392999406904,93.57597613334656,0.07,1.0,0.47905866519344764
100k,32,200,50,3,300,0.525392999406904,93.57597613334656,0.023333333333333334,1.0,0.47905866519344764
100k,32,200,50,3,500,0.525392999406904,93.57597613334656,0.014,1.0,0.47905866519344764
100k,32,200,50,3,1000,0.525392999406904,93.57597613334656,0.007,1.0,0.47905866519344764
100k,32,200,50,4,10,0.5004470003768802,93.57597613334656,0.9,0.10975609756097561,0.9052116356304493
100k,32,200,50,4,50,0.5004470003768802,93.57597613334656,0.54,0.32926829268292684,0.6300385827924883
100k,32,200,50,4,100,0.5004470003768802,93.57597613334656,0.32,0.3902439024390244,0.4896681268885788
100k,32,200,50,4,300,0.5004470003768802,93.57597613334656,0.18666666666666668,0.6829268292682927,0.6664810860752323
100k,32,200,50,4,500,0.5004470003768802,93.57597613334656,0.14,0.8536585365853658,0.756822290610362
100k,32,200,50,4,1000,0.5004470003768802,93.57597613334656,0.074,0.9024390243902439,0.780999457620808
100k,32,200,50,5,10,0.4995829949621111,93.57597613334656,1.0,0.11764705882352941,1.0
100k,32,200,50,5,50,0.4995829949621111,93.57597613334656,0.52,0.3058823529411765,0.636549647229996
100k,32,200,50,5,100,0.4995829949621111,93.57597613334656,0.37,0.43529411764705883,0.5345461529930373
100k,32,200,50,5,300,0.4995829949621111,93.57597613334656,0.18333333333333332,0.6470588235294118,0.6652943124187695
100k,32,200,50,5,500,0.4995829949621111,93.57597613334656,0.12,0.7058823529411765,0.6961400543436805
100k,32,200,50,5,1000,0.4995829949621111,93.57597613334656,0.061,0.7176470588235294,0.7020053262331764
100k,32,200,50,11,10,0.5155620165169239,93.57597613334656,0.2,0.06060606060606061,0.22400556151517553
100k,32,200,50,11,50,0.5155620165169239,93.57597613334656,0.12,0.18181818181818182,0.18833696253038046
100k,32,200,50,11,100,0.5155620165169239,93.57597613334656,0.09,0.2727272727272727,0.23486071800370953
100k,32,200,50,11,300,0.5155620165169239,93.57597613334656,0.056666666666666664,0.5151515151515151,0.34452620953667557
100k,32,200,50,11,500,0.5155620165169239,93.57597613334656,0.038,0.5757575757575758,0.3684652237378794
100k,32,200,50,11,1000,0.5155620165169239,93.57597613334656,0.019,0.5757575757575758,0.3684652237378794
100k,32,200,50,12,10,0.5709969846066087,93.57597613334656,0.0,0.0,0.0
100k,32,200,50,12,50,0.5709969846066087,93.57597613334656,0.0,0.0,0.0
100k,32,200,50,12,100,0.5709969846066087,93.57597613334656,0.0,0.0,0.0
100k,32,200,50,12,300,0.5709969846066087,93.57597613334656,0.0033333333333333335,0.07692307692307693,0.02775415764594842
100k,32,200,50,12,500,0.5709969846066087,93.57597613334656,0.004,0.15384615384615385,0.04967149770410316
100k,32,200,50,12,1000,0.5709969846066087,93.57597613334656,0.002,0.15384615384615385,0.04967149770410316
100k,32,200,50,15,10,0.6115669966675341,93.57597613334656,0.0,0.0,0.0
100k,32,200,50,15,50,0.6115669966675341,93.57597613334656,0.0,0.0,0.0
100k,32,200,50,15,100,0.6115669966675341,93.57597613334656,0.0,0.0,0.0
100k,32,200,50,15,300,0.6115669966675341,93.57597613334656,0.023333333333333334,0.18421052631578946,0.08531398698745521
100k,32,200,50,15,500,0.6115669966675341,93.57597613334656,0.026,0.34210526315789475,0.14951937526047945
100k,32,200,50,15,1000,0.6115669966675341,93.57597613334656,0.019,0.5,0.20879857716702913
100k,32,200,50,34,10,0.5195099802222103,93.57597613334656,0.0,0.0,0.0
100k,32,200,50,34,50,0.5195099802222103,93.57597613334656,0.0,0.0,0.0
100k,32,200,50,34,100,0.5195099802222103,93.57597613334656,0.03,0.08571428571428572,0.049046954281997936
100k,32,200,50,34,300,0.5195099802222103,93.57597613334656,0.03,0.2571428571428571,0.12548665434058923
100k,32,200,50,34,500,0.5195099802222103,93.57597613334656,0.026,0.37142857142857144,0.17071802948360718
100k,32,200,50,34,1000,0.5195099802222103,93.57597613334656,0.021,0.6,0.2560542089520302
100k,32,200,50,14,10,0.4648460017051548,93.57597613334656,0.0,0.0,0.0
100k,32,200,50,14,50,0.4648460017051548,93.57597613334656,0.02,0.021739130434782608,0.01552463952337434
100k,32,200,50,14,100,0.4648460017051548,93.57597613334656,0.01,0.021739130434782608,0.01552463952337434
100k,32,200,50,14,300,0.4648460017051548,93.57597613334656,0.03333333333333333,0.21739130434782608,0.11151862611684388
100k,32,200,50,14,500,0.4648460017051548,93.57597613334656,0.032,0.34782608695652173,0.1685024324844907
100k,32,200,50,14,1000,0.4648460017051548,93.57597613334656,0.02,0.43478260869565216,0.20473622892604554
100k,32,200,50,27,10,0.47264000750146806,93.57597613334656,0.0,0.0,0.0
100k,32,200,50,27,50,0.47264000750146806,93.57597613334656,0.0,0.0,0.0
100k,32,200,50,27,100,0.47264000750146806,93.57597613334656,0.0,0.0,0.0
100k,32,200,50,27,300,0.47264000750146806,93.57597613334656,0.01,0.09090909090909091,0.040159721170731896
100k,32,200,50,27,500,0.47264000750146806,93.57597613334656,0.02,0.30303030303030304,0.12385881208835399
100k,32,200,50,27,1000,0.47264000750146806,93.57597613334656,0.011,0.3333333333333333,0.13494489956327366
100k,32,200,50,66,10,0.46011499944143,93.57597613334656,0.1,0.01818181818181818,0.06625422345438903
100k,32,200,50,66,50,0.46011499944143,93.57597613334656,0.02,0.01818181818181818,0.02333976076433925
100k,32,200,50,66,100,0.46011499944143,93.57597613334656,0.01,0.01818181818181818,0.021866577706041675
100k,32,200,50,66,300,0.46011499944143,93.57597613334656,0.016666666666666666,0.09090909090909091,0.05864751438611477
100k,32,200,50,66,500,0.46011499944143,93.57597613334656,0.016,0.14545454545454545,0.0841028955093297
100k,32,200,50,66,1000,0.46011499944143,93.57597613334656,0.011,0.2,0.10817423029388229
100k,32,200,50,72,10,0.5437640065792948,93.57597613334656,0.0,0.0,0.0
100k,32,200,50,72,50,0.5437640065792948,93.57597613334656,0.02,0.02702702702702703,0.018519414052801508
100k,32,200,50,72,100,0.5437640065792948,93.57597613334656,0.02,0.05405405405405406,0.03311595884818344
100k,32,200,50,72,300,0.5437640065792948,93.57597613334656,0.02,0.16216216216216217,0.08121898471776386
100k,32,200,50,72,500,0.5437640065792948,93.57597613334656,0.02,0.2702702702702703,0.12499182843374765
100k,32,200,50,72,1000,0.5437640065792948,93.57597613334656,0.012,0.32432432432432434,0.1457664505073379
100k,32,200,50,99,10,0.44642502325586975,93.57597613334656,0.0,0.0,0.0
100k,32,200,50,99,50,0.44642502325586975,93.57597613334656,0.0,0.0,0.0
100k,32,200,50,99,100,0.44642502325586975,93.57597613334656,0.0,0.0,0.0
100k,32,200,50,99,300,0.44642502325586975,93.57597613334656,0.01,0.14285714285714285,0.05403500352141941
100k,32,200,50,99,500,0.44642502325586975,93.57597613334656,0.014,0.3333333333333333,0.11726977334193672
100k,32,200,50,99,1000,0.44642502325586975,93.57597613334656,0.007,0.3333333333333333,0.11726977334193672
100k,32,200,50,101,10,0.4605730064213276,93.57597613334656,0.1,0.023255813953488372,0.22009176629808017
100k,32,200,50,101,50,0.4605730064213276,93.57597613334656,0.08,0.09302325581395349,0.14429839711959375
100k,32,200,50,101,100,0.4605730064213276,93.57597613334656,0.07,0.16279069767441862,0.1855744381438684
100k,32,200,50,101,300,0.4605730064213276,93.57597613334656,0.06666666666666667,0.46511627906976744,0.33466572948232437
100k,32,200,50,101,500,0.4605730064213276,93.57597613334656,0.056,0.6511627906976745,0.41588780656843527
100k,32,200,50,101,1000,0.4605730064213276,93.57597613334656,0.03,0.6976744186046512,0.43496961939655515
100k,32,200,50,56,10,0.4968229914084077,93.57597613334656,0.0,0.0,0.0
100k,32,200,50,56,50,0.4968229914084077,93.57597613334656,0.0,0.0,0.0
100k,32,200,50,56,100,0.4968229914084077,93.57597613334656,0.02,0.0392156862745098,0.026128560158383118
100k,32,200,50,56,300,0.4968229914084077,93.57597613334656,0.03666666666666667,0.21568627450980393,0.11741206171344692
100k,32,200,50,56,500,0.4968229914084077,93.57597613334656,0.04,0.39215686274509803,0.1976867343607917
100k,32,200,50,56,1000,0.4968229914084077,93.57597613334656,0.023,0.45098039215686275,0.22303211287281904
100k,32,200,50,82,10,0.483918993268162,93.57597613334656,0.2,0.03225806451612903,0.1487639058405727
100k,32,200,50,82,50,0.483918993268162,93.57597613334656,0.04,0.03225806451612903,0.052405926621084654
100k,32,200,50,82,100,0.483918993268162,93.57597613334656,0.03,0.04838709677419355,0.056270865893150154
100k,32,200,50,82,300,0.483918993268162,93.57597613334656,0.043333333333333335,0.20967741935483872,0.14407774603820075
100k,32,200,50,82,500,0.483918993268162,93.57597613334656,0.048,0.3870967741935484,0.22884516573402625
100k,32,200,50,82,1000,0.483918993268162,93.57597613334656,0.036,0.5806451612903226,0.31597553850744486
100k,32,200,50,91,10,0.5279019824229181,93.57597613334656,0.0,0.0,0.0
100k,32,200,50,91,50,0.5279019824229181,93.57597613334656,0.0,0.0,0.0
100k,32,200,50,91,100,0.5279019824229181,93.57597613334656,0.0,0.0,0.0
100k,32,200,50,91,300,0.5279019824229181,93.57597613334656,0.01,0.046875,0.02503118591960775
100k,32,200,50,91,500,0.5279019824229181,93.57597613334656,0.02,0.15625,0.07734120301433114
100k,32,200,50,91,1000,0.5279019824229181,93.57597613334656,0.019,0.296875,0.14033945488089716
100k,32,200,50,92,10,0.5596650007646531,93.57597613334656,0.0,0.0,0.0
100k,32,200,50,92,50,0.5596650007646531,93.57597613334656,0.0,0.0,0.0
100k,32,200,50,92,100,0.5596650007646531,93.57597613334656,0.0,0.0,0.0
100k,32,200,50,92,300,0.5596650007646531,93.57597613334656,0.006666666666666667,0.031746031746031744,0.016376095323223185
100k,32,200,50,92,500,0.5596650007646531,93.57597613334656,0.014,0.1111111111111111,0.05421389946354011
100k,32,200,50,92,1000,0.5596650007646531,93.57597613334656,0.021,0.3333333333333333,0.15253905713132562
100k,32,200,100,1,10,1.1743050126824528,93.57597613334656,1.0,0.136986301369863,1.0
100k,32,200,100,1,50,1.1743050126824528,93.57597613334656,0.48,0.3287671232876712,0.6008525127067591
100k,32,200,100,1,100,1.1743050126824528,93.57597613334656,0.28,0.3835616438356164,0.5007739740040291
100k,32,200,100,1,300,1.1743050126824528,93.57597613334656,0.14,0.5753424657534246,0.6133600309369752
100k,32,200,100,1,500,1.1743050126824528,93.57597613334656,0.104,0.7123287671232876,0.6830143675809672
100k,32,200,100,1,1000,1.1743050126824528,93.57597613334656,0.055,0.7534246575342466,0.7025125870006325
100k,32,200,100,2,10,0.6308559968601912,93.57597613334656,0.5,0.07692307692307693,0.5517854393872873
100k,32,200,100,2,50,0.6308559968601912,93.57597613334656,0.36,0.27692307692307694,0.414247542485619
100k,32,200,100,2,100,0.6308559968601912,93.57597613334656,0.21,0.3230769230769231,0.37771219763079644
100k,32,200,100,2,300,0.6308559968601912,93.57597613334656,0.13333333333333333,0.6153846153846154,0.5465447737581361
100k,32,200,100,2,500,0.6308559968601912,93.57597613334656,0.09,0.6923076923076923,0.5838973733371943
100k,32,200,100,2,1000,0.6308559968601912,93.57597613334656,0.06,0.9230769230769231,0.6882580014315496
100k,32,200,100,3,10,0.8363550005014986,93.57597613334656,0.2,0.2857142857142857,0.16945984979943973
100k,32,200,100,3,50,0.8363550005014986,93.57597613334656,0.12,0.8571428571428571,0.4363955046222898
100k,32,200,100,3,100,0.8363550005014986,93.57597613334656,0.07,1.0,0.47884263989191905
100k,32,200,100,3,300,0.8363550005014986,93.57597613334656,0.023333333333333334,1.0,0.47884263989191905
100k,32,200,100,3,500,0.8363550005014986,93.57597613334656,0.014,1.0,0.47884263989191905
100k,32,200,100,3,1000,0.8363550005014986,93.57597613334656,0.007,1.0,0.47884263989191905
100k,32,200,100,4,10,0.6570529949385673,93.57597613334656,0.9,0.10975609756097561,0.9052116356304493
100k,32,200,100,4,50,0.6570529949385673,93.57597613334656,0.54,0.32926829268292684,0.6300385827924883
100k,32,200,100,4,100,0.6570529949385673,93.57597613334656,0.33,0.4024390243902439,0.4977572571683338
100k,32,200,100,4,300,0.6570529949385673,93.57597613334656,0.18666666666666668,0.6829268292682927,0.6664391554779399
100k,32,200,100,4,500,0.6570529949385673,93.57597613334656,0.138,0.8414634146341463,0.7499139055457588
100k,32,200,100,4,1000,0.6570529949385673,93.57597613334656,0.077,0.9390243902439024,0.7975588779331304
100k,32,200,100,5,10,0.7158919761423022,93.57597613334656,1.0,0.11764705882352941,1.0
100k,32,200,100,5,50,0.7158919761423022,93.57597613334656,0.52,0.3058823529411765,0.636549647229996
100k,32,200,100,5,100,0.7158919761423022,93.57597613334656,0.36,0.4235294117647059,0.526302007956462
100k,32,200,100,5,300,0.7158919761423022,93.57597613334656,0.18,0.6352941176470588,0.6610538292063739
100k,32,200,100,5,500,0.7158919761423022,93.57597613334656,0.126,0.7411764705882353,0.7180635635717865
100k,32,200,100,5,1000,0.7158919761423022,93.57597613334656,0.074,0.8705882352941177,0.7822540660023648
100k,32,200,100,11,10,0.769283011322841,93.57597613334656,0.2,0.06060606060606061,0.22400556151517553
100k,32,200,100,11,50,0.769283011322841,93.57597613334656,0.12,0.18181818181818182,0.18749945268738646
100k,32,200,100,11,100,0.769283011322841,93.57597613334656,0.07,0.21212121212121213,0.2029267893316202
100k,32,200,100,11,300,0.769283011322841,93.57597613334656,0.056666666666666664,0.5151515151515151,0.34391417675254066
100k,32,200,100,11,500,0.769283011322841,93.57597613334656,0.04,0.6060606060606061,0.38023623638579745
100k,32,200,100,11,1000,0.769283011322841,93.57597613334656,0.022,0.6666666666666666,0.4020194644313026
100k,32,200,100,12,10,0.8118470141198486,93.57597613334656,0.0,0.0,0.0
100k,32,200,100,12,50,0.8118470141198486,93.57597613334656,0.0,0.0,0.0
100k,32,200,100,12,100,0.8118470141198486,93.57597613334656,0.0,0.0,0.0
100k,32,200,100,12,300,0.8118470141198486,93.57597613334656,0.0033333333333333335,0.07692307692307693,0.027482533980607855
100k,32,200,100,12,500,0.8118470141198486,93.57597613334656,0.006,0.23076923076923078,0.07025090841411563
100k,32,200,100,12,1000,0.8118470141198486,93.57597613334656,0.004,0.3076923076923077,0.0908594539754244
100k,32,200,100,15,10,0.8884470153134316,93.57597613334656,0.0,0.0,0.0
100k,32,200,100,15,50,0.8884470153134316,93.57597613334656,0.0,0.0,0.0
100k,32,200,100,15,100,0.8884470153134316,93.57597613334656,0.0,0.0,0.0
100k,32,200,100,15,300,0.8884470153134316,93.57597613334656,0.02666666666666667,0.21052631578947367,0.09614941360555776
100k,32,200,100,15,500,0.8884470153134316,93.57597613334656,0.022,0.2894736842105263,0.12854131195128327
100k,32,200,100,15,1000,0.8884470153134316,93.57597613334656,0.024,0.631578947368421,0.25651394505145964
100k,32,200,100,34,10,0.7722949958406389,93.57597613334656,0.0,0.0,0.0
100k,32,200,100,34,50,0.7722949958406389,93.57597613334656,0.0,0.0,0.0
100k,32,200,100,34,100,0.7722949958406389,93.57597613334656,0.03,0.08571428571428572,0.04867649378333724
100k,32,200,100,34,300,0.7722949958406389,93.57597613334656,0.03,0.2571428571428571,0.12556889088889192
100k,32,200,100,34,500,0.7722949958406389,93.57597613334656,0.026,0.37142857142857144,0.17143926146901728
100k,32,200,100,34,1000,0.7722949958406389,93.57597613334656,0.023,0.6571428571428571,0.27551987513834136
100k,32,200,100,14,10,0.6571570120286196,93.57597613334656,0.0,0.0,0.0
100k,32,200,100,14,50,0.6571570120286196,93.57597613334656,0.02,0.021739130434782608,0.015121629314672844
100k,32,200,100,14,100,0.6571570120286196,93.57597613334656,0.01,0.021739130434782608,0.015121629314672844
100k,32,200,100,14,300,0.6571570120286196,93.57597613334656,0.03,0.1956521739130435,0.10136094890656178
100k,32,200,100,14,500,0.6571570120286196,93.57597613334656,0.026,0.2826086956521739,0.14001960364189472
100k,32,200,100,14,1000,0.6571570120286196,93.57597613334656,0.024,0.5217391304347826,0.23700474403213345
100k,32,200,100,27,10,0.6391170027200133,93.57597613334656,0.0,0.0,0.0
100k,32,200,100,27,50,0.6391170027200133,93.57597613334656,0.0,0.0,0.0
100k,32,200,100,27,100,0.6391170027200133,93.57597613334656,0.0,0.0,0.0
100k,32,200,100,27,300,0.6391170027200133,93.57597613334656,0.013333333333333334,0.12121212121212122,0.05297866215356057
100k,32,200,100,27,500,0.6391170027200133,93.57597613334656,0.016,0.24242424242424243,0.1005119450362885
100k,32,200,100,27,1000,0.6391170027200133,93.57597613334656,0.015,0.45454545454545453,0.17758108150020954
100k,32,200,100,66,10,0.6640200153924525,93.57597613334656,0.1,0.01818181818181818,0.06625422345438903
100k,32,200,100,66,50,0.6640200153924525,93.57597613334656,0.02,0.01818181818181818,0.02333976076433925
100k,32,200,100,66,100,0.6640200153924525,93.57597613334656,0.01,0.01818181818181818,0.021866577706041675
100k,32,200,100,66,300,0.6640200153924525,93.57597613334656,0.013333333333333334,0.07272727272727272,0.04950636330529278
100k,32,200,100,66,500,0.6640200153924525,93.57597613334656,0.018,0.16363636363636364,0.09196933143896709
100k,32,200,100,66,1000,0.6640200153924525,93.57597613334656,0.019,0.34545454545454546,0.16901766738179902
100k,32,200,100,72,10,0.8475700160488486,93.57597613334656,0.0,0.0,0.0
100k,32,200,100,72,50,0.8475700160488486,93.57597613334656,0.02,0.02702702702702703,0.018519414052801508
100k,32,200,100,72,100,0.8475700160488486,93.57597613334656,0.02,0.05405405405405406,0.03308067929787348
100k,32,200,100,72,300,0.8475700160488486,93.57597613334656,0.02,0.16216216216216217,0.08057774850843334
100k,32,200,100,72,500,0.8475700160488486,93.57597613334656,0.018,0.24324324324324326,0.11360166031660587
100k,32,200,100,72,1000,0.8475700160488486,93.57597613334656,0.016,0.43243243243243246,0.18466583557942695
100k,32,200,100,99,10,0.6681630038656294,93.57597613334656,0.0,0.0,0.0
100k,32,200,100,99,50,0.6681630038656294,93.57597613334656,0.0,0.0,0.0
100k,32,200,100,99,100,0.6681630038656294,93.57597613334656,0.0,0.0,0.0
100k,32,200,100,99,300,0.6681630038656294,93.57597613334656,0.016666666666666666,0.23809523809523808,0.08706505350032238
100k,32,200,100,99,500,0.6681630038656294,93.57597613334656,0.016,0.38095238095238093,0.13417160097093742
100k,32,200,100,99,1000,0.6681630038656294,93.57597613334656,0.015,0.7142857142857143,0.23721923806621667
100k,32,200,100,101,10,0.6387350149452686,93.57597613334656,0.1,0.023255813953488372,0.22009176629808017
100k,32,200,100,101,50,0.6387350149452686,93.57597613334656,0.08,0.09302325581395349,0.14429839711959375
100k,32,200,100,101,100,0.6387350149452686,93.57597613334656,0.07,0.16279069767441862,0.18554399107062153
100k,32,200,100,101,300,0.6387350149452686,93.57597613334656,0.06,0.4186046511627907,0.3125536385011097
100k,32,200,100,101,500,0.6387350149452686,93.57597613334656,0.06,0.6976744186046512,0.43266197777573495
100k,32,200,100,101,1000,0.6387350149452686,93.57597613334656,0.034,0.7906976744186046,0.4698450313249313
100k,32,200,100,56,10,0.7414849824272096,93.57597613334656,0.0,0.0,0.0
100k,32,200,100,56,50,0.7414849824272096,93.57597613334656,0.0,0.0,0.0
100k,32,200,100,56,100,0.7414849824272096,93.57597613334656,0.02,0.0392156862745098,0.02586278489915839
100k,32,200,100,56,300,0.7414849824272096,93.57597613334656,0.03666666666666667,0.21568627450980393,0.11648500898340301
100k,32,200,100,56,500,0.7414849824272096,93.57597613334656,0.038,0.37254901960784315,0.18803467781125638
100k,32,200,100,56,1000,0.7414849824272096,93.57597613334656,0.03,0.5882352941176471,0.27880379288947293
100k,32,200,100,82,10,0.6352410127874464,93.57597613334656,0.2,0.03225806451612903,0.1487639058405727
100k,32,200,100,82,50,0.6352410127874464,93.57597613334656,0.04,0.03225806451612903,0.052405926621084654
100k,32,200,100,82,100,0.6352410127874464,93.57597613334656,0.03,0.04838709677419355,0.056270865893150154
100k,32,200,100,82,300,0.6352410127874464,93.57597613334656,0.043333333333333335,0.20967741935483872,0.1433923792636946
100k,32,200,100,82,500,0.6352410127874464,93.57597613334656,0.046,0.3709677419354839,0.22063166524552996
100k,32,200,100,82,1000,0.6352410127874464,93.57597613334656,0.049,0.7903225806451613,0.4057294266791833
100k,32,200,100,91,10,0.8035520149860531,93.57597613334656,0.0,0.0,0.0
100k,32,200,100,91,50,0.8035520149860531,93.57597613334656,0.0,0.0,0.0
100k,32,200,100,91,100,0.8035520149860531,93.57597613334656,0.0,0.0,0.0
100k,32,200,100,91,300,0.8035520149860531,93.57597613334656,0.013333333333333334,0.0625,0.03273745679575271
100k,32,200,100,91,500,0.8035520149860531,93.57597613334656,0.016,0.125,0.06258782959676196
100k,32,200,100,91,1000,0.8035520149860531,93.57597613334656,0.025,0.390625,0.18088402783889218
100k,32,200,100,92,10,0.7433989958371967,93.57597613334656,0.0,0.0,0.0
100k,32,200,100,92,50,0.7433989958371967,93.57597613334656,0.0,0.0,0.0
100k,32,200,100,92,100,0.7433989958371967,93.57597613334656,0.0,0.0,0.0
100k,32,200,100,92,300,0.7433989958371967,93.57597613334656,0.006666666666666667,0.031746031746031744,0.016416886332873363
100k,32,200,100,92,500,0.7433989958371967,93.57597613334656,0.014,0.1111111111111111,0.055283700548837224
100k,32,200,100,92,1000,0.7433989958371967,93.57597613334656,0.032,0.5079365079365079,0.22856194268358973
100k,32,200,200,1,10,1.8754579941742122,93.57597613334656,1.0,0.136986301369863,1.0
100k,32,200,200,1,50,1.8754579941742122,93.57597613334656,0.5,0.3424657534246575,0.6179753074939828
100k,32,200,200,1,100,1.8754579941742122,93.57597613334656,0.3,0.410958904109589,0.5228017400995214
100k,32,200,200,1,300,1.8754579941742122,93.57597613334656,0.15,0.6164383561643836,0.6409908086148823
100k,32,200,200,1,500,1.8754579941742122,93.57597613334656,0.106,0.726027397260274,0.6957730176395175
100k,32,200,200,1,1000,1.8754579941742122,93.57597613334656,0.061,0.8356164383561644,0.7469577325954345
100k,32,200,200,2,10,0.8865600102581084,93.57597613334656,0.5,0.07692307692307693,0.5517854393872873
100k,32,200,200,2,50,0.8865600102581084,93.57597613334656,0.36,0.27692307692307694,0.414247542485619
100k,32,200,200,2,100,0.8865600102581084,93.57597613334656,0.21,0.3230769230769231,0.37771219763079644
100k,32,200,200,2,300,0.8865600102581084,93.57597613334656,0.13333333333333333,0.6153846153846154,0.5457333728214786
100k,32,200,200,2,500,0.8865600102581084,93.57597613334656,0.088,0.676923076923077,0.5754391974512021
100k,32,200,200,2,1000,0.8865600102581084,93.57597613334656,0.064,0.9846153846153847,0.7117356760462826
100k,32,200,200,3,10,1.3135960034560412,93.57597613334656,0.2,0.2857142857142857,0.16945984979943973
100k,32,200,200,3,50,1.3135960034560412,93.57597613334656,0.12,0.8571428571428571,0.4363955046222898
100k,32,200,200,3,100,1.3135960034560412,93.57597613334656,0.07,1.0,0.47884263989191905
100k,32,200,200,3,300,1.3135960034560412,93.57597613334656,0.023333333333333334,1.0,0.47884263989191905
100k,32,200,200,3,500,1.3135960034560412,93.57597613334656,0.014,1.0,0.47884263989191905
100k,32,200,200,3,1000,1.3135960034560412,93.57597613334656,0.007,1.0,0.47884263989191905
100k,32,200,200,4,10,0.894676020834595,93.57597613334656,0.9,0.10975609756097561,0.9052116356304493
100k,32,200,200,4,50,0.894676020834595,93.57597613334656,0.54,0.32926829268292684,0.6300385827924883
100k,32,200,200,4,100,0.894676020834595,93.57597613334656,0.33,0.4024390243902439,0.4977572571683338
100k,32,200,200,4,300,0.894676020834595,93.57597613334656,0.19,0.6951219512195121,0.6741457935183487
100k,32,200,200,4,500,0.894676020834595,93.57597613334656,0.14,0.8536585365853658,0.7576005492980442
100k,32,200,200,4,1000,0.894676020834595,93.57597613334656,0.082,1.0,0.8280779513391682
100k,32,200,200,5,10,1.1671360116451979,93.57597613334656,1.0,0.11764705882352941,1.0
100k,32,200,200,5,50,1.1671360116451979,93.57597613334656,0.52,0.3058823529411765,0.636549647229996
100k,32,200,200,5,100,1.1671360116451979,93.57597613334656,0.36,0.4235294117647059,0.526302007956462
100k,32,200,200,5,300,1.1671360116451979,93.57597613334656,0.18666666666666668,0.6588235294117647,0.6763998577859098
100k,32,200,200,5,500,1.1671360116451979,93.57597613334656,0.134,0.788235294117647,0.7451952007357744
100k,32,200,200,5,1000,1.1671360116451979,93.57597613334656,0.08,0.9411764705882353,0.820064275375649
100k,32,200,200,11,10,1.233167015016079,93.57597613334656,0.2,0.06060606060606061,0.22400556151517553
100k,32,200,200,11,50,1.233167015016079,93.57597613334656,0.12,0.18181818181818182,0.18749945268738646
100k,32,200,200,11,100,1.233167015016079,93.57597613334656,0.08,0.24242424242424243,0.21973092085556262
100k,32,200,200,11,300,1.233167015016079,93.57597613334656,0.06333333333333334,0.5757575757575758,0.3763564976946003
100k,32,200,200,11,500,1.233167015016079,93.57597613334656,0.048,0.7272727272727273,0.4367131085040798
100k,32,200,200,11,1000,1.233167015016079,93.57597613334656,0.026,0.7878787878787878,0.4586866492559868
100k,32,200,200,12,10,1.1328360124025494,93.57597613334656,0.0,0.0,0.0
100k,32,200,200,12,50,1.1328360124025494,93.57597613334656,0.0,0.0,0.0
100k,32,200,200,12,100,1.1328360124025494,93.57597613334656,0.0,0.0,0.0
100k,32,200,200,12,300,1.1328360124025494,93.57597613334656,0.0033333333333333335,0.07692307692307693,0.02743029665168498
100k,32,200,200,12,500,1.1328360124025494,93.57597613334656,0.008,0.3076923076923077,0.09080522575941102
100k,32,200,200,12,1000,1.1328360124025494,93.57597613334656,0.006,0.46153846153846156,0.13045396389561004
100k,32,200,200,15,10,1.2753659975714982,93.57597613334656,0.0,0.0,0.0
100k,32,200,200,15,50,1.2753659975714982,93.57597613334656,0.0,0.0,0.0
100k,32,200,200,15,100,1.2753659975714982,93.57597613334656,0.0,0.0,0.0
100k,32,200,200,15,300,1.2753659975714982,93.57597613334656,0.023333333333333334,0.18421052631578946,0.08422502206028556
100k,32,200,200,15,500,1.2753659975714982,93.57597613334656,0.022,0.2894736842105263,0.12841325857543479
100k,32,200,200,15,1000,1.2753659975714982,93.57597613334656,0.024,0.631578947368421,0.2563073345836703
100k,32,200,200,34,10,1.2291980092413723,93.57597613334656,0.0,0.0,0.0
100k,32,200,200,34,50,1.2291980092413723,93.57597613334656,0.0,0.0,0.0
100k,32,200,200,34,100,1.2291980092413723,93.57597613334656,0.03,0.08571428571428572,0.04867649378333724
100k,32,200,200,34,300,1.2291980092413723,93.57597613334656,0.02666666666666667,0.22857142857142856,0.11312049192833183
100k,32,200,200,34,500,1.2291980092413723,93.57597613334656,0.024,0.34285714285714286,0.15959769159160192
100k,32,200,200,34,1000,1.2291980092413723,93.57597613334656,0.025,0.7142857142857143,0.2942542774262526
100k,32,200,200,14,10,1.1559849954210222,93.57597613334656,0.0,0.0,0.0
100k,32,200,200,14,50,1.1559849954210222,93.57597613334656,0.02,0.021739130434782608,0.015029763154055293
100k,32,200,200,14,100,1.1559849954210222,93.57597613334656,0.01,0.021739130434782608,0.015029763154055293
100k,32,200,200,14,300,1.1559849954210222,93.57597613334656,0.023333333333333334,0.15217391304347827,0.0806231074989377
100k,32,200,200,14,500,1.1559849954210222,93.57597613334656,0.028,0.30434782608695654,0.14756093158790387
100k,32,200,200,14,1000,1.1559849954210222,93.57597613334656,0.03,0.6521739130434783,0.28506944068931905
100k,32,200,200,27,10,1.0565780103206635,93.57597613334656,0.0,0.0,0.0
100k,32,200,200,27,50,1.0565780103206635,93.57597613334656,0.0,0.0,0.0
100k,32,200,200,27,100,1.0565780103206635,93.57597613334656,0.0,0.0,0.0
100k,32,200,200,27,300,1.0565780103206635,93.57597613334656,0.01,0.09090909090909091,0.04025338843318284
100k,32,200,200,27,500,1.0565780103206635,93.57597613334656,0.016,0.24242424242424243,0.09955356813584787
100k,32,200,200,27,1000,1.0565780103206635,93.57597613334656,0.019,0.5757575757575758,0.21742461673806268
100k,32,200,200,66,10,1.1056050134357065,93.57597613334656,0.1,0.01818181818181818,0.06625422345438903
100k,32,200,200,66,50,1.1056050134357065,93.57597613334656,0.02,0.01818181818181818,0.02333976076433925
100k,32,200,200,66,100,1.1056050134357065,93.57597613334656,0.01,0.01818181818181818,0.021866577706041675
100k,32,200,200,66,300,1.1056050134357065,93.57597613334656,0.01,0.05454545454545454,0.04065812511140027
100k,32,200,200,66,500,1.1056050134357065,93.57597613334656,0.018,0.16363636363636364,0.0920072181316555
100k,32,200,200,66,1000,1.1056050134357065,93.57597613334656,0.034,0.6181818181818182,0.28210702488153316
100k,32,200,200,72,10,1.5300650265999138,93.57597613334656,0.0,0.0,0.0
100k,32,200,200,72,50,1.5300650265999138,93.57597613334656,0.02,0.02702702702702703,0.018519414052801508
100k,32,200,200,72,100,1.5300650265999138,93.57597613334656,0.02,0.05405405405405406,0.03308067929787348
100k,32,200,200,72,300,1.5300650265999138,93.57597613334656,0.02,0.16216216216216217,0.08006941373060901
100k,32,200,200,72,500,1.5300650265999138,93.57597613334656,0.018,0.24324324324324326,0.11337437970005491
100k,32,200,200,72,1000,1.5300650265999138,93.57597613334656,0.019,0.5135135135135135,0.21380701978072353
100k,32,200,200,99,10,1.15084697608836,93.57597613334656,0.0,0.0,0.0
100k,32,200,200,99,50,1.15084697608836,93.57597613334656,0.0,0.0,0.0
100k,32,200,200,99,100,1.15084697608836,93.57597613334656,0.0,0.0,0.0
100k,32,200,200,99,300,1.15084697608836,93.57597613334656,0.013333333333333334,0.19047619047619047,0.06996519745147402
100k,32,200,200,99,500,1.15084697608836,93.57597613334656,0.014,0.3333333333333333,0.11795747992797712
100k,32,200,200,99,1000,1.15084697608836,93.57597613334656,0.015,0.7142857142857143,0.23437471818490113
100k,32,200,200,101,10,1.0532769956625998,93.57597613334656,0.1,0.023255813953488372,0.22009176629808017
100k,32,200,200,101,50,1.0532769956625998,93.57597613334656,0.08,0.09302325581395349,0.14429839711959375
100k,32,200,200,101,100,1.0532769956625998,93.57597613334656,0.07,0.16279069767441862,0.18541751511116783
100k,32,200,200,101,300,1.0532769956625998,93.57597613334656,0.06,0.4186046511627907,0.3121553597197175
100k,32,200,200,101,500,1.0532769956625998,93.57597613334656,0.056,0.6511627906976745,0.4123113046212408
100k,32,200,200,101,1000,1.0532769956625998,93.57597613334656,0.039,0.9069767441860465,0.5138383969698898
100k,32,200,200,56,10,1.2599119800142944,93.57597613334656,0.0,0.0,0.0
100k,32,200,200,56,50,1.2599119800142944,93.57597613334656,0.0,0.0,0.0
100k,32,200,200,56,100,1.2599119800142944,93.57597613334656,0.02,0.0392156862745098,0.02586278489915839
100k,32,200,200,56,300,1.2599119800142944,93.57597613334656,0.03333333333333333,0.19607843137254902,0.10686432904771995
100k,32,200,200,56,500,1.2599119800142944,93.57597613334656,0.042,0.4117647058823529,0.20424707120643337
100k,32,200,200,56,1000,1.2599119800142944,93.57597613334656,0.038,0.7450980392156863,0.34047305838913605
100k,32,200,200,82,10,0.9986459917854518,93.57597613334656,0.2,0.03225806451612903,0.1487639058405727
100k,32,200,200,82,50,0.9986459917854518,93.57597613334656,0.04,0.03225806451612903,0.052405926621084654
100k,32,200,200,82,100,0.9986459917854518,93.57597613334656,0.03,0.04838709677419355,0.05623129269476047
100k,32,200,200,82,300,0.9986459917854518,93.57597613334656,0.03666666666666667,0.1774193548387097,0.1266361495672946
100k,32,200,200,82,500,0.9986459917854518,93.57597613334656,0.044,0.3548387096774194,0.2120241498678579
100k,32,200,200,82,1000,0.9986459917854518,93.57597613334656,0.054,0.8709677419354839,0.4366779073342333
100k,32,200,200,91,10,1.275364018511027,93.57597613334656,0.0,0.0,0.0
100k,32,200,200,91,50,1.275364018511027,93.57597613334656,0.0,0.0,0.0
100k,32,200,200,91,100,1.275364018511027,93.57597613334656,0.0,0.0,0.0
100k,32,200,200,91,300,1.275364018511027,93.57597613334656,0.01,0.046875,0.024618788303769575
100k,32,200,200,91,500,1.275364018511027,93.57597613334656,0.014,0.109375,0.05485364568422615
100k,32,200,200,91,1000,1.275364018511027,93.57597613334656,0.027,0.421875,0.19328883930197846
100k,32,200,200,92,10,1.1099989933427423,93.57597613334656,0.0,0.0,0.0
100k,32,200,200,92,50,1.1099989933427423,93.57597613334656,0.0,0.0,0.0
100k,32,200,200,92,100,1.1099989933427423,93.57597613334656,0.0,0.0,0.0
100k,32,200,200,92,300,1.1099989933427423,93.57597613334656,0.006666666666666667,0.031746031746031744,0.016319840029073527
100k,32,200,200,92,500,1.1099989933427423,93.57597613334656,0.012,0.09523809523809523,0.047588233899509065
100k,32,200,200,92,1000,1.1099989933427423,93.57597613334656,0.032,0.5079365079365079,0.2274667280363955
100k,32,200,500,1,10,3.6517629923764616,93.57597613334656,1.0,0.136986301369863,1.0
100k,32,200,500,1,50,3.6517629923764616,93.57597613334656,0.5,0.3424657534246575,0.6179753074939828
100k,32,200,500,1,100,3.6517629923764616,93.57597613334656,0.3,0.410958904109589,0.5227605463489704
100k,32,200,500,1,300,3.6517629923764616,93.57597613334656,0.15,0.6164383561643836,0.6406318315431797
100k,32,200,500,1,500,3.6517629923764616,93.57597613334656,0.104,0.7123287671232876,0.688290643148282
100k,32,200,500,1,1000,3.6517629923764616,93.57597613334656,0.059,0.8082191780821918,0.7334401481828786
100k,32,200,500,2,10,1.6028069949243218,93.57597613334656,0.5,0.07692307692307693,0.5517854393872873
100k,32,200,500,2,50,1.6028069949243218,93.57597613334656,0.36,0.27692307692307694,0.414247542485619
100k,32,200,500,2,100,1.6028069949243218,93.57597613334656,0.21,0.3230769230769231,0.37771219763079644
100k,32,200,500,2,300,1.6028069949243218,93.57597613334656,0.13333333333333333,0.6153846153846154,0.545695577709326
100k,32,200,500,2,500,1.6028069949243218,93.57597613334656,0.088,0.676923076923077,0.5752066211909166
100k,32,200,500,2,1000,1.6028069949243218,93.57597613334656,0.063,0.9692307692307692,0.7038934968341563
100k,32,200,500,3,10,2.694787981454283,93.57597613334656,0.2,0.2857142857142857,0.16945984979943973
100k,32,200,500,3,50,2.694787981454283,93.57597613334656,0.12,0.8571428571428571,0.4363955046222898
100k,32,200,500,3,100,2.694787981454283,93.57597613334656,0.07,1.0,0.47884263989191905
100k,32,200,500,3,300,2.694787981454283,93.57597613334656,0.023333333333333334,1.0,0.47884263989191905
100k,32,200,500,3,500,2.694787981454283,93.57597613334656,0.014,1.0,0.47884263989191905
100k,32,200,500,3,1000,2.694787981454283,93.57597613334656,0.007,1.0,0.47884263989191905
100k,32,200,500,4,10,1.5319329977501184,93.57597613334656,0.9,0.10975609756097561,0.9052116356304493
100k,32,200,500,4,50,1.5319329977501184,93.57597613334656,0.54,0.32926829268292684,0.6300385827924883
100k,32,200,500,4,100,1.5319329977501184,93.57597613334656,0.33,0.4024390243902439,0.4977572571683338
100k,32,200,500,4,300,1.5319329977501184,93.57597613334656,0.19,0.6951219512195121,0.6741457935183487
100k,32,200,500,4,500,1.5319329977501184,93.57597613334656,0.14,0.8536585365853658,0.7575919221374613
100k,32,200,500,4,1000,1.5319329977501184,93.57597613334656,0.082,1.0,0.8278911441143975
100k,32,200,500,5,10,2.3732219997327775,93.57597613334656,1.0,0.11764705882352941,1.0
100k,32,200,500,5,50,2.3732219997327775,93.57597613334656,0.52,0.3058823529411765,0.636549647229996
100k,32,200,500,5,100,2.3732219997327775,93.57597613334656,0.36,0.4235294117647059,0.526302007956462
100k,32,200,500,5,300,2.3732219997327775,93.57597613334656,0.18666666666666668,0.6588235294117647,0.6763903365775339
100k,32,200,500,5,500,2.3732219997327775,93.57597613334656,0.134,0.788235294117647,0.7452927141012972
100k,32,200,500,5,1000,2.3732219997327775,93.57597613334656,0.081,0.9529411764705882,0.8258610524936891
100k,32,200,500,11,10,2.479802002198994,93.57597613334656,0.2,0.06060606060606061,0.22400556151517553
100k,32,200,500,11,50,2.479802002198994,93.57597613334656,0.12,0.18181818181818182,0.18749945268738646
100k,32,200,500,11,100,2.479802002198994,93.57597613334656,0.08,0.24242424242424243,0.21973092085556262
100k,32,200,500,11,300,2.479802002198994,93.57597613334656,0.06666666666666667,0.6060606060606061,0.38924330278324415
100k,32,200,500,11,500,2.479802002198994,93.57597613334656,0.052,0.7878787878787878,0.4612413777230774
100k,32,200,500,11,1000,2.479802002198994,93.57597613334656,0.029,0.8787878787878788,0.49346099452172226
100k,32,200,500,12,10,2.161296986741945,93.57597613334656,0.0,0.0,0.0
100k,32,200,500,12,50,2.161296986741945,93.57597613334656,0.0,0.0,0.0
100k,32,200,500,12,100,2.161296986741945,93.57597613334656,0.0,0.0,0.0
100k,32,200,500,12,300,2.161296986741945,93.57597613334656,0.0033333333333333335,0.07692307692307693,0.02743029665168498
100k,32,200,500,12,500,2.161296986741945,93.57597613334656,0.008,0.3076923076923077,0.09054009519905618
100k,32,200,500,12,1000,2.161296986741945,93.57597613334656,0.008,0.6153846153846154,0.16826461674421977
100k,32,200,500,15,10,2.1921689913142473,93.57597613334656,0.0,0.0,0.0
100k,32,200,500,15,50,2.1921689913142473,93.57597613334656,0.0,0.0,0.0
100k,32,200,500,15,100,2.1921689913142473,93.57597613334656,0.0,0.0,0.0
100k,32,200,500,15,300,2.1921689913142473,93.57597613334656,0.023333333333333334,0.18421052631578946,0.0842024468308387
100k,32,200,500,15,500,2.1921689913142473,93.57597613334656,0.022,0.2894736842105263,0.12835231172411732
100k,32,200,500,15,1000,2.1921689913142473,93.57597613334656,0.024,0.631578947368421,0.2564339074636844
100k,32,200,500,34,10,1.833332993555814,93.57597613334656,0.0,0.0,0.0
100k,32,200,500,34,50,1.833332993555814,93.57597613334656,0.0,0.0,0.0
100k,32,200,500,34,100,1.833332993555814,93.57597613334656,0.03,0.08571428571428572,0.04867649378333724
100k,32,200,500,34,300,1.833332993555814,93.57597613334656,0.02666666666666667,0.22857142857142856,0.11311247839726783
100k,32,200,500,34,500,1.833332993555814,93.57597613334656,0.026,0.37142857142857144,0.17058165925128027
100k,32,200,500,34,1000,1.833332993555814,93.57597613334656,0.025,0.7142857142857143,0.2943535894150397
100k,32,200,500,14,10,1.8210659909527749,93.57597613334656,0.0,0.0,0.0
100k,32,200,500,14,50,1.8210659909527749,93.57597613334656,0.02,0.021739130434782608,0.015029763154055293
100k,32,200,500,14,100,1.8210659909527749,93.57597613334656,0.01,0.021739130434782608,0.015029763154055293
100k,32,200,500,14,300,1.8210659909527749,93.57597613334656,0.023333333333333334,0.15217391304347827,0.0806231074989377
100k,32,200,500,14,500,1.8210659909527749,93.57597613334656,0.03,0.32608695652173914,0.15663618132004395
100k,32,200,500,14,1000,1.8210659909527749,93.57597613334656,0.036,0.782608695652174,0.3354228721116087
100k,32,200,500,27,10,1.7971470078919083,93.57597613334656,0.0,0.0,0.0
100k,32,200,500,27,50,1.7971470078919083,93.57597613334656,0.0,0.0,0.0
100k,32,200,500,27,100,1.7971470078919083,93.57597613334656,0.0,0.0,0.0
100k,32,200,500,27,300,1.7971470078919083,93.57597613334656,0.01,0.09090909090909091,0.040222473183976176
100k,32,200,500,27,500,1.7971470078919083,93.57597613334656,0.016,0.24242424242424243,0.09929893173421225
100k,32,200,500,27,1000,1.7971470078919083,93.57597613334656,0.023,0.696969696969697,0.2587244891012851
100k,32,200,500,66,10,1.9858269952237606,93.57597613334656,0.1,0.01818181818181818,0.06625422345438903
100k,32,200,500,66,50,1.9858269952237606,93.57597613334656,0.02,0.01818181818181818,0.02333976076433925
100k,32,200,500,66,100,1.9858269952237606,93.57597613334656,0.01,0.01818181818181818,0.021866577706041675
100k,32,200,500,66,300,1.9858269952237606,93.57597613334656,0.01,0.05454545454545454,0.04065812511140027
100k,32,200,500,66,500,1.9858269952237606,93.57597613334656,0.018,0.16363636363636364,0.09197058498214451
100k,32,200,500,66,1000,1.9858269952237606,93.57597613334656,0.037,0.6727272727272727,0.3031745787074347
100k,32,200,500,72,10,2.784322015941143,93.57597613334656,0.0,0.0,0.0
100k,32,200,500,72,50,2.784322015941143,93.57597613334656,0.02,0.02702702702702703,0.018519414052801508
100k,32,200,500,72,100,2.784322015941143,93.57597613334656,0.02,0.05405405405405406,0.03304594853969079
100k,32,200,500,72,300,2.784322015941143,93.57597613334656,0.016666666666666666,0.13513513513513514,0.0683968013946739
100k,32,200,500,72,500,2.784322015941143,93.57597613334656,0.018,0.24324324324324326,0.11306105509866579
100k,32,200,500,72,1000,2.784322015941143,93.57597613334656,0.017,0.4594594594594595,0.19291371638308064
100k,32,200,500,99,10,2.0227230270393193,93.57597613334656,0.0,0.0,0.0
100k,32,200,500,99,50,2.0227230270393193,93.57597613334656,0.0,0.0,0.0
100k,32,200,500,99,100,2.0227230270393193,93.57597613334656,0.0,0.0,0.0
100k,32,200,500,99,300,2.0227230270393193,93.57597613334656,0.013333333333333334,0.19047619047619047,0.06978759779685959
100k,32,200,500,99,500,2.0227230270393193,93.57597613334656,0.012,0.2857142857142857,0.10214633837285099
100k,32,200,500,99,1000,2.0227230270393193,93.57597613334656,0.012,0.5714285714285714,0.190226509980519
100k,32,200,500,101,10,1.6893839929252863,93.57597613334656,0.1,0.023255813953488372,0.22009176629808017
100k,32,200,500,101,50,1.6893839929252863,93.57597613334656,0.08,0.09302325581395349,0.14429839711959375
100k,32,200,500,101,100,1.6893839929252863,93.57597613334656,0.07,0.16279069767441862,0.18541751511116783
100k,32,200,500,101,300,1.6893839929252863,93.57597613334656,0.06,0.4186046511627907,0.3121553597197175
100k,32,200,500,101,500,1.6893839929252863,93.57597613334656,0.056,0.6511627906976745,0.4121471405993934
100k,32,200,500,101,1000,1.6893839929252863,93.57597613334656,0.042,0.9767441860465116,0.5405311743259783
100k,32,200,500,56,10,2.1827470045536757,93.57597613334656,0.0,0.0,0.0
100k,32,200,500,56,50,2.1827470045536757,93.57597613334656,0.0,0.0,0.0
100k,32,200,500,56,100,2.1827470045536757,93.57597613334656,0.02,0.0392156862745098,0.02586278489915839
100k,32,200,500,56,300,2.1827470045536757,93.57597613334656,0.03333333333333333,0.19607843137254902,0.10686432904771995
100k,32,200,500,56,500,2.1827470045536757,93.57597613334656,0.042,0.4117647058823529,0.20416171669475103
100k,32,200,500,56,1000,2.1827470045536757,93.57597613334656,0.039,0.7647058823529411,0.34781539898464253
100k,32,200,500,82,10,1.5576260047964752,93.57597613334656,0.2,0.03225806451612903,0.1487639058405727
100k,32,200,500,82,50,1.5576260047964752,93.57597613334656,0.04,0.03225806451612903,0.052405926621084654
100k,32,200,500,82,100,1.5576260047964752,93.57597613334656,0.03,0.04838709677419355,0.05623129269476047
100k,32,200,500,82,300,1.5576260047964752,93.57597613334656,0.03666666666666667,0.1774193548387097,0.12661922524646232
100k,32,200,500,82,500,1.5576260047964752,93.57597613334656,0.044,0.3548387096774194,0.21197016541133334
100k,32,200,500,82,1000,1.5576260047964752,93.57597613334656,0.054,0.8709677419354839,0.4370094564619633
100k,32,200,500,91,10,2.122267003869638,93.57597613334656,0.0,0.0,0.0
100k,32,200,500,91,50,2.122267003869638,93.57597613334656,0.0,0.0,0.0
100k,32,200,500,91,100,2.122267003869638,93.57597613334656,0.0,0.0,0.0
100k,32,200,500,91,300,2.122267003869638,93.57597613334656,0.01,0.046875,0.024583332203885096
100k,32,200,500,91,500,2.122267003869638,93.57597613334656,0.014,0.109375,0.0547667091833631
100k,32,200,500,91,1000,2.122267003869638,93.57597613334656,0.024,0.375,0.17269355901722536
100k,32,200,500,92,10,1.6305310127791017,93.57597613334656,0.0,0.0,0.0
100k,32,200,500,92,50,1.6305310127791017,93.57597613334656,0.0,0.0,0.0
100k,32,200,500,92,100,1.6305310127791017,93.57597613334656,0.0,0.0,0.0
100k,32,200,500,92,300,1.6305310127791017,93.57597613334656,0.006666666666666667,0.031746031746031744,0.016319840029073527
100k,32,200,500,92,500,1.6305310127791017,93.57597613334656,0.012,0.09523809523809523,0.047588233899509065
100k,32,200,500,92,1000,1.6305310127791017,93.57597613334656,0.036,0.5714285714285714,0.2537463740987271
100k,32,200,1000,1,10,5.569698987528682,93.57597613334656,1.0,0.136986301369863,1.0
100k,32,200,1000,1,50,5.569698987528682,93.57597613334656,0.5,0.3424657534246575,0.6179753074939828
100k,32,200,1000,1,100,5.569698987528682,93.57597613334656,0.3,0.410958904109589,0.5227605463489704
100k,32,200,1000,1,300,5.569698987528682,93.57597613334656,0.15,0.6164383561643836,0.6403968232303905
100k,32,200,1000,1,500,5.569698987528682,93.57597613334656,0.104,0.7123287671232876,0.6879750457257725
100k,32,200,1000,1,1000,5.569698987528682,93.57597613334656,0.059,0.8082191780821918,0.7330360694291912
100k,32,200,1000,2,10,2.863951987819746,93.57597613334656,0.5,0.07692307692307693,0.5517854393872873
100k,32,200,1000,2,50,2.863951987819746,93.57597613334656,0.36,0.27692307692307694,0.414247542485619
100k,32,200,1000,2,100,2.863951987819746,93.57597613334656,0.21,0.3230769230769231,0.37771219763079644
100k,32,200,1000,2,300,2.863951987819746,93.57597613334656,0.13333333333333333,0.6153846153846154,0.545695577709326
100k,32,200,1000,2,500,2.863951987819746,93.57597613334656,0.088,0.676923076923077,0.5751987695665042
100k,32,200,1000,2,1000,2.863951987819746,93.57597613334656,0.062,0.9538461538461539,0.697308092278417
100k,32,200,1000,3,10,4.401241982122883,93.57597613334656,0.2,0.2857142857142857,0.16945984979943973
100k,32,200,1000,3,50,4.401241982122883,93.57597613334656,0.12,0.8571428571428571,0.4363955046222898
100k,32,200,1000,3,100,4.401241982122883,93.57597613334656,0.07,1.0,0.47884263989191905
100k,32,200,1000,3,300,4.401241982122883,93.57597613334656,0.023333333333333334,1.0,0.47884263989191905
100k,32,200,1000,3,500,4.401241982122883,93.57597613334656,0.014,1.0,0.47884263989191905
100k,32,200,1000,3,1000,4.401241982122883,93.57597613334656,0.007,1.0,0.47884263989191905
100k,32,200,1000,4,10,2.441096003167331,93.57597613334656,0.9,0.10975609756097561,0.9052116356304493
100k,32,200,1000,4,50,2.441096003167331,93.57597613334656,0.54,0.32926829268292684,0.6300385827924883
100k,32,200,1000,4,100,2.441096003167331,93.57597613334656,0.33,0.4024390243902439,0.4977572571683338
100k,32,200,1000,4,300,2.441096003167331,93.57597613334656,0.19,0.6951219512195121,0.6741457935183487
100k,32,200,1000,4,500,2.441096003167331,93.57597613334656,0.14,0.8536585365853658,0.7575919221374613
100k,32,200,1000,4,1000,2.441096003167331,93.57597613334656,0.082,1.0,0.8278837466961391
100k,32,200,1000,5,10,3.9562530000694096,93.57597613334656,1.0,0.11764705882352941,1.0
100k,32,200,1000,5,50,3.9562530000694096,93.57597613334656,0.52,0.3058823529411765,0.636549647229996
100k,32,200,1000,5,100,3.9562530000694096,93.57597613334656,0.36,0.4235294117647059,0.526302007956462
100k,32,200,1000,5,300,3.9562530000694096,93.57597613334656,0.18666666666666668,0.6588235294117647,0.6763903365775339
100k,32,200,1000,5,500,3.9562530000694096,93.57597613334656,0.134,0.788235294117647,0.7452927141012972
100k,32,200,1000,5,1000,3.9562530000694096,93.57597613334656,0.08,0.9411764705882353,0.820409853399335
100k,32,200,1000,11,10,4.056653997395188,93.57597613334656,0.2,0.06060606060606061,0.22400556151517553
100k,32,200,1000,11,50,4.056653997395188,93.57597613334656,0.12,0.18181818181818182,0.18749945268738646
100k,32,200,1000,11,100,4.056653997395188,93.57597613334656,0.08,0.24242424242424243,0.21973092085556262
100k,32,200,1000,11,300,4.056653997395188,93.57597613334656,0.06666666666666667,0.6060606060606061,0.38924330278324415
100k,32,200,1000,11,500,4.056653997395188,93.57597613334656,0.052,0.7878787878787878,0.4612413777230774
100k,32,200,1000,11,1000,4.056653997395188,93.57597613334656,0.029,0.8787878787878788,0.4934354490218178
100k,32,200,1000,12,10,3.420463006477803,93.57597613334656,0.0,0.0,0.0
100k,32,200,1000,12,50,3.420463006477803,93.57597613334656,0.0,0.0,0.0
100k,32,200,1000,12,100,3.420463006477803,93.57597613334656,0.0,0.0,0.0
100k,32,200,1000,12,300,3.420463006477803,93.57597613334656,0.0033333333333333335,0.07692307692307693,0.02743029665168498
100k,32,200,1000,12,500,3.420463006477803,93.57597613334656,0.008,0.3076923076923077,0.09047483193758853
100k,32,200,1000,12,1000,3.420463006477803,93.57597613334656,0.008,0.6153846153846154,0.16804865913047845
100k,32,200,1000,15,10,2.9536990041378886,93.57597613334656,0.0,0.0,0.0
100k,32,200,1000,15,50,2.9536990041378886,93.57597613334656,0.0,0.0,0.0
100k,32,200,1000,15,100,2.9536990041378886,93.57597613334656,0.0,0.0,0.0
100k,32,200,1000,15,300,2.9536990041378886,93.57597613334656,0.023333333333333334,0.18421052631578946,0.0842024468308387
100k,32,200,1000,15,500,2.9536990041378886,93.57597613334656,0.022,0.2894736842105263,0.12835231172411732
100k,32,200,1000,15,1000,2.9536990041378886,93.57597613334656,0.024,0.631578947368421,0.2571865911191336
100k,32,200,1000,34,10,2.6382900250609964,93.57597613334656,0.0,0.0,0.0
100k,32,200,1000,34,50,2.6382900250609964,93.57597613334656,0.0,0.0,0.0
100k,32,200,1000,34,100,2.6382900250609964,93.57597613334656,0.03,0.08571428571428572,0.04867649378333724
100k,32,200,1000,34,300,2.6382900250609964,93.57597613334656,0.02666666666666667,0.22857142857142856,0.11311247839726783
100k,32,200,1000,34,500,2.6382900250609964,93.57597613334656,0.026,0.37142857142857144,0.1705742912900792
100k,32,200,1000,34,1000,2.6382900250609964,93.57597613334656,0.025,0.7142857142857143,0.2942669358704322
100k,32,200,1000,14,10,2.759035996859893,93.57597613334656,0.0,0.0,0.0
100k,32,200,1000,14,50,2.759035996859893,93.57597613334656,0.02,0.021739130434782608,0.015029763154055293
100k,32,200,1000,14,100,2.759035996859893,93.57597613334656,0.01,0.021739130434782608,0.015029763154055293
100k,32,200,1000,14,300,2.759035996859893,93.57597613334656,0.023333333333333334,0.15217391304347827,0.0806231074989377
100k,32,200,1000,14,500,2.759035996859893,93.57597613334656,0.028,0.30434782608695654,0.14747735903598463
100k,32,200,1000,14,1000,2.759035996859893,93.57597613334656,0.035,0.7608695652173914,0.32697443380228236
100k,32,200,1000,27,10,2.955514006316662,93.57597613334656,0.0,0.0,0.0
100k,32,200,1000,27,50,2.955514006316662,93.57597613334656,0.0,0.0,0.0
100k,32,200,1000,27,100,2.955514006316662,93.57597613334656,0.0,0.0,0.0
100k,32,200,1000,27,300,2.955514006316662,93.57597613334656,0.01,0.09090909090909091,0.040222473183976176
100k,32,200,1000,27,500,2.955514006316662,93.57597613334656,0.016,0.24242424242424243,0.09929893173421225
100k,32,200,1000,27,1000,2.955514006316662,93.57597613334656,0.022,0.6666666666666666,0.24833498969588574
100k,32,200,1000,66,10,3.8339289894793183,93.57597613334656,0.1,0.01818181818181818,0.06625422345438903
100k,32,200,1000,66,50,3.8339289894793183,93.57597613334656,0.02,0.01818181818181818,0.02333976076433925
100k,32,200,1000,66,100,3.8339289894793183,93.57597613334656,0.01,0.01818181818181818,0.021866577706041675
100k,32,200,1000,66,300,3.8339289894793183,93.57597613334656,0.01,0.05454545454545454,0.04065812511140027
100k,32,200,1000,66,500,3.8339289894793183,93.57597613334656,0.018,0.16363636363636364,0.09197058498214451
100k,32,200,1000,66,1000,3.8339289894793183,93.57597613334656,0.035,0.6363636363636364,0.2883855083287597
100k,32,200,1000,72,10,4.713442001957446,93.57597613334656,0.0,0.0,0.0
100k,32,200,1000,72,50,4.713442001957446,93.57597613334656,0.02,0.02702702702702703,0.018519414052801508
100k,32,200,1000,72,100,4.713442001957446,93.57597613334656,0.02,0.05405405405405406,0.03304594853969079
100k,32,200,1000,72,300,4.713442001957446,93.57597613334656,0.016666666666666666,0.13513513513513514,0.06838289934143929
100k,32,200,1000,72,500,4.713442001957446,93.57597613334656,0.018,0.24324324324324326,0.11298281154948042
100k,32,200,1000,72,1000,4.713442001957446,93.57597613334656,0.018,0.4864864864864865,0.20210626814493587
100k,32,200,1000,99,10,2.9839639901183546,93.57597613334656,0.0,0.0,0.0
100k,32,200,1000,99,50,2.9839639901183546,93.57597613334656,0.0,0.0,0.0
100k,32,200,1000,99,100,2.9839639901183546,93.57597613334656,0.0,0.0,0.0
100k,32,200,1000,99,300,2.9839639901183546,93.57597613334656,0.013333333333333334,0.19047619047619047,0.06978759779685959
100k,32,200,1000,99,500,2.9839639901183546,93.57597613334656,0.012,0.2857142857142857,0.10213396339423794
100k,32,200,1000,99,1000,2.9839639901183546,93.57597613334656,0.012,0.5714285714285714,0.19007079153810055
100k,32,200,1000,101,10,2.616056997794658,93.57597613334656,0.1,0.023255813953488372,0.22009176629808017
100k,32,200,1000,101,50,2.616056997794658,93.57597613334656,0.08,0.09302325581395349,0.14429839711959375
100k,32,200,1000,101,100,2.616056997794658,93.57597613334656,0.07,0.16279069767441862,0.18541751511116783
100k,32,200,1000,101,300,2.616056997794658,93.57597613334656,0.06,0.4186046511627907,0.3121553597197175
100k,32,200,1000,101,500,2.616056997794658,93.57597613334656,0.056,0.6511627906976745,0.4121471405993934
100k,32,200,1000,101,1000,2.616056997794658,93.57597613334656,0.042,0.9767441860465116,0.5404931264654473
100k,32,200,1000,56,10,3.711547004058957,93.57597613334656,0.0,0.0,0.0
100k,32,200,1000,56,50,3.711547004058957,93.57597613334656,0.0,0.0,0.0
100k,32,200,1000,56,100,3.711547004058957,93.57597613334656,0.02,0.0392156862745098,0.02586278489915839
100k,32,200,1000,56,300,3.711547004058957,93.57597613334656,0.03333333333333333,0.19607843137254902,0.10686432904771995
100k,32,200,1000,56,500,3.711547004058957,93.57597613334656,0.042,0.4117647058823529,0.20416171669475103
100k,32,200,1000,56,1000,3.711547004058957,93.57597613334656,0.04,0.7843137254901961,0.3554734210093309
100k,32,200,1000,82,10,2.5296259846072644,93.57597613334656,0.2,0.03225806451612903,0.1487639058405727
100k,32,200,1000,82,50,2.5296259846072644,93.57597613334656,0.04,0.03225806451612903,0.052405926621084654
100k,32,200,1000,82,100,2.5296259846072644,93.57597613334656,0.03,0.04838709677419355,0.05623129269476047
100k,32,200,1000,82,300,2.5296259846072644,93.57597613334656,0.03666666666666667,0.1774193548387097,0.12661922524646232
100k,32,200,1000,82,500,2.5296259846072644,93.57597613334656,0.044,0.3548387096774194,0.21197016541133334
100k,32,200,1000,82,1000,2.5296259846072644,93.57597613334656,0.054,0.8709677419354839,0.4370022124892815
100k,32,200,1000,91,10,2.9890800069551915,93.57597613334656,0.0,0.0,0.0
100k,32,200,1000,91,50,2.9890800069551915,93.57597613334656,0.0,0.0,0.0
100k,32,200,1000,91,100,2.9890800069551915,93.57597613334656,0.0,0.0,0.0
100k,32,200,1000,91,300,2.9890800069551915,93.57597613334656,0.01,0.046875,0.024583332203885096
100k,32,200,1000,91,500,2.9890800069551915,93.57597613334656,0.014,0.109375,0.0547667091833631
100k,32,200,1000,91,1000,2.9890800069551915,93.57597613334656,0.024,0.375,0.1726717095161862
100k,32,200,1000,92,10,2.280020999023691,93.57597613334656,0.0,0.0,0.0
100k,32,200,1000,92,50,2.280020999023691,93.57597613334656,0.0,0.0,0.0
100k,32,200,1000,92,100,2.280020999023691,93.57597613334656,0.0,0.0,0.0
100k,32,200,1000,92,300,2.280020999023691,93.57597613334656,0.006666666666666667,0.031746031746031744,0.016319840029073527
100k,32,200,1000,92,500,2.280020999023691,93.57597613334656,0.012,0.09523809523809523,0.047588233899509065
100k,32,200,1000,92,1000,2.280020999023691,93.57597613334656,0.036,0.5714285714285714,0.2535886293071466
200k,16,40,10,1,10,0.3745370195247233,40.04430150985718,0.4,0.0547945205479452,0.5637884576902256
200k,16,40,10,1,50,0.3745370195247233,40.04430150985718,0.14,0.0958904109589041,0.25096418137228627
200k,16,40,10,1,100,0.3745370195247233,40.04430150985718,0.08,0.1095890410958904,0.20262176303445276
200k,16,40,10,1,300,0.3745370195247233,40.04430150985718,0.03,0.1232876712328767,0.21099419163213354
200k,16,40,10,1,500,0.3745370195247233,40.04430150985718,0.018,0.1232876712328767,0.21099419163213354
200k,16,40,10,1,1000,0.3745370195247233,40.04430150985718,0.009,0.1232876712328767,0.21099419163213354
200k,16,40,10,2,10,0.21950798691250384,40.04430150985718,0.4,0.06153846153846154,0.3683756341388872
200k,16,40,10,2,50,0.21950798691250384,40.04430150985718,0.24,0.18461538461538463,0.2735021206383842
200k,16,40,10,2,100,0.21950798691250384,40.04430150985718,0.17,0.26153846153846155,0.2812137067425476
200k,16,40,10,2,300,0.21950798691250384,40.04430150985718,0.06666666666666667,0.3076923076923077,0.30963349551778124
200k,16,40,10,2,500,0.21950798691250384,40.04430150985718,0.04,0.3076923076923077,0.30963349551778124
200k,16,40,10,2,1000,0.21950798691250384,40.04430150985718,0.02,0.3076923076923077,0.30963349551778124
200k,16,40,10,3,10,0.22635800996795297,40.04430150985718,0.2,0.2857142857142857,0.16945984979943973
200k,16,40,10,3,50,0.22635800996795297,40.04430150985718,0.1,0.7142857142857143,0.3761400238210798
200k,16,40,10,3,100,0.22635800996795297,40.04430150985718,0.06,0.8571428571428571,0.4216162663503254
200k,16,40,10,3,300,0.22635800996795297,40.04430150985718,0.02,0.8571428571428571,0.4216162663503254
200k,16,40,10,3,500,0.22635800996795297,40.04430150985718,0.012,0.8571428571428571,0.4216162663503254
200k,16,40,10,3,1000,0.22635800996795297,40.04430150985718,0.006,0.8571428571428571,0.4216162663503254
200k,16,40,10,4,10,0.19834798877127469,40.04430150985718,1.0,0.12195121951219512,1.0
200k,16,40,10,4,50,0.19834798877127469,40.04430150985718,0.4,0.24390243902439024,0.5277472528414786
200k,16,40,10,4,100,0.19834798877127469,40.04430150985718,0.29,0.35365853658536583,0.45306947277495224
200k,16,40,10,4,300,0.19834798877127469,40.04430150985718,0.12,0.43902439024390244,0.5074788934262631
200k,16,40,10,4,500,0.19834798877127469,40.04430150985718,0.072,0.43902439024390244,0.5074788934262631
200k,16,40,10,4,1000,0.19834798877127469,40.04430150985718,0.036,0.43902439024390244,0.5074788934262631
200k,16,40,10,5,10,0.19246002193540335,40.04430150985718,1.0,0.11764705882352941,1.0
200k,16,40,10,5,50,0.19246002193540335,40.04430150985718,0.46,0.27058823529411763,0.5881003707756294
200k,16,40,10,5,100,0.19246002193540335,40.04430150985718,0.27,0.3176470588235294,0.442057748026501
200k,16,40,10,5,300,0.19246002193540335,40.04430150985718,0.1,0.35294117647058826,0.46503607642846
200k,16,40,10,5,500,0.19246002193540335,40.04430150985718,0.06,0.35294117647058826,0.46503607642846
200k,16,40,10,5,1000,0.19246002193540335,40.04430150985718,0.03,0.35294117647058826,0.46503607642846
200k,16,40,10,11,10,0.19144100951962173,40.04430150985718,0.2,0.06060606060606061,0.22400556151517553
200k,16,40,10,11,50,0.19144100951962173,40.04430150985718,0.12,0.18181818181818182,0.1884653992989992
200k,16,40,10,11,100,0.19144100951962173,40.04430150985718,0.09,0.2727272727272727,0.23816124785676834
200k,16,40,10,11,300,0.19144100951962173,40.04430150985718,0.03333333333333333,0.30303030303030304,0.25300106682258483
200k,16,40,10,11,500,0.19144100951962173,40.04430150985718,0.02,0.30303030303030304,0.25300106682258483
200k,16,40,10,11,1000,0.19144100951962173,40.04430150985718,0.01,0.30303030303030304,0.25300106682258483
200k,16,40,10,12,10,0.1325479825027287,40.04430150985718,0.0,0.0,0.0
200k,16,40,10,12,50,0.1325479825027287,40.04430150985718,0.0,0.0,0.0
200k,16,40,10,12,100,0.1325479825027287,40.04430150985718,0.0,0.0,0.0
200k,16,40,10,12,300,0.1325479825027287,40.04430150985718,0.0,0.0,0.0
200k,16,40,10,12,500,0.1325479825027287,40.04430150985718,0.0,0.0,0.0
200k,16,40,10,12,1000,0.1325479825027287,40.04430150985718,0.0,0.0,0.0
200k,16,40,10,15,10,0.19041899940930307,40.04430150985718,0.0,0.0,0.0
200k,16,40,10,15,50,0.19041899940930307,40.04430150985718,0.0,0.0,0.0
200k,16,40,10,15,100,0.19041899940930307,40.04430150985718,0.0,0.0,0.0
200k,16,40,10,15,300,0.19041899940930307,40.04430150985718,0.01,0.07894736842105263,0.037908376850190315
200k,16,40,10,15,500,0.19041899940930307,40.04430150985718,0.006,0.07894736842105263,0.037908376850190315
200k,16,40,10,15,1000,0.19041899940930307,40.04430150985718,0.003,0.07894736842105263,0.037908376850190315
200k,16,40,10,34,10,0.20888401195406914,40.04430150985718,0.0,0.0,0.0
200k,16,40,10,34,50,0.20888401195406914,40.04430150985718,0.02,0.02857142857142857,0.0179489468007983
200k,16,40,10,34,100,0.20888401195406914,40.04430150985718,0.02,0.05714285714285714,0.03291835308868915
200k,16,40,10,34,300,0.20888401195406914,40.04430150985718,0.016666666666666666,0.14285714285714285,0.07402266547089183
200k,16,40,10,34,500,0.20888401195406914,40.04430150985718,0.01,0.14285714285714285,0.07402266547089183
200k,16,40,10,34,1000,0.20888401195406914,40.04430150985718,0.005,0.14285714285714285,0.07402266547089183
200k,16,40,10,14,10,0.17754000145941973,40.04430150985718,0.0,0.0,0.0
200k,16,40,10,14,50,0.17754000145941973,40.04430150985718,0.02,0.021739130434782608,0.014538634831365981
200k,16,40,10,14,100,0.17754000145941973,40.04430150985718,0.01,0.021739130434782608,0.014538634831365981
200k,16,40,10,14,300,0.17754000145941973,40.04430150985718,0.023333333333333334,0.15217391304347827,0.08512772044729973
200k,16,40,10,14,500,0.17754000145941973,40.04430150985718,0.014,0.15217391304347827,0.08512772044729973
200k,16,40,10,14,1000,0.17754000145941973,40.04430150985718,0.007,0.15217391304347827,0.08512772044729973
200k,16,40,10,27,10,0.1836660085245967,40.04430150985718,0.0,0.0,0.0
200k,16,40,10,27,50,0.1836660085245967,40.04430150985718,0.0,0.0,0.0
200k,16,40,10,27,100,0.1836660085245967,40.04430150985718,0.01,0.030303030303030304,0.015394074868461434
200k,16,40,10,27,300,0.1836660085245967,40.04430150985718,0.01,0.09090909090909091,0.044826545770747364
200k,16,40,10,27,500,0.1836660085245967,40.04430150985718,0.006,0.09090909090909091,0.044826545770747364
200k,16,40,10,27,1000,0.1836660085245967,40.04430150985718,0.003,0.09090909090909091,0.044826545770747364
200k,16,40,10,66,10,0.15468901256099343,40.04430150985718,0.1,0.01818181818181818,0.06625422345438903
200k,16,40,10,66,50,0.15468901256099343,40.04430150985718,0.02,0.01818181818181818,0.02333976076433925
200k,16,40,10,66,100,0.15468901256099343,40.04430150985718,0.01,0.01818181818181818,0.021866577706041675
200k,16,40,10,66,300,0.15468901256099343,40.04430150985718,0.01,0.05454545454545454,0.042286397304759644
200k,16,40,10,66,500,0.15468901256099343,40.04430150985718,0.006,0.05454545454545454,0.042286397304759644
200k,16,40,10,66,1000,0.15468901256099343,40.04430150985718,0.003,0.05454545454545454,0.042286397304759644
200k,16,40,10,72,10,0.21044100867584348,40.04430150985718,0.0,0.0,0.0
200k,16,40,10,72,50,0.21044100867584348,40.04430150985718,0.02,0.02702702702702703,0.020718013717640177
200k,16,40,10,72,100,0.21044100867584348,40.04430150985718,0.02,0.05405405405405406,0.03722421230954941
200k,16,40,10,72,300,0.21044100867584348,40.04430150985718,0.006666666666666667,0.05405405405405406,0.03722421230954941
200k,16,40,10,72,500,0.21044100867584348,40.04430150985718,0.004,0.05405405405405406,0.03722421230954941
200k,16,40,10,72,1000,0.21044100867584348,40.04430150985718,0.002,0.05405405405405406,0.03722421230954941
200k,16,40,10,99,10,0.15345501014962792,40.04430150985718,0.0,0.0,0.0
200k,16,40,10,99,50,0.15345501014962792,40.04430150985718,0.0,0.0,0.0
200k,16,40,10,99,100,0.15345501014962792,40.04430150985718,0.01,0.047619047619047616,0.021101277594811292
200k,16,40,10,99,300,0.15345501014962792,40.04430150985718,0.0033333333333333335,0.047619047619047616,0.021101277594811292
200k,16,40,10,99,500,0.15345501014962792,40.04430150985718,0.002,0.047619047619047616,0.021101277594811292
200k,16,40,10,99,1000,0.15345501014962792,40.04430150985718,0.001,0.047619047619047616,0.021101277594811292
200k,16,40,10,101,10,0.17974400543607771,40.04430150985718,0.1,0.023255813953488372,0.22009176629808017
200k,16,40,10,101,50,0.17974400543607771,40.04430150985718,0.08,0.09302325581395349,0.1461444417289472
200k,16,40,10,101,100,0.17974400543607771,40.04430150985718,0.06,0.13953488372093023,0.1741836905859277
200k,16,40,10,101,300,0.17974400543607771,40.04430150985718,0.03666666666666667,0.2558139534883721,0.23602955671492823
200k,16,40,10,101,500,0.17974400543607771,40.04430150985718,0.022,0.2558139534883721,0.23602955671492823
200k,16,40,10,101,1000,0.17974400543607771,40.04430150985718,0.011,0.2558139534883721,0.23602955671492823
200k,16,40,10,56,10,0.1910050050355494,40.04430150985718,0.0,0.0,0.0
200k,16,40,10,56,50,0.1910050050355494,40.04430150985718,0.04,0.0392156862745098,0.02988006749186478
200k,16,40,10,56,100,0.1910050050355494,40.04430150985718,0.05,0.09803921568627451,0.065109682175596
200k,16,40,10,56,300,0.1910050050355494,40.04430150985718,0.03333333333333333,0.19607843137254902,0.11960014474624013
200k,16,40,10,56,500,0.1910050050355494,40.04430150985718,0.02,0.19607843137254902,0.11960014474624013
200k,16,40,10,56,1000,0.1910050050355494,40.04430150985718,0.01,0.19607843137254902,0.11960014474624013
200k,16,40,10,82,10,0.17111297347582877,40.04430150985718,0.1,0.016129032258064516,0.09478836436955078
200k,16,40,10,82,50,0.17111297347582877,40.04430150985718,0.02,0.016129032258064516,0.0333916485965813
200k,16,40,10,82,100,0.17111297347582877,40.04430150985718,0.01,0.016129032258064516,0.02880400475746621
200k,16,40,10,82,300,0.17111297347582877,40.04430150985718,0.02,0.0967741935483871,0.07613017669201648
200k,16,40,10,82,500,0.17111297347582877,40.04430150985718,0.012,0.0967741935483871,0.07613017669201648
200k,16,40,10,82,1000,0.17111297347582877,40.04430150985718,0.006,0.0967741935483871,0.07613017669201648
200k,16,40,10,91,10,0.18119701417163014,40.04430150985718,0.0,0.0,0.0
200k,16,40,10,91,50,0.18119701417163014,40.04430150985718,0.0,0.0,0.0
200k,16,40,10,91,100,0.18119701417163014,40.04430150985718,0.01,0.015625,0.010207674689713822
200k,16,40,10,91,300,0.18119701417163014,40.04430150985718,0.01,0.046875,0.02809116125871021
200k,16,40,10,91,500,0.18119701417163014,40.04430150985718,0.006,0.046875,0.02809116125871021
200k,16,40,10,91,1000,0.18119701417163014,40.04430150985718,0.003,0.046875,0.02809116125871021
200k,16,40,10,92,10,0.21288299467414618,40.04430150985718,0.0,0.0,0.0
200k,16,40,10,92,50,0.21288299467414618,40.04430150985718,0.0,0.0,0.0
200k,16,40,10,92,100,0.21288299467414618,40.04430150985718,0.0,0.0,0.0
200k,16,40,10,92,300,0.21288299467414618,40.04430150985718,0.01,0.047619047619047616,0.02554771377440316
200k,16,40,10,92,500,0.21288299467414618,40.04430150985718,0.006,0.047619047619047616,0.02554771377440316
200k,16,40,10,92,1000,0.21288299467414618,40.04430150985718,0.003,0.047619047619047616,0.02554771377440316
200k,16,40,50,1,10,0.42764798854477704,40.04430150985718,1.0,0.136986301369863,1.0
200k,16,40,50,1,50,0.42764798854477704,40.04430150985718,0.34,0.2328767123287671,0.4788533266231321
200k,16,40,50,1,100,0.42764798854477704,40.04430150985718,0.2,0.273972602739726,0.39777400862302364
200k,16,40,50,1,300,0.42764798854477704,40.04430150985718,0.09,0.3698630136986301,0.45563512095573183
200k,16,40,50,1,500,0.42764798854477704,40.04430150985718,0.056,0.3835616438356164,0.4624349487689547
200k,16,40,50,1,1000,0.42764798854477704,40.04430150985718,0.028,0.3835616438356164,0.4624349487689547
200k,16,40,50,2,10,0.33209999673999846,40.04430150985718,0.5,0.07692307692307693,0.5517854393872873
200k,16,40,50,2,50,0.33209999673999846,40.04430150985718,0.34,0.26153846153846155,0.40105399065039027
200k,16,40,50,2,100,0.33209999673999846,40.04430150985718,0.2,0.3076923076923077,0.36555408518296545
200k,16,40,50,2,300,0.33209999673999846,40.04430150985718,0.10333333333333333,0.47692307692307695,0.46421059932494124
200k,16,40,50,2,500,0.33209999673999846,40.04430150985718,0.066,0.5076923076923077,0.4793961868303969
200k,16,40,50,2,1000,0.33209999673999846,40.04430150985718,0.033,0.5076923076923077,0.4793961868303969
200k,16,40,50,3,10,0.3688989963848144,40.04430150985718,0.2,0.2857142857142857,0.16945984979943973
200k,16,40,50,3,50,0.3688989963848144,40.04430150985718,0.1,0.7142857142857143,0.3743492400353335
200k,16,40,50,3,100,0.3688989963848144,40.04430150985718,0.06,0.8571428571428571,0.4170124006064913
200k,16,40,50,3,300,0.3688989963848144,40.04430150985718,0.02,0.8571428571428571,0.4170124006064913
200k,16,40,50,3,500,0.3688989963848144,40.04430150985718,0.012,0.8571428571428571,0.4170124006064913
200k,16,40,50,3,1000,0.3688989963848144,40.04430150985718,0.006,0.8571428571428571,0.4170124006064913
200k,16,40,50,4,10,0.3289949963800609,40.04430150985718,0.9,0.10975609756097561,0.9052116356304493
200k,16,40,50,4,50,0.3289949963800609,40.04430150985718,0.44,0.2682926829268293,0.5485753878286562
200k,16,40,50,4,100,0.3289949963800609,40.04430150985718,0.27,0.32926829268292684,0.43205376441586246
200k,16,40,50,4,300,0.3289949963800609,40.04430150985718,0.17333333333333334,0.6341463414634146,0.6175326288540146
200k,16,40,50,4,500,0.3289949963800609,40.04430150985718,0.122,0.7439024390243902,0.675451659265859
200k,16,40,50,4,1000,0.3289949963800609,40.04430150985718,0.061,0.7439024390243902,0.675451659265859
200k,16,40,50,5,10,0.3283230180386454,40.04430150985718,1.0,0.11764705882352941,1.0
200k,16,40,50,5,50,0.3283230180386454,40.04430150985718,0.54,0.3176470588235294,0.650760117637129
200k,16,40,50,5,100,0.3283230180386454,40.04430150985718,0.4,0.47058823529411764,0.5596354300288493
200k,16,40,50,5,300,0.3283230180386454,40.04430150985718,0.17666666666666667,0.6235294117647059,0.6551117594866662
200k,16,40,50,5,500,0.3283230180386454,40.04430150985718,0.112,0.6588235294117647,0.6740021309492963
200k,16,40,50,5,1000,0.3283230180386454,40.04430150985718,0.056,0.6588235294117647,0.6740021309492963
200k,16,40,50,11,10,0.3437260165810585,40.04430150985718,0.2,0.06060606060606061,0.22400556151517553
200k,16,40,50,11,50,0.3437260165810585,40.04430150985718,0.12,0.18181818181818182,0.19261893390940318
200k,16,40,50,11,100,0.3437260165810585,40.04430150985718,0.11,0.3333333333333333,0.272264542464895
200k,16,40,50,11,300,0.3437260165810585,40.04430150985718,0.05333333333333334,0.48484848484848486,0.34140697463300457
200k,16,40,50,11,500,0.3437260165810585,40.04430150985718,0.032,0.48484848484848486,0.34140697463300457
200k,16,40,50,11,1000,0.3437260165810585,40.04430150985718,0.016,0.48484848484848486,0.34140697463300457
200k,16,40,50,12,10,0.3457929997239262,40.04430150985718,0.0,0.0,0.0
200k,16,40,50,12,50,0.3457929997239262,40.04430150985718,0.0,0.0,0.0
200k,16,40,50,12,100,0.3457929997239262,40.04430150985718,0.01,0.07692307692307693,0.028907770211017522
200k,16,40,50,12,300,0.3457929997239262,40.04430150985718,0.0033333333333333335,0.07692307692307693,0.028907770211017522
200k,16,40,50,12,500,0.3457929997239262,40.04430150985718,0.002,0.07692307692307693,0.028907770211017522
200k,16,40,50,12,1000,0.3457929997239262,40.04430150985718,0.001,0.07692307692307693,0.028907770211017522
200k,16,40,50,15,10,0.41393001447431743,40.04430150985718,0.0,0.0,0.0
200k,16,40,50,15,50,0.41393001447431743,40.04430150985718,0.0,0.0,0.0
200k,16,40,50,15,100,0.41393001447431743,40.04430150985718,0.0,0.0,0.0
200k,16,40,50,15,300,0.41393001447431743,40.04430150985718,0.01,0.07894736842105263,0.037248299505022064
200k,16,40,50,15,500,0.41393001447431743,40.04430150985718,0.016,0.21052631578947367,0.0919776955250397
200k,16,40,50,15,1000,0.41393001447431743,40.04430150985718,0.009,0.23684210526315788,0.102024759023877
200k,16,40,50,34,10,0.3845319733954966,40.04430150985718,0.0,0.0,0.0
200k,16,40,50,34,50,0.3845319733954966,40.04430150985718,0.0,0.0,0.0
200k,16,40,50,34,100,0.3845319733954966,40.04430150985718,0.02,0.05714285714285714,0.0323035389041849
200k,16,40,50,34,300,0.3845319733954966,40.04430150985718,0.016666666666666666,0.14285714285714285,0.07023851631644555
200k,16,40,50,34,500,0.3845319733954966,40.04430150985718,0.02,0.2857142857142857,0.1272234070635868
200k,16,40,50,34,1000,0.3845319733954966,40.04430150985718,0.01,0.2857142857142857,0.1272234070635868
200k,16,40,50,14,10,0.34430198138579726,40.04430150985718,0.0,0.0,0.0
200k,16,40,50,14,50,0.34430198138579726,40.04430150985718,0.0,0.0,0.0
200k,16,40,50,14,100,0.34430198138579726,40.04430150985718,0.01,0.021739130434782608,0.01287113045613631
200k,16,40,50,14,300,0.34430198138579726,40.04430150985718,0.023333333333333334,0.15217391304347827,0.07469795326364746
200k,16,40,50,14,500,0.34430198138579726,40.04430150985718,0.028,0.30434782608695654,0.1410733947895152
200k,16,40,50,14,1000,0.34430198138579726,40.04430150985718,0.014,0.30434782608695654,0.1410733947895152
200k,16,40,50,27,10,0.3303260018583387,40.04430150985718,0.0,0.0,0.0
200k,16,40,50,27,50,0.3303260018583387,40.04430150985718,0.0,0.0,0.0
200k,16,40,50,27,100,0.3303260018583387,40.04430150985718,0.0,0.0,0.0
200k,16,40,50,27,300,0.3303260018583387,40.04430150985718,0.01,0.09090909090909091,0.03901271274379579
200k,16,40,50,27,500,0.3303260018583387,40.04430150985718,0.01,0.15151515151515152,0.06347884980627615
200k,16,40,50,27,1000,0.3303260018583387,40.04430150985718,0.005,0.15151515151515152,0.06347884980627615
200k,16,40,50,66,10,0.2979179844260216,40.04430150985718,0.1,0.01818181818181818,0.06625422345438903
200k,16,40,50,66,50,0.2979179844260216,40.04430150985718,0.02,0.01818181818181818,0.02333976076433925
200k,16,40,50,66,100,0.2979179844260216,40.04430150985718,0.01,0.01818181818181818,0.021866577706041675
200k,16,40,50,66,300,0.2979179844260216,40.04430150985718,0.02,0.10909090909090909,0.06803717739255431
200k,16,40,50,66,500,0.2979179844260216,40.04430150985718,0.028,0.2545454545454545,0.13574127684192633
200k,16,40,50,66,1000,0.2979179844260216,40.04430150985718,0.014,0.2545454545454545,0.13574127684192633
200k,16,40,50,72,10,0.3290309978183359,40.04430150985718,0.0,0.0,0.0
200k,16,40,50,72,50,0.3290309978183359,40.04430150985718,0.02,0.02702702702702703,0.018831065483219563
200k,16,40,50,72,100,0.3290309978183359,40.04430150985718,0.02,0.05405405405405406,0.03394407061433774
200k,16,40,50,72,300,0.3290309978183359,40.04430150985718,0.013333333333333334,0.10810810810810811,0.05919585659740998
200k,16,40,50,72,500,0.3290309978183359,40.04430150985718,0.01,0.13513513513513514,0.0705737951564306
200k,16,40,50,72,1000,0.3290309978183359,40.04430150985718,0.005,0.13513513513513514,0.0705737951564306
200k,16,40,50,99,10,0.27655198937281966,40.04430150985718,0.0,0.0,0.0
200k,16,40,50,99,50,0.27655198937281966,40.04430150985718,0.0,0.0,0.0
200k,16,40,50,99,100,0.27655198937281966,40.04430150985718,0.0,0.0,0.0
200k,16,40,50,99,300,0.27655198937281966,40.04430150985718,0.01,0.14285714285714285,0.05495068228194614
200k,16,40,50,99,500,0.27655198937281966,40.04430150985718,0.008,0.19047619047619047,0.07144763939622133
200k,16,40,50,99,1000,0.27655198937281966,40.04430150985718,0.004,0.19047619047619047,0.07144763939622133
200k,16,40,50,101,10,0.304379005683586,40.04430150985718,0.1,0.023255813953488372,0.22009176629808017
200k,16,40,50,101,50,0.304379005683586,40.04430150985718,0.08,0.09302325581395349,0.14429839711959375
200k,16,40,50,101,100,0.304379005683586,40.04430150985718,0.07,0.16279069767441862,0.1855402686934256
200k,16,40,50,101,300,0.304379005683586,40.04430150985718,0.056666666666666664,0.3953488372093023,0.30087810491127165
200k,16,40,50,101,500,0.304379005683586,40.04430150985718,0.036,0.4186046511627907,0.3111219758221351
200k,16,40,50,101,1000,0.304379005683586,40.04430150985718,0.018,0.4186046511627907,0.3111219758221351
200k,16,40,50,56,10,0.3223289968445897,40.04430150985718,0.0,0.0,0.0
200k,16,40,50,56,50,0.3223289968445897,40.04430150985718,0.0,0.0,0.0
200k,16,40,50,56,100,0.3223289968445897,40.04430150985718,0.03,0.058823529411764705,0.03772995343156507
200k,16,40,50,56,300,0.3223289968445897,40.04430150985718,0.05,0.29411764705882354,0.15557702747887778
200k,16,40,50,56,500,0.3223289968445897,40.04430150985718,0.034,0.3333333333333333,0.17371127947488532
200k,16,40,50,56,1000,0.3223289968445897,40.04430150985718,0.017,0.3333333333333333,0.17371127947488532
200k,16,40,50,82,10,0.317603989969939,40.04430150985718,0.1,0.016129032258064516,0.07839826897867533
200k,16,40,50,82,50,0.317603989969939,40.04430150985718,0.04,0.03225806451612903,0.04857019105727315
200k,16,40,50,82,100,0.317603989969939,40.04430150985718,0.03,0.04838709677419355,0.05300258711911701
200k,16,40,50,82,300,0.317603989969939,40.04430150985718,0.043333333333333335,0.20967741935483872,0.1394790722142475
200k,16,40,50,82,500,0.317603989969939,40.04430150985718,0.042,0.3387096774193548,0.20159819754571084
200k,16,40,50,82,1000,0.317603989969939,40.04430150985718,0.021,0.3387096774193548,0.20159819754571084
200k,16,40,50,91,10,0.36389700835570693,40.04430150985718,0.0,0.0,0.0
200k,16,40,50,91,50,0.36389700835570693,40.04430150985718,0.0,0.0,0.0
200k,16,40,50,91,100,0.36389700835570693,40.04430150985718,0.0,0.0,0.0
200k,16,40,50,91,300,0.36389700835570693,40.04430150985718,0.006666666666666667,0.03125,0.017189693709508576
200k,16,40,50,91,500,0.36389700835570693,40.04430150985718,0.012,0.09375,0.047649816584805105
200k,16,40,50,91,1000,0.36389700835570693,40.04430150985718,0.008,0.125,0.06209807938050746
200k,16,40,50,92,10,0.37870201049372554,40.04430150985718,0.0,0.0,0.0
200k,16,40,50,92,50,0.37870201049372554,40.04430150985718,0.0,0.0,0.0
200k,16,40,50,92,100,0.37870201049372554,40.04430150985718,0.0,0.0,0.0
200k,16,40,50,92,300,0.37870201049372554,40.04430150985718,0.006666666666666667,0.031746031746031744,0.016554377609326553
200k,16,40,50,92,500,0.37870201049372554,40.04430150985718,0.016,0.12698412698412698,0.061787224075085224
200k,16,40,50,92,1000,0.37870201049372554,40.04430150985718,0.012,0.19047619047619047,0.09081579410336729
200k,16,40,100,1,10,0.7180030224844813,40.04430150985718,1.0,0.136986301369863,1.0
200k,16,40,100,1,50,0.7180030224844813,40.04430150985718,0.36,0.2465753424657534,0.5016271574540325
200k,16,40,100,1,100,0.7180030224844813,40.04430150985718,0.22,0.3013698630136986,0.42433290005316265
200k,16,40,100,1,300,0.7180030224844813,40.04430150985718,0.10333333333333333,0.4246575342465753,0.49716169235155533
200k,16,40,100,1,500,0.7180030224844813,40.04430150985718,0.066,0.4520547945205479,0.5113061242535052
200k,16,40,100,1,1000,0.7180030224844813,40.04430150985718,0.034,0.4657534246575342,0.5175495693350851
200k,16,40,100,2,10,0.4701759899035096,40.04430150985718,0.5,0.07692307692307693,0.5517854393872873
200k,16,40,100,2,50,0.4701759899035096,40.04430150985718,0.36,0.27692307692307694,0.41283266753246284
200k,16,40,100,2,100,0.4701759899035096,40.04430150985718,0.2,0.3076923076923077,0.36631320240817383
200k,16,40,100,2,300,0.4701759899035096,40.04430150985718,0.11666666666666667,0.5384615384615384,0.49879289034792235
200k,16,40,100,2,500,0.4701759899035096,40.04430150985718,0.08,0.6153846153846154,0.5365036599248457
200k,16,40,100,2,1000,0.4701759899035096,40.04430150985718,0.043,0.6615384615384615,0.5577829954761887
200k,16,40,100,3,10,0.4959430079907179,40.04430150985718,0.2,0.2857142857142857,0.16945984979943973
200k,16,40,100,3,50,0.4959430079907179,40.04430150985718,0.12,0.8571428571428571,0.4363955046222898
200k,16,40,100,3,100,0.4959430079907179,40.04430150985718,0.07,1.0,0.4786335204343405
200k,16,40,100,3,300,0.4959430079907179,40.04430150985718,0.023333333333333334,1.0,0.4786335204343405
200k,16,40,100,3,500,0.4959430079907179,40.04430150985718,0.014,1.0,0.4786335204343405
200k,16,40,100,3,1000,0.4959430079907179,40.04430150985718,0.007,1.0,0.4786335204343405
200k,16,40,100,4,10,0.4065209941472858,40.04430150985718,0.9,0.10975609756097561,0.9052116356304493
200k,16,40,100,4,50,0.4065209941472858,40.04430150985718,0.54,0.32926829268292684,0.6300385827924883
200k,16,40,100,4,100,0.4065209941472858,40.04430150985718,0.33,0.4024390243902439,0.4979226809140692
200k,16,40,100,4,300,0.4065209941472858,40.04430150985718,0.19333333333333333,0.7073170731707317,0.6825098252916058
200k,16,40,100,4,500,0.4065209941472858,40.04430150985718,0.144,0.8780487804878049,0.7726769481067642
200k,16,40,100,4,1000,0.4065209941472858,40.04430150985718,0.075,0.9146341463414634,0.7907031845709037
200k,16,40,100,5,10,0.46193800517357886,40.04430150985718,1.0,0.11764705882352941,1.0
200k,16,40,100,5,50,0.46193800517357886,40.04430150985718,0.54,0.3176470588235294,0.650760117637129
200k,16,40,100,5,100,0.46193800517357886,40.04430150985718,0.39,0.4588235294117647,0.5513961302950561
200k,16,40,100,5,300,0.46193800517357886,40.04430150985718,0.19,0.6705882352941176,0.6834171014741309
200k,16,40,100,5,500,0.46193800517357886,40.04430150985718,0.132,0.7764705882352941,0.7394921614753032
200k,16,40,100,5,1000,0.46193800517357886,40.04430150985718,0.068,0.8,0.7512983655577533
200k,16,40,100,11,10,0.5240000027697533,40.04430150985718,0.2,0.06060606060606061,0.22400556151517553
200k,16,40,100,11,50,0.5240000027697533,40.04430150985718,0.12,0.18181818181818182,0.19261893390940318
200k,16,40,100,11,100,0.5240000027697533,40.04430150985718,0.1,0.30303030303030304,0.25559303566920355
200k,16,40,100,11,300,0.5240000027697533,40.04430150985718,0.05333333333333334,0.48484848484848486,0.337115948842689
200k,16,40,100,11,500,0.5240000027697533,40.04430150985718,0.034,0.5151515151515151,0.34869524301110266
200k,16,40,100,11,1000,0.5240000027697533,40.04430150985718,0.017,0.5151515151515151,0.34869524301110266
200k,16,40,100,12,10,0.558019004529342,40.04430150985718,0.0,0.0,0.0
200k,16,40,100,12,50,0.558019004529342,40.04430150985718,0.0,0.0,0.0
200k,16,40,100,12,100,0.558019004529342,40.04430150985718,0.0,0.0,0.0
200k,16,40,100,12,300,0.558019004529342,40.04430150985718,0.0033333333333333335,0.07692307692307693,0.027698387502603554
200k,16,40,100,12,500,0.558019004529342,40.04430150985718,0.004,0.15384615384615385,0.0496258589343555
200k,16,40,100,12,1000,0.558019004529342,40.04430150985718,0.002,0.15384615384615385,0.0496258589343555
200k,16,40,100,15,10,0.5869989981874824,40.04430150985718,0.0,0.0,0.0
200k,16,40,100,15,50,0.5869989981874824,40.04430150985718,0.0,0.0,0.0
200k,16,40,100,15,100,0.5869989981874824,40.04430150985718,0.0,0.0,0.0
200k,16,40,100,15,300,0.5869989981874824,40.04430150985718,0.016666666666666666,0.13157894736842105,0.06194558558125689
200k,16,40,100,15,500,0.5869989981874824,40.04430150985718,0.016,0.21052631578947367,0.09387705430920568
200k,16,40,100,15,1000,0.5869989981874824,40.04430150985718,0.014,0.3684210526315789,0.15325900373178175
200k,16,40,100,34,10,0.5404310068115592,40.04430150985718,0.0,0.0,0.0
200k,16,40,100,34,50,0.5404310068115592,40.04430150985718,0.0,0.0,0.0
200k,16,40,100,34,100,0.5404310068115592,40.04430150985718,0.03,0.08571428571428572,0.0488232661054297
200k,16,40,100,34,300,0.5404310068115592,40.04430150985718,0.02666666666666667,0.22857142857142856,0.11203045251617787
200k,16,40,100,34,500,0.5404310068115592,40.04430150985718,0.024,0.34285714285714286,0.1583669817885351
200k,16,40,100,34,1000,0.5404310068115592,40.04430150985718,0.019,0.5428571428571428,0.23198175191943898
200k,16,40,100,14,10,0.4690019995905459,40.04430150985718,0.0,0.0,0.0
200k,16,40,100,14,50,0.4690019995905459,40.04430150985718,0.0,0.0,0.0
200k,16,40,100,14,100,0.4690019995905459,40.04430150985718,0.01,0.021739130434782608,0.012350352241242826
200k,16,40,100,14,300,0.4690019995905459,40.04430150985718,0.013333333333333334,0.08695652173913043,0.04455371199451634
200k,16,40,100,14,500,0.4690019995905459,40.04430150985718,0.018,0.1956521739130435,0.09294691073354473
200k,16,40,100,14,1000,0.4690019995905459,40.04430150985718,0.018,0.391304347826087,0.17301299357209718
200k,16,40,100,27,10,0.4454999871086329,40.04430150985718,0.0,0.0,0.0
200k,16,40,100,27,50,0.4454999871086329,40.04430150985718,0.0,0.0,0.0
200k,16,40,100,27,100,0.4454999871086329,40.04430150985718,0.0,0.0,0.0
200k,16,40,100,27,300,0.4454999871086329,40.04430150985718,0.013333333333333334,0.12121212121212122,0.05321780066341654
200k,16,40,100,27,500,0.4454999871086329,40.04430150985718,0.018,0.2727272727272727,0.11204095228693522
200k,16,40,100,27,1000,0.4454999871086329,40.04430150985718,0.012,0.36363636363636365,0.1452024734226044
200k,16,40,100,66,10,0.37967899697832763,40.04430150985718,0.1,0.01818181818181818,0.06625422345438903
200k,16,40,100,66,50,0.37967899697832763,40.04430150985718,0.02,0.01818181818181818,0.02333976076433925
200k,16,40,100,66,100,0.37967899697832763,40.04430150985718,0.01,0.01818181818181818,0.021866577706041675
200k,16,40,100,66,300,0.37967899697832763,40.04430150985718,0.02,0.10909090909090909,0.06752314079975916
200k,16,40,100,66,500,0.37967899697832763,40.04430150985718,0.022,0.2,0.10967026934060951
200k,16,40,100,66,1000,0.37967899697832763,40.04430150985718,0.02,0.36363636363636365,0.1812785751694987
200k,16,40,100,72,10,0.5521560087800026,40.04430150985718,0.0,0.0,0.0
200k,16,40,100,72,50,0.5521560087800026,40.04430150985718,0.02,0.02702702702702703,0.01867164811791742
200k,16,40,100,72,100,0.5521560087800026,40.04430150985718,0.02,0.05405405405405406,0.03345337896946716
200k,16,40,100,72,300,0.5521560087800026,40.04430150985718,0.02,0.16216216216216217,0.08178546614229495
200k,16,40,100,72,500,0.5521560087800026,40.04430150985718,0.016,0.21621621621621623,0.10356725350329389
200k,16,40,100,72,1000,0.5521560087800026,40.04430150985718,0.01,0.2702702702702703,0.12436295896057475
200k,16,40,100,99,10,0.39325898978859186,40.04430150985718,0.0,0.0,0.0
200k,16,40,100,99,50,0.39325898978859186,40.04430150985718,0.0,0.0,0.0
200k,16,40,100,99,100,0.39325898978859186,40.04430150985718,0.0,0.0,0.0
200k,16,40,100,99,300,0.39325898978859186,40.04430150985718,0.01,0.14285714285714285,0.05375105367229071
200k,16,40,100,99,500,0.39325898978859186,40.04430150985718,0.018,0.42857142857142855,0.14841892548651808
200k,16,40,100,99,1000,0.39325898978859186,40.04430150985718,0.009,0.42857142857142855,0.14841892548651808
200k,16,40,100,101,10,0.419908988988027,40.04430150985718,0.1,0.023255813953488372,0.22009176629808017
200k,16,40,100,101,50,0.419908988988027,40.04430150985718,0.08,0.09302325581395349,0.14429839711959375
200k,16,40,100,101,100,0.419908988988027,40.04430150985718,0.07,0.16279069767441862,0.18544750439215293
200k,16,40,100,101,300,0.419908988988027,40.04430150985718,0.06,0.4186046511627907,0.3129533553585817
200k,16,40,100,101,500,0.419908988988027,40.04430150985718,0.048,0.5581395348837209,0.37352722153597523
200k,16,40,100,101,1000,0.419908988988027,40.04430150985718,0.024,0.5581395348837209,0.37352722153597523
200k,16,40,100,56,10,0.45201301691122353,40.04430150985718,0.0,0.0,0.0
200k,16,40,100,56,50,0.45201301691122353,40.04430150985718,0.0,0.0,0.0
200k,16,40,100,56,100,0.45201301691122353,40.04430150985718,0.02,0.0392156862745098,0.02586278489915839
200k,16,40,100,56,300,0.45201301691122353,40.04430150985718,0.03,0.17647058823529413,0.09646974918835702
200k,16,40,100,56,500,0.45201301691122353,40.04430150985718,0.038,0.37254901960784315,0.1857584199145371
200k,16,40,100,56,1000,0.45201301691122353,40.04430150985718,0.022,0.43137254901960786,0.21096842674167454
200k,16,40,100,82,10,0.44187900493852794,40.04430150985718,0.1,0.016129032258064516,0.07839826897867533
200k,16,40,100,82,50,0.44187900493852794,40.04430150985718,0.04,0.03225806451612903,0.04857019105727315
200k,16,40,100,82,100,0.44187900493852794,40.04430150985718,0.03,0.04838709677419355,0.0527725616175262
200k,16,40,100,82,300,0.44187900493852794,40.04430150985718,0.03333333333333333,0.16129032258064516,0.114272679278203
200k,16,40,100,82,500,0.44187900493852794,40.04430150985718,0.042,0.3387096774193548,0.19955565655414897
200k,16,40,100,82,1000,0.44187900493852794,40.04430150985718,0.034,0.5483870967741935,0.29356348234465957
200k,16,40,100,91,10,0.4769020015373826,40.04430150985718,0.0,0.0,0.0
200k,16,40,100,91,50,0.4769020015373826,40.04430150985718,0.0,0.0,0.0
200k,16,40,100,91,100,0.4769020015373826,40.04430150985718,0.0,0.0,0.0
200k,16,40,100,91,300,0.4769020015373826,40.04430150985718,0.01,0.046875,0.025064514124262405
200k,16,40,100,91,500,0.4769020015373826,40.04430150985718,0.016,0.125,0.06243455263773592
200k,16,40,100,91,1000,0.4769020015373826,40.04430150985718,0.012,0.1875,0.08997444932121523
200k,16,40,100,92,10,0.4980469821020961,40.04430150985718,0.0,0.0,0.0
200k,16,40,100,92,50,0.4980469821020961,40.04430150985718,0.0,0.0,0.0
200k,16,40,100,92,100,0.4980469821020961,40.04430150985718,0.0,0.0,0.0
200k,16,40,100,92,300,0.4980469821020961,40.04430150985718,0.006666666666666667,0.031746031746031744,0.016415140109055665
200k,16,40,100,92,500,0.4980469821020961,40.04430150985718,0.012,0.09523809523809523,0.047317222712828365
200k,16,40,100,92,1000,0.4980469821020961,40.04430150985718,0.027,0.42857142857142855,0.19518013062631742
200k,16,40,200,1,10,1.1136560060549527,40.04430150985718,1.0,0.136986301369863,1.0
200k,16,40,200,1,50,1.1136560060549527,40.04430150985718,0.38,0.2602739726027397,0.5159221225458827
200k,16,40,200,1,100,1.1136560060549527,40.04430150985718,0.24,0.3287671232876712,0.4448716695955658
200k,16,40,200,1,300,1.1136560060549527,40.04430150985718,0.11666666666666667,0.4794520547945205,0.5325278886982586
200k,16,40,200,1,500,1.1136560060549527,40.04430150985718,0.082,0.5616438356164384,0.5745848796201017
200k,16,40,200,1,1000,1.1136560060549527,40.04430150985718,0.044,0.6027397260273972,0.5940124127656878
200k,16,40,200,2,10,0.7344110053963959,40.04430150985718,0.5,0.07692307692307693,0.5517854393872873
200k,16,40,200,2,50,0.7344110053963959,40.04430150985718,0.36,0.27692307692307694,0.41283266753246284
200k,16,40,200,2,100,0.7344110053963959,40.04430150985718,0.21,0.3230769230769231,0.3762832979932306
200k,16,40,200,2,300,0.7344110053963959,40.04430150985718,0.12666666666666668,0.5846153846153846,0.5259643274416674
200k,16,40,200,2,500,0.7344110053963959,40.04430150985718,0.086,0.6615384615384615,0.5638481857439392
200k,16,40,200,2,1000,0.7344110053963959,40.04430150985718,0.051,0.7846153846153846,0.6190241732488756
200k,16,40,200,3,10,0.8054859936237335,40.04430150985718,0.2,0.2857142857142857,0.16945984979943973
200k,16,40,200,3,50,0.8054859936237335,40.04430150985718,0.12,0.8571428571428571,0.4363955046222898
200k,16,40,200,3,100,0.8054859936237335,40.04430150985718,0.07,1.0,0.4786335204343405
200k,16,40,200,3,300,0.8054859936237335,40.04430150985718,0.023333333333333334,1.0,0.4786335204343405
200k,16,40,200,3,500,0.8054859936237335,40.04430150985718,0.014,1.0,0.4786335204343405
200k,16,40,200,3,1000,0.8054859936237335,40.04430150985718,0.007,1.0,0.4786335204343405
200k,16,40,200,4,10,0.5962729919701815,40.04430150985718,0.9,0.10975609756097561,0.9052116356304493
200k,16,40,200,4,50,0.5962729919701815,40.04430150985718,0.54,0.32926829268292684,0.6300385827924883
200k,16,40,200,4,100,0.5962729919701815,40.04430150985718,0.33,0.4024390243902439,0.4977572571683338
200k,16,40,200,4,300,0.5962729919701815,40.04430150985718,0.19333333333333333,0.7073170731707317,0.6809976543822598
200k,16,40,200,4,500,0.5962729919701815,40.04430150985718,0.142,0.8658536585365854,0.7641991416025491
200k,16,40,200,4,1000,0.5962729919701815,40.04430150985718,0.08,0.975609756097561,0.817443955406898
200k,16,40,200,5,10,0.7079640054143965,40.04430150985718,1.0,0.11764705882352941,1.0
200k,16,40,200,5,50,0.7079640054143965,40.04430150985718,0.52,0.3058823529411765,0.636549647229996
200k,16,40,200,5,100,0.7079640054143965,40.04430150985718,0.37,0.43529411764705883,0.5345019277445864
200k,16,40,200,5,300,0.7079640054143965,40.04430150985718,0.18333333333333332,0.6470588235294118,0.6694076641964074
200k,16,40,200,5,500,0.7079640054143965,40.04430150985718,0.134,0.788235294117647,0.7448000483921356
200k,16,40,200,5,1000,0.7079640054143965,40.04430150985718,0.077,0.9058823529411765,0.80236479087038
200k,16,40,200,11,10,0.8167969936039299,40.04430150985718,0.2,0.06060606060606061,0.22400556151517553
200k,16,40,200,11,50,0.8167969936039299,40.04430150985718,0.12,0.18181818181818182,0.1915444276914861
200k,16,40,200,11,100,0.8167969936039299,40.04430150985718,0.11,0.3333333333333333,0.27102881962349235
200k,16,40,200,11,300,0.8167969936039299,40.04430150985718,0.06,0.5454545454545454,0.36837201259413427
200k,16,40,200,11,500,0.8167969936039299,40.04430150985718,0.042,0.6363636363636364,0.40506238478140955
200k,16,40,200,11,1000,0.8167969936039299,40.04430150985718,0.024,0.7272727272727273,0.43750177534832546
200k,16,40,200,12,10,0.8640029991511256,40.04430150985718,0.0,0.0,0.0
200k,16,40,200,12,50,0.8640029991511256,40.04430150985718,0.0,0.0,0.0
200k,16,40,200,12,100,0.8640029991511256,40.04430150985718,0.0,0.0,0.0
200k,16,40,200,12,300,0.8640029991511256,40.04430150985718,0.0033333333333333335,0.07692307692307693,0.027327787296189014
200k,16,40,200,12,500,0.8640029991511256,40.04430150985718,0.006,0.23076923076923078,0.06992470902112544
200k,16,40,200,12,1000,0.8640029991511256,40.04430150985718,0.004,0.3076923076923077,0.09043683264670163
200k,16,40,200,15,10,0.8956780075095594,40.04430150985718,0.0,0.0,0.0
200k,16,40,200,15,50,0.8956780075095594,40.04430150985718,0.0,0.0,0.0
200k,16,40,200,15,100,0.8956780075095594,40.04430150985718,0.0,0.0,0.0
200k,16,40,200,15,300,0.8956780075095594,40.04430150985718,0.013333333333333334,0.10526315789473684,0.049458299025594975
200k,16,40,200,15,500,0.8956780075095594,40.04430150985718,0.018,0.23684210526315788,0.10395834417419118
200k,16,40,200,15,1000,0.8956780075095594,40.04430150985718,0.018,0.47368421052631576,0.1926569004157167
200k,16,40,200,34,10,0.7891639834269881,40.04430150985718,0.0,0.0,0.0
200k,16,40,200,34,50,0.7891639834269881,40.04430150985718,0.0,0.0,0.0
200k,16,40,200,34,100,0.7891639834269881,40.04430150985718,0.03,0.08571428571428572,0.048718287397437235
200k,16,40,200,34,300,0.7891639834269881,40.04430150985718,0.02666666666666667,0.22857142857142856,0.11318748256784404
200k,16,40,200,34,500,0.7891639834269881,40.04430150985718,0.024,0.34285714285714286,0.15975882102175254
200k,16,40,200,34,1000,0.7891639834269881,40.04430150985718,0.023,0.6571428571428571,0.2745798740878594
200k,16,40,200,14,10,0.667496002279222,40.04430150985718,0.0,0.0,0.0
200k,16,40,200,14,50,0.667496002279222,40.04430150985718,0.02,0.021739130434782608,0.01485526275194592
200k,16,40,200,14,100,0.667496002279222,40.04430150985718,0.01,0.021739130434782608,0.01485526275194592
200k,16,40,200,14,300,0.667496002279222,40.04430150985718,0.016666666666666666,0.10869565217391304,0.05922534212820024
200k,16,40,200,14,500,0.667496002279222,40.04430150985718,0.028,0.30434782608695654,0.14501681771879255
200k,16,40,200,14,1000,0.667496002279222,40.04430150985718,0.028,0.6086956521739131,0.2659283361357355
200k,16,40,200,27,10,0.6042849854566157,40.04430150985718,0.0,0.0,0.0
200k,16,40,200,27,50,0.6042849854566157,40.04430150985718,0.0,0.0,0.0
200k,16,40,200,27,100,0.6042849854566157,40.04430150985718,0.0,0.0,0.0
200k,16,40,200,27,300,0.6042849854566157,40.04430150985718,0.01,0.09090909090909091,0.04019020703788568
200k,16,40,200,27,500,0.6042849854566157,40.04430150985718,0.016,0.24242424242424243,0.09937297556008366
200k,16,40,200,27,1000,0.6042849854566157,40.04430150985718,0.015,0.45454545454545453,0.17496137049951666
200k,16,40,200,66,10,0.5596709961537272,40.04430150985718,0.1,0.01818181818181818,0.06625422345438903
200k,16,40,200,66,50,0.5596709961537272,40.04430150985718,0.02,0.01818181818181818,0.02333976076433925
200k,16,40,200,66,100,0.5596709961537272,40.04430150985718,0.01,0.01818181818181818,0.021866577706041675
200k,16,40,200,66,300,0.5596709961537272,40.04430150985718,0.013333333333333334,0.07272727272727272,0.04952913657122726
200k,16,40,200,66,500,0.5596709961537272,40.04430150985718,0.02,0.18181818181818182,0.10036286408717021
200k,16,40,200,66,1000,0.5596709961537272,40.04430150985718,0.03,0.5454545454545454,0.2545887857142305
200k,16,40,200,72,10,0.8111610077321529,40.04430150985718,0.0,0.0,0.0
200k,16,40,200,72,50,0.8111610077321529,40.04430150985718,0.02,0.02702702702702703,0.018519414052801508
200k,16,40,200,72,100,0.8111610077321529,40.04430150985718,0.02,0.05405405405405406,0.03311595884818344
200k,16,40,200,72,300,0.8111610077321529,40.04430150985718,0.02,0.16216216216216217,0.08059325038629996
200k,16,40,200,72,500,0.8111610077321529,40.04430150985718,0.018,0.24324324324324326,0.11366194086863395
200k,16,40,200,72,1000,0.8111610077321529,40.04430150985718,0.015,0.40540540540540543,0.17533518283046948
200k,16,40,200,99,10,0.603188993409276,40.04430150985718,0.0,0.0,0.0
200k,16,40,200,99,50,0.603188993409276,40.04430150985718,0.0,0.0,0.0
200k,16,40,200,99,100,0.603188993409276,40.04430150985718,0.0,0.0,0.0
200k,16,40,200,99,300,0.603188993409276,40.04430150985718,0.016666666666666666,0.23809523809523808,0.087131629922509
200k,16,40,200,99,500,0.603188993409276,40.04430150985718,0.018,0.42857142857142855,0.1500858177291126
200k,16,40,200,99,1000,0.603188993409276,40.04430150985718,0.016,0.7619047619047619,0.2523485416554604
200k,16,40,200,101,10,0.6566769734490663,40.04430150985718,0.1,0.023255813953488372,0.22009176629808017
200k,16,40,200,101,50,0.6566769734490663,40.04430150985718,0.08,0.09302325581395349,0.14429839711959375
200k,16,40,200,101,100,0.6566769734490663,40.04430150985718,0.07,0.16279069767441862,0.18544750439215293
200k,16,40,200,101,300,0.6566769734490663,40.04430150985718,0.06,0.4186046511627907,0.312270235544397
200k,16,40,200,101,500,0.6566769734490663,40.04430150985718,0.056,0.6511627906976745,0.4123757265814316
200k,16,40,200,101,1000,0.6566769734490663,40.04430150985718,0.04,0.9302325581395349,0.5244488256610942
200k,16,40,200,56,10,0.6977889861445874,40.04430150985718,0.0,0.0,0.0
200k,16,40,200,56,50,0.6977889861445874,40.04430150985718,0.0,0.0,0.0
200k,16,40,200,56,100,0.6977889861445874,40.04430150985718,0.02,0.0392156862745098,0.02586278489915839
200k,16,40,200,56,300,0.6977889861445874,40.04430150985718,0.03,0.17647058823529413,0.09742310932078393
200k,16,40,200,56,500,0.6977889861445874,40.04430150985718,0.038,0.37254901960784315,0.18640942114300493
200k,16,40,200,56,1000,0.6977889861445874,40.04430150985718,0.027,0.5294117647058824,0.25149039687535707
200k,16,40,200,82,10,0.6086500070523471,40.04430150985718,0.1,0.016129032258064516,0.07839826897867533
200k,16,40,200,82,50,0.6086500070523471,40.04430150985718,0.04,0.03225806451612903,0.04857019105727315
200k,16,40,200,82,100,0.6086500070523471,40.04430150985718,0.03,0.04838709677419355,0.0527725616175262
200k,16,40,200,82,300,0.6086500070523471,40.04430150985718,0.03666666666666667,0.1774193548387097,0.12298471182419961
200k,16,40,200,82,500,0.6086500070523471,40.04430150985718,0.044,0.3548387096774194,0.20861869413000592
200k,16,40,200,82,1000,0.6086500070523471,40.04430150985718,0.044,0.7096774193548387,0.3654547116400935
200k,16,40,200,91,10,0.7246809836942703,40.04430150985718,0.0,0.0,0.0
200k,16,40,200,91,50,0.7246809836942703,40.04430150985718,0.0,0.0,0.0
200k,16,40,200,91,100,0.7246809836942703,40.04430150985718,0.0,0.0,0.0
200k,16,40,200,91,300,0.7246809836942703,40.04430150985718,0.01,0.046875,0.024735906454804016
200k,16,40,200,91,500,0.7246809836942703,40.04430150985718,0.012,0.09375,0.04711226149158684
200k,16,40,200,91,1000,0.7246809836942703,40.04430150985718,0.02,0.3125,0.14383399392637802
200k,16,40,200,92,10,0.734865985577926,40.04430150985718,0.0,0.0,0.0
200k,16,40,200,92,50,0.734865985577926,40.04430150985718,0.0,0.0,0.0
200k,16,40,200,92,100,0.734865985577926,40.04430150985718,0.0,0.0,0.0
200k,16,40,200,92,300,0.734865985577926,40.04430150985718,0.0033333333333333335,0.015873015873015872,0.00816785338813251
200k,16,40,200,92,500,0.734865985577926,40.04430150985718,0.01,0.07936507936507936,0.03940221043272642
200k,16,40,200,92,1000,0.734865985577926,40.04430150985718,0.031,0.49206349206349204,0.2199903176331495
200k,16,40,500,1,10,2.122091013006866,40.04430150985718,1.0,0.136986301369863,1.0
200k,16,40,500,1,50,2.122091013006866,40.04430150985718,0.46,0.3150684931506849,0.5862540880549768
200k,16,40,500,1,100,2.122091013006866,40.04430150985718,0.28,0.3835616438356164,0.4994029635090178
200k,16,40,500,1,300,2.122091013006866,40.04430150985718,0.14333333333333334,0.589041095890411,0.6173485466042243
200k,16,40,500,1,500,2.122091013006866,40.04430150985718,0.098,0.6712328767123288,0.6582398914891202
200k,16,40,500,1,1000,2.122091013006866,40.04430150985718,0.055,0.7534246575342466,0.6970467488799706
200k,16,40,500,2,10,1.2250349973328412,40.04430150985718,0.5,0.07692307692307693,0.5517854393872873
200k,16,40,500,2,50,1.2250349973328412,40.04430150985718,0.36,0.27692307692307694,0.41283266753246284
200k,16,40,500,2,100,1.2250349973328412,40.04430150985718,0.21,0.3230769230769231,0.3762832979932306
200k,16,40,500,2,300,1.2250349973328412,40.04430150985718,0.12,0.5538461538461539,0.5095022449305561
200k,16,40,500,2,500,1.2250349973328412,40.04430150985718,0.084,0.6461538461538462,0.5550957429360857
200k,16,40,500,2,1000,1.2250349973328412,40.04430150985718,0.057,0.8769230769230769,0.6552803606861018
200k,16,40,500,3,10,1.459307997720316,40.04430150985718,0.2,0.2857142857142857,0.16945984979943973
200k,16,40,500,3,50,1.459307997720316,40.04430150985718,0.12,0.8571428571428571,0.4363955046222898
200k,16,40,500,3,100,1.459307997720316,40.04430150985718,0.07,1.0,0.4786335204343405
200k,16,40,500,3,300,1.459307997720316,40.04430150985718,0.023333333333333334,1.0,0.4786335204343405
200k,16,40,500,3,500,1.459307997720316,40.04430150985718,0.014,1.0,0.4786335204343405
200k,16,40,500,3,1000,1.459307997720316,40.04430150985718,0.007,1.0,0.4786335204343405
200k,16,40,500,4,10,0.8992660150397569,40.04430150985718,0.9,0.10975609756097561,0.9052116356304493
200k,16,40,500,4,50,0.8992660150397569,40.04430150985718,0.54,0.32926829268292684,0.6300385827924883
200k,16,40,500,4,100,0.8992660150397569,40.04430150985718,0.33,0.4024390243902439,0.4977572571683338
200k,16,40,500,4,300,0.8992660150397569,40.04430150985718,0.18666666666666668,0.6829268292682927,0.6672139362133597
200k,16,40,500,4,500,0.8992660150397569,40.04430150985718,0.14,0.8536585365853658,0.7572407388013347
200k,16,40,500,4,1000,0.8992660150397569,40.04430150985718,0.08,0.975609756097561,0.8160578219329786
200k,16,40,500,5,10,1.2465300096664578,40.04430150985718,1.0,0.11764705882352941,1.0
200k,16,40,500,5,50,1.2465300096664578,40.04430150985718,0.52,0.3058823529411765,0.636549647229996
200k,16,40,500,5,100,1.2465300096664578,40.04430150985718,0.37,0.43529411764705883,0.5344090998507576
200k,16,40,500,5,300,1.2465300096664578,40.04430150985718,0.18666666666666668,0.6588235294117647,0.6766709726583513
200k,16,40,500,5,500,1.2465300096664578,40.04430150985718,0.134,0.788235294117647,0.7456281571450146
200k,16,40,500,5,1000,1.2465300096664578,40.04430150985718,0.079,0.9294117647058824,0.814491443848409
200k,16,40,500,11,10,1.4523830031976104,40.04430150985718,0.2,0.06060606060606061,0.22400556151517553
200k,16,40,500,11,50,1.4523830031976104,40.04430150985718,0.12,0.18181818181818182,0.18779413067684847
200k,16,40,500,11,100,1.4523830031976104,40.04430150985718,0.08,0.24242424242424243,0.2203435717645976
200k,16,40,500,11,300,1.4523830031976104,40.04430150985718,0.06,0.5454545454545454,0.36475909416511737
200k,16,40,500,11,500,1.4523830031976104,40.04430150985718,0.048,0.7272727272727273,0.43701525828051413
200k,16,40,500,11,1000,1.4523830031976104,40.04430150985718,0.027,0.8181818181818182,0.46936544727146795
200k,16,40,500,12,10,1.5363810234703124,40.04430150985718,0.0,0.0,0.0
200k,16,40,500,12,50,1.5363810234703124,40.04430150985718,0.0,0.0,0.0
200k,16,40,500,12,100,1.5363810234703124,40.04430150985718,0.0,0.0,0.0
200k,16,40,500,12,300,1.5363810234703124,40.04430150985718,0.0033333333333333335,0.07692307692307693,0.02717872668289297
200k,16,40,500,12,500,1.5363810234703124,40.04430150985718,0.004,0.15384615384615385,0.04808025239464781
200k,16,40,500,12,1000,1.5363810234703124,40.04430150985718,0.006,0.46153846153846156,0.12648917736246634
200k,16,40,500,15,10,1.4174350071698427,40.04430150985718,0.0,0.0,0.0
200k,16,40,500,15,50,1.4174350071698427,40.04430150985718,0.0,0.0,0.0
200k,16,40,500,15,100,1.4174350071698427,40.04430150985718,0.0,0.0,0.0
200k,16,40,500,15,300,1.4174350071698427,40.04430150985718,0.02,0.15789473684210525,0.07203351508491829
200k,16,40,500,15,500,1.4174350071698427,40.04430150985718,0.018,0.23684210526315788,0.10529282890246246
200k,16,40,500,15,1000,1.4174350071698427,40.04430150985718,0.02,0.5263157894736842,0.21446630290023172
200k,16,40,500,34,10,1.235336996614933,40.04430150985718,0.0,0.0,0.0
200k,16,40,500,34,50,1.235336996614933,40.04430150985718,0.0,0.0,0.0
200k,16,40,500,34,100,1.235336996614933,40.04430150985718,0.03,0.08571428571428572,0.04867649378333724
200k,16,40,500,34,300,1.235336996614933,40.04430150985718,0.02666666666666667,0.22857142857142856,0.11296687207117749
200k,16,40,500,34,500,1.235336996614933,40.04430150985718,0.026,0.37142857142857144,0.17026474096212607
200k,16,40,500,34,1000,1.235336996614933,40.04430150985718,0.023,0.6571428571428571,0.2732890798532016
200k,16,40,500,14,10,1.0933410085272044,40.04430150985718,0.0,0.0,0.0
200k,16,40,500,14,50,1.0933410085272044,40.04430150985718,0.02,0.021739130434782608,0.014772284029464532
200k,16,40,500,14,100,1.0933410085272044,40.04430150985718,0.01,0.021739130434782608,0.014772284029464532
200k,16,40,500,14,300,1.0933410085272044,40.04430150985718,0.02,0.13043478260869565,0.06954999562621783
200k,16,40,500,14,500,1.0933410085272044,40.04430150985718,0.026,0.2826086956521739,0.13635580498451183
200k,16,40,500,14,1000,1.0933410085272044,40.04430150985718,0.032,0.6956521739130435,0.29852390140985785
200k,16,40,500,27,10,1.0034489969257265,40.04430150985718,0.0,0.0,0.0
200k,16,40,500,27,50,1.0034489969257265,40.04430150985718,0.0,0.0,0.0
200k,16,40,500,27,100,1.0034489969257265,40.04430150985718,0.0,0.0,0.0
200k,16,40,500,27,300,1.0034489969257265,40.04430150985718,0.01,0.09090909090909091,0.04006717463972704
200k,16,40,500,27,500,1.0034489969257265,40.04430150985718,0.014,0.21212121212121213,0.08733093178322465
200k,16,40,500,27,1000,1.0034489969257265,40.04430150985718,0.015,0.45454545454545453,0.17338122742753295
200k,16,40,500,66,10,0.9650730062276125,40.04430150985718,0.1,0.01818181818181818,0.06625422345438903
200k,16,40,500,66,50,0.9650730062276125,40.04430150985718,0.02,0.01818181818181818,0.02333976076433925
200k,16,40,500,66,100,0.9650730062276125,40.04430150985718,0.01,0.01818181818181818,0.021866577706041675
200k,16,40,500,66,300,0.9650730062276125,40.04430150985718,0.01,0.05454545454545454,0.04065812511140027
200k,16,40,500,66,500,0.9650730062276125,40.04430150985718,0.018,0.16363636363636364,0.0919777766369659
200k,16,40,500,66,1000,0.9650730062276125,40.04430150985718,0.036,0.6545454545454545,0.2958580910714095
200k,16,40,500,72,10,1.5579409955535084,40.04430150985718,0.0,0.0,0.0
200k,16,40,500,72,50,1.5579409955535084,40.04430150985718,0.02,0.02702702702702703,0.018373828625812934
200k,16,40,500,72,100,1.5579409955535084,40.04430150985718,0.02,0.05405405405405406,0.03286616645726881
200k,16,40,500,72,300,1.5579409955535084,40.04430150985718,0.016666666666666666,0.13513513513513514,0.06821019635852063
200k,16,40,500,72,500,1.5579409955535084,40.04430150985718,0.018,0.24324324324324326,0.11287781898653652
200k,16,40,500,72,1000,1.5579409955535084,40.04430150985718,0.016,0.43243243243243246,0.18329651741810365
200k,16,40,500,99,10,1.291354012209922,40.04430150985718,0.0,0.0,0.0
200k,16,40,500,99,50,1.291354012209922,40.04430150985718,0.0,0.0,0.0
200k,16,40,500,99,100,1.291354012209922,40.04430150985718,0.0,0.0,0.0
200k,16,40,500,99,300,1.291354012209922,40.04430150985718,0.013333333333333334,0.19047619047619047,0.06991903079620207
200k,16,40,500,99,500,1.291354012209922,40.04430150985718,0.012,0.2857142857142857,0.10235198540237513
200k,16,40,500,99,1000,1.291354012209922,40.04430150985718,0.012,0.5714285714285714,0.1903949905301346
200k,16,40,500,101,10,1.1198009888175875,40.04430150985718,0.1,0.023255813953488372,0.22009176629808017
200k,16,40,500,101,50,1.1198009888175875,40.04430150985718,0.08,0.09302325581395349,0.14429839711959375
200k,16,40,500,101,100,1.1198009888175875,40.04430150985718,0.07,0.16279069767441862,0.18541751511116783
200k,16,40,500,101,300,1.1198009888175875,40.04430150985718,0.06,0.4186046511627907,0.31199157739965516
200k,16,40,500,101,500,1.1198009888175875,40.04430150985718,0.056,0.6511627906976745,0.4116205049230653
200k,16,40,500,101,1000,1.1198009888175875,40.04430150985718,0.041,0.9534883720930233,0.5306220830540336
200k,16,40,500,56,10,1.23127200640738,40.04430150985718,0.0,0.0,0.0
200k,16,40,500,56,50,1.23127200640738,40.04430150985718,0.0,0.0,0.0
200k,16,40,500,56,100,1.23127200640738,40.04430150985718,0.02,0.0392156862745098,0.02586278489915839
200k,16,40,500,56,300,1.23127200640738,40.04430150985718,0.03333333333333333,0.19607843137254902,0.10678889499191065
200k,16,40,500,56,500,1.23127200640738,40.04430150985718,0.042,0.4117647058823529,0.20403404081192833
200k,16,40,500,56,1000,1.23127200640738,40.04430150985718,0.033,0.6470588235294118,0.3005001159308801
200k,16,40,500,82,10,0.8921610133256763,40.04430150985718,0.1,0.016129032258064516,0.07839826897867533
200k,16,40,500,82,50,0.8921610133256763,40.04430150985718,0.04,0.03225806451612903,0.04857019105727315
200k,16,40,500,82,100,0.8921610133256763,40.04430150985718,0.03,0.04838709677419355,0.0527725616175262
200k,16,40,500,82,300,0.8921610133256763,40.04430150985718,0.03666666666666667,0.1774193548387097,0.1226503407587267
200k,16,40,500,82,500,0.8921610133256763,40.04430150985718,0.042,0.3387096774193548,0.2000626486934831
200k,16,40,500,82,1000,0.8921610133256763,40.04430150985718,0.052,0.8387096774193549,0.41798717844993327
200k,16,40,500,91,10,1.3048480032011867,40.04430150985718,0.0,0.0,0.0
200k,16,40,500,91,50,1.3048480032011867,40.04430150985718,0.0,0.0,0.0
200k,16,40,500,91,100,1.3048480032011867,40.04430150985718,0.0,0.0,0.0
200k,16,40,500,91,300,1.3048480032011867,40.04430150985718,0.01,0.046875,0.02445180682032382
200k,16,40,500,91,500,1.3048480032011867,40.04430150985718,0.014,0.109375,0.0544783283611879
200k,16,40,500,91,1000,1.3048480032011867,40.04430150985718,0.022,0.34375,0.15826935380105786
200k,16,40,500,92,10,1.125858019804582,40.04430150985718,0.0,0.0,0.0
200k,16,40,500,92,50,1.125858019804582,40.04430150985718,0.0,0.0,0.0
200k,16,40,500,92,100,1.125858019804582,40.04430150985718,0.0,0.0,0.0
200k,16,40,500,92,300,1.125858019804582,40.04430150985718,0.0033333333333333335,0.015873015873015872,0.008121094441774505
200k,16,40,500,92,500,1.125858019804582,40.04430150985718,0.01,0.07936507936507936,0.03915141688684787
200k,16,40,500,92,1000,1.125858019804582,40.04430150985718,0.026,0.4126984126984127,0.1842988117660299
200k,16,40,1000,1,10,3.3569619990885258,40.04430150985718,1.0,0.136986301369863,1.0
200k,16,40,1000,1,50,3.3569619990885258,40.04430150985718,0.48,0.3287671232876712,0.6035485926163732
200k,16,40,1000,1,100,3.3569619990885258,40.04430150985718,0.29,0.3972602739726027,0.5124760894465495
200k,16,40,1000,1,300,3.3569619990885258,40.04430150985718,0.14666666666666667,0.6027397260273972,0.6297387204165554
200k,16,40,1000,1,500,3.3569619990885258,40.04430150985718,0.1,0.684931506849315,0.6703026817526132
200k,16,40,1000,1,1000,3.3569619990885258,40.04430150985718,0.057,0.7808219178082192,0.7153058298030586
200k,16,40,1000,2,10,2.083352010231465,40.04430150985718,0.5,0.07692307692307693,0.5517854393872873
200k,16,40,1000,2,50,2.083352010231465,40.04430150985718,0.36,0.27692307692307694,0.41283266753246284
200k,16,40,1000,2,100,2.083352010231465,40.04430150985718,0.21,0.3230769230769231,0.3762832979932306
200k,16,40,1000,2,300,2.083352010231465,40.04430150985718,0.11666666666666667,0.5384615384615384,0.5014278126230738
200k,16,40,1000,2,500,2.083352010231465,40.04430150985718,0.082,0.6307692307692307,0.5475196449568285
200k,16,40,1000,2,1000,2.083352010231465,40.04430150985718,0.05,0.7692307692307693,0.6089083386675112
200k,16,40,1000,3,10,2.4575569841545075,40.04430150985718,0.2,0.2857142857142857,0.16945984979943973
200k,16,40,1000,3,50,2.4575569841545075,40.04430150985718,0.12,0.8571428571428571,0.4363955046222898
200k,16,40,1000,3,100,2.4575569841545075,40.04430150985718,0.07,1.0,0.4785314320137777
200k,16,40,1000,3,300,2.4575569841545075,40.04430150985718,0.023333333333333334,1.0,0.4785314320137777
200k,16,40,1000,3,500,2.4575569841545075,40.04430150985718,0.014,1.0,0.4785314320137777
200k,16,40,1000,3,1000,2.4575569841545075,40.04430150985718,0.007,1.0,0.4785314320137777
200k,16,40,1000,4,10,1.4108320174273103,40.04430150985718,0.9,0.10975609756097561,0.9052116356304493
200k,16,40,1000,4,50,1.4108320174273103,40.04430150985718,0.54,0.32926829268292684,0.6300385827924883
200k,16,40,1000,4,100,1.4108320174273103,40.04430150985718,0.33,0.4024390243902439,0.4977572571683338
200k,16,40,1000,4,300,1.4108320174273103,40.04430150985718,0.18666666666666668,0.6829268292682927,0.6672139362133597
200k,16,40,1000,4,500,1.4108320174273103,40.04430150985718,0.14,0.8536585365853658,0.7572387192816501
200k,16,40,1000,4,1000,1.4108320174273103,40.04430150985718,0.081,0.9878048780487805,0.821750526231385
200k,16,40,1000,5,10,2.102890983223915,40.04430150985718,1.0,0.11764705882352941,1.0
200k,16,40,1000,5,50,2.102890983223915,40.04430150985718,0.52,0.3058823529411765,0.636549647229996
200k,16,40,1000,5,100,2.102890983223915,40.04430150985718,0.37,0.43529411764705883,0.5344090998507576
200k,16,40,1000,5,300,2.102890983223915,40.04430150985718,0.18666666666666668,0.6588235294117647,0.6766709726583513
200k,16,40,1000,5,500,2.102890983223915,40.04430150985718,0.136,0.8,0.7515995683594476
200k,16,40,1000,5,1000,2.102890983223915,40.04430150985718,0.08,0.9411764705882353,0.8207583903950919
200k,16,40,1000,11,10,2.4008309992495924,40.04430150985718,0.2,0.06060606060606061,0.22400556151517553
200k,16,40,1000,11,50,2.4008309992495924,40.04430150985718,0.12,0.18181818181818182,0.18749945268738646
200k,16,40,1000,11,100,2.4008309992495924,40.04430150985718,0.08,0.24242424242424243,0.21985725089178362
200k,16,40,1000,11,300,2.4008309992495924,40.04430150985718,0.06666666666666667,0.6060606060606061,0.38957722064064315
200k,16,40,1000,11,500,2.4008309992495924,40.04430150985718,0.052,0.7878787878787878,0.4614984379554648
200k,16,40,1000,11,1000,2.4008309992495924,40.04430150985718,0.029,0.8787878787878788,0.49350220388298105
200k,16,40,1000,12,10,2.507169992895797,40.04430150985718,0.0,0.0,0.0
200k,16,40,1000,12,50,2.507169992895797,40.04430150985718,0.0,0.0,0.0
200k,16,40,1000,12,100,2.507169992895797,40.04430150985718,0.0,0.0,0.0
200k,16,40,1000,12,300,2.507169992895797,40.04430150985718,0.0033333333333333335,0.07692307692307693,0.02717872668289297
200k,16,40,1000,12,500,2.507169992895797,40.04430150985718,0.002,0.07692307692307693,0.02717872668289297
200k,16,40,1000,12,1000,2.507169992895797,40.04430150985718,0.006,0.46153846153846156,0.12763914739175702
200k,16,40,1000,15,10,2.042076986981556,40.04430150985718,0.0,0.0,0.0
200k,16,40,1000,15,50,2.042076986981556,40.04430150985718,0.0,0.0,0.0
200k,16,40,1000,15,100,2.042076986981556,40.04430150985718,0.0,0.0,0.0
200k,16,40,1000,15,300,2.042076986981556,40.04430150985718,0.023333333333333334,0.18421052631578946,0.0833844631437225
200k,16,40,1000,15,500,2.042076986981556,40.04430150985718,0.02,0.2631578947368421,0.11661049576661282
200k,16,40,1000,15,1000,2.042076986981556,40.04430150985718,0.022,0.5789473684210527,0.23541062842750038
200k,16,40,1000,34,10,1.7927380104083568,40.04430150985718,0.0,0.0,0.0
200k,16,40,1000,34,50,1.7927380104083568,40.04430150985718,0.0,0.0,0.0
200k,16,40,1000,34,100,1.7927380104083568,40.04430150985718,0.03,0.08571428571428572,0.04867649378333724
200k,16,40,1000,34,300,1.7927380104083568,40.04430150985718,0.02666666666666667,0.22857142857142856,0.11296687207117749
200k,16,40,1000,34,500,1.7927380104083568,40.04430150985718,0.026,0.37142857142857144,0.1702359199986311
200k,16,40,1000,34,1000,1.7927380104083568,40.04430150985718,0.025,0.7142857142857143,0.2935433334759217
200k,16,40,1000,14,10,1.6427570080850273,40.04430150985718,0.0,0.0,0.0
200k,16,40,1000,14,50,1.6427570080850273,40.04430150985718,0.02,0.021739130434782608,0.014772284029464532
200k,16,40,1000,14,100,1.6427570080850273,40.04430150985718,0.01,0.021739130434782608,0.014772284029464532
200k,16,40,1000,14,300,1.6427570080850273,40.04430150985718,0.02,0.13043478260869565,0.06954999562621783
200k,16,40,1000,14,500,1.6427570080850273,40.04430150985718,0.026,0.2826086956521739,0.13632913476444017
200k,16,40,1000,14,1000,1.6427570080850273,40.04430150985718,0.032,0.6956521739130435,0.2978721253927381
200k,16,40,1000,27,10,1.6623749979771674,40.04430150985718,0.0,0.0,0.0
200k,16,40,1000,27,50,1.6623749979771674,40.04430150985718,0.0,0.0,0.0
200k,16,40,1000,27,100,1.6623749979771674,40.04430150985718,0.0,0.0,0.0
200k,16,40,1000,27,300,1.6623749979771674,40.04430150985718,0.01,0.09090909090909091,0.04006717463972704
200k,16,40,1000,27,500,1.6623749979771674,40.04430150985718,0.014,0.21212121212121213,0.08732715818536217
200k,16,40,1000,27,1000,1.6623749979771674,40.04430150985718,0.02,0.6060606060606061,0.22520803871344458
200k,16,40,1000,66,10,1.9026629743166268,40.04430150985718,0.1,0.01818181818181818,0.06625422345438903
200k,16,40,1000,66,50,1.9026629743166268,40.04430150985718,0.02,0.01818181818181818,0.02333976076433925
200k,16,40,1000,66,100,1.9026629743166268,40.04430150985718,0.01,0.01818181818181818,0.021866577706041675
200k,16,40,1000,66,300,1.9026629743166268,40.04430150985718,0.01,0.05454545454545454,0.04065812511140027
200k,16,40,1000,66,500,1.9026629743166268,40.04430150985718,0.018,0.16363636363636364,0.09196755590227838
200k,16,40,1000,66,1000,1.9026629743166268,40.04430150985718,0.034,0.6181818181818182,0.2808773791104391
200k,16,40,1000,72,10,2.638064994243905,40.04430150985718,0.0,0.0,0.0
200k,16,40,1000,72,50,2.638064994243905,40.04430150985718,0.02,0.02702702702702703,0.018373828625812934
200k,16,40,1000,72,100,2.638064994243905,40.04430150985718,0.02,0.05405405405405406,0.03286616645726881
200k,16,40,1000,72,300,2.638064994243905,40.04430150985718,0.016666666666666666,0.13513513513513514,0.06818631877379194
200k,16,40,1000,72,500,2.638064994243905,40.04430150985718,0.018,0.24324324324324326,0.11278585123463504
200k,16,40,1000,72,1000,2.638064994243905,40.04430150985718,0.017,0.4594594594594595,0.19242033890939286
200k,16,40,1000,99,10,2.063007006654516,40.04430150985718,0.0,0.0,0.0
200k,16,40,1000,99,50,2.063007006654516,40.04430150985718,0.0,0.0,0.0
200k,16,40,1000,99,100,2.063007006654516,40.04430150985718,0.0,0.0,0.0
200k,16,40,1000,99,300,2.063007006654516,40.04430150985718,0.013333333333333334,0.19047619047619047,0.06989846547862195
200k,16,40,1000,99,500,2.063007006654516,40.04430150985718,0.012,0.2857142857142857,0.1023095944031411
200k,16,40,1000,99,1000,2.063007006654516,40.04430150985718,0.011,0.5238095238095238,0.17610586289665647
200k,16,40,1000,101,10,1.8572670232970268,40.04430150985718,0.1,0.023255813953488372,0.22009176629808017
200k,16,40,1000,101,50,1.8572670232970268,40.04430150985718,0.08,0.09302325581395349,0.14429839711959375
200k,16,40,1000,101,100,1.8572670232970268,40.04430150985718,0.07,0.16279069767441862,0.18541751511116783
200k,16,40,1000,101,300,1.8572670232970268,40.04430150985718,0.06,0.4186046511627907,0.31199157739965516
200k,16,40,1000,101,500,1.8572670232970268,40.04430150985718,0.056,0.6511627906976745,0.4115631750752863
200k,16,40,1000,101,1000,1.8572670232970268,40.04430150985718,0.041,0.9534883720930233,0.5302522851444101
200k,16,40,1000,56,10,2.1562209876719862,40.04430150985718,0.0,0.0,0.0
200k,16,40,1000,56,50,2.1562209876719862,40.04430150985718,0.0,0.0,0.0
200k,16,40,1000,56,100,2.1562209876719862,40.04430150985718,0.02,0.0392156862745098,0.02586278489915839
200k,16,40,1000,56,300,2.1562209876719862,40.04430150985718,0.03333333333333333,0.19607843137254902,0.10678889499191065
200k,16,40,1000,56,500,2.1562209876719862,40.04430150985718,0.042,0.4117647058823529,0.20394322154743694
200k,16,40,1000,56,1000,2.1562209876719862,40.04430150985718,0.04,0.7843137254901961,0.35463044572508856
200k,16,40,1000,82,10,1.4311400009319186,40.04430150985718,0.1,0.016129032258064516,0.07839826897867533
200k,16,40,1000,82,50,1.4311400009319186,40.04430150985718,0.04,0.03225806451612903,0.04857019105727315
200k,16,40,1000,82,100,1.4311400009319186,40.04430150985718,0.03,0.04838709677419355,0.0527725616175262
200k,16,40,1000,82,300,1.4311400009319186,40.04430150985718,0.03666666666666667,0.1774193548387097,0.1226503407587267
200k,16,40,1000,82,500,1.4311400009319186,40.04430150985718,0.042,0.3387096774193548,0.2000297546837067
200k,16,40,1000,82,1000,1.4311400009319186,40.04430150985718,0.053,0.8548387096774194,0.424265307735714
200k,16,40,1000,91,10,2.0433470199350268,40.04430150985718,0.0,0.0,0.0
200k,16,40,1000,91,50,2.0433470199350268,40.04430150985718,0.0,0.0,0.0
200k,16,40,1000,91,100,2.0433470199350268,40.04430150985718,0.0,0.0,0.0
200k,16,40,1000,91,300,2.0433470199350268,40.04430150985718,0.01,0.046875,0.02445180682032382
200k,16,40,1000,91,500,2.0433470199350268,40.04430150985718,0.014,0.109375,0.05444477684392941
200k,16,40,1000,91,1000,2.0433470199350268,40.04430150985718,0.024,0.375,0.17155372086007448
200k,16,40,1000,92,10,1.5872629883233458,40.04430150985718,0.0,0.0,0.0
200k,16,40,1000,92,50,1.5872629883233458,40.04430150985718,0.0,0.0,0.0
200k,16,40,1000,92,100,1.5872629883233458,40.04430150985718,0.0,0.0,0.0
200k,16,40,1000,92,300,1.5872629883233458,40.04430150985718,0.006666666666666667,0.031746031746031744,0.01622700004740211
200k,16,40,1000,92,500,1.5872629883233458,40.04430150985718,0.012,0.09523809523809523,0.04721476651076201
200k,16,40,1000,92,1000,1.5872629883233458,40.04430150985718,0.026,0.4126984126984127,0.18531624974136304
200k,32,200,10,1,10,0.5644740012940019,242.22904419898987,0.9,0.1232876712328767,0.9363792118010483
200k,32,200,10,1,50,0.5644740012940019,242.22904419898987,0.28,0.1917808219178082,0.4058642847849604
200k,32,200,10,1,100,0.5644740012940019,242.22904419898987,0.19,0.2602739726027397,0.3598386027442165
200k,32,200,10,1,300,0.5644740012940019,242.22904419898987,0.07333333333333333,0.3013698630136986,0.38338321798539365
200k,32,200,10,1,500,0.5644740012940019,242.22904419898987,0.048,0.3287671232876712,0.3971705621997057
200k,32,200,10,1,1000,0.5644740012940019,242.22904419898987,0.024,0.3287671232876712,0.3971705621997057
200k,32,200,10,2,10,0.311629002681002,242.22904419898987,0.5,0.07692307692307693,0.5517854393872873
200k,32,200,10,2,50,0.311629002681002,242.22904419898987,0.26,0.2,0.3327220539489911
200k,32,200,10,2,100,0.311629002681002,242.22904419898987,0.2,0.3076923076923077,0.34972247461084327
200k,32,200,10,2,300,0.311629002681002,242.22904419898987,0.08,0.36923076923076925,0.3834606426790252
200k,32,200,10,2,500,0.311629002681002,242.22904419898987,0.048,0.36923076923076925,0.3834606426790252
200k,32,200,10,2,1000,0.311629002681002,242.22904419898987,0.024,0.36923076923076925,0.3834606426790252
200k,32,200,10,3,10,0.2762280055321753,242.22904419898987,0.2,0.2857142857142857,0.16945984979943973
200k,32,200,10,3,50,0.2762280055321753,242.22904419898987,0.12,0.8571428571428571,0.43872118689658285
200k,32,200,10,3,100,0.2762280055321753,242.22904419898987,0.07,1.0,0.48371999714269415
200k,32,200,10,3,300,0.2762280055321753,242.22904419898987,0.023333333333333334,1.0,0.48371999714269415
200k,32,200,10,3,500,0.2762280055321753,242.22904419898987,0.014,1.0,0.48371999714269415
200k,32,200,10,3,1000,0.2762280055321753,242.22904419898987,0.007,1.0,0.48371999714269415
200k,32,200,10,4,10,0.29525498393923044,242.22904419898987,0.9,0.10975609756097561,0.9052116356304493
200k,32,200,10,4,50,0.29525498393923044,242.22904419898987,0.46,0.2804878048780488,0.5669956065053757
200k,32,200,10,4,100,0.29525498393923044,242.22904419898987,0.29,0.35365853658536583,0.45540399913270313
200k,32,200,10,4,300,0.29525498393923044,242.22904419898987,0.16,0.5853658536585366,0.5988274604673935
200k,32,200,10,4,500,0.29525498393923044,242.22904419898987,0.098,0.5975609756097561,0.6054511166432346
200k,32,200,10,4,1000,0.29525498393923044,242.22904419898987,0.049,0.5975609756097561,0.6054511166432346
200k,32,200,10,5,10,0.20377800683490932,242.22904419898987,1.0,0.11764705882352941,1.0
200k,32,200,10,5,50,0.20377800683490932,242.22904419898987,0.48,0.2823529411764706,0.606041062628932
200k,32,200,10,5,100,0.20377800683490932,242.22904419898987,0.29,0.3411764705882353,0.4637776555575284
200k,32,200,10,5,300,0.20377800683490932,242.22904419898987,0.11333333333333333,0.4,0.5014103620145015
200k,32,200,10,5,500,0.20377800683490932,242.22904419898987,0.068,0.4,0.5014103620145015
200k,32,200,10,5,1000,0.20377800683490932,242.22904419898987,0.034,0.4,0.5014103620145015
200k,32,200,10,11,10,0.30697500915266573,242.22904419898987,0.2,0.06060606060606061,0.22400556151517553
200k,32,200,10,11,50,0.30697500915266573,242.22904419898987,0.12,0.18181818181818182,0.1890127919834948
200k,32,200,10,11,100,0.30697500915266573,242.22904419898987,0.11,0.3333333333333333,0.2701954425407585
200k,32,200,10,11,300,0.30697500915266573,242.22904419898987,0.04666666666666667,0.42424242424242425,0.31383032884256395
200k,32,200,10,11,500,0.30697500915266573,242.22904419898987,0.028,0.42424242424242425,0.31383032884256395
200k,32,200,10,11,1000,0.30697500915266573,242.22904419898987,0.014,0.42424242424242425,0.31383032884256395
200k,32,200,10,12,10,0.21041999571025372,242.22904419898987,0.0,0.0,0.0
200k,32,200,10,12,50,0.21041999571025372,242.22904419898987,0.02,0.07692307692307693,0.0332568859495131
200k,32,200,10,12,100,0.21041999571025372,242.22904419898987,0.01,0.07692307692307693,0.0332568859495131
200k,32,200,10,12,300,0.21041999571025372,242.22904419898987,0.01,0.23076923076923078,0.08700425087639234
200k,32,200,10,12,500,0.21041999571025372,242.22904419898987,0.006,0.23076923076923078,0.08700425087639234
200k,32,200,10,12,1000,0.21041999571025372,242.22904419898987,0.003,0.23076923076923078,0.08700425087639234
200k,32,200,10,15,10,0.2705069782678038,242.22904419898987,0.0,0.0,0.0
200k,32,200,10,15,50,0.2705069782678038,242.22904419898987,0.0,0.0,0.0
200k,32,200,10,15,100,0.2705069782678038,242.22904419898987,0.0,0.0,0.0
200k,32,200,10,15,300,0.2705069782678038,242.22904419898987,0.02,0.15789473684210525,0.0723925436501612
200k,32,200,10,15,500,0.2705069782678038,242.22904419898987,0.014,0.18421052631578946,0.08369970699030467
200k,32,200,10,15,1000,0.2705069782678038,242.22904419898987,0.007,0.18421052631578946,0.08369970699030467
200k,32,200,10,34,10,0.2641880128066987,242.22904419898987,0.0,0.0,0.0
200k,32,200,10,34,50,0.2641880128066987,242.22904419898987,0.02,0.02857142857142857,0.0179489468007983
200k,32,200,10,34,100,0.2641880128066987,242.22904419898987,0.01,0.02857142857142857,0.0179489468007983
200k,32,200,10,34,300,0.2641880128066987,242.22904419898987,0.02666666666666667,0.22857142857142856,0.10964356993390521
200k,32,200,10,34,500,0.2641880128066987,242.22904419898987,0.018,0.2571428571428571,0.12148853878485932
200k,32,200,10,34,1000,0.2641880128066987,242.22904419898987,0.009,0.2571428571428571,0.12148853878485932
200k,32,200,10,14,10,0.26514698402024806,242.22904419898987,0.0,0.0,0.0
200k,32,200,10,14,50,0.26514698402024806,242.22904419898987,0.0,0.0,0.0
200k,32,200,10,14,100,0.26514698402024806,242.22904419898987,0.0,0.0,0.0
200k,32,200,10,14,300,0.26514698402024806,242.22904419898987,0.02,0.13043478260869565,0.06654872384919239
200k,32,200,10,14,500,0.26514698402024806,242.22904419898987,0.012,0.13043478260869565,0.06654872384919239
200k,32,200,10,14,1000,0.26514698402024806,242.22904419898987,0.006,0.13043478260869565,0.06654872384919239
200k,32,200,10,27,10,0.2514100051485002,242.22904419898987,0.0,0.0,0.0
200k,32,200,10,27,50,0.2514100051485002,242.22904419898987,0.0,0.0,0.0
200k,32,200,10,27,100,0.2514100051485002,242.22904419898987,0.01,0.030303030303030304,0.015427336644233736
200k,32,200,10,27,300,0.2514100051485002,242.22904419898987,0.023333333333333334,0.21212121212121213,0.09903219404722674
200k,32,200,10,27,500,0.2514100051485002,242.22904419898987,0.014,0.21212121212121213,0.09903219404722674
200k,32,200,10,27,1000,0.2514100051485002,242.22904419898987,0.007,0.21212121212121213,0.09903219404722674
200k,32,200,10,66,10,0.2536799875088036,242.22904419898987,0.1,0.01818181818181818,0.06625422345438903
200k,32,200,10,66,50,0.2536799875088036,242.22904419898987,0.02,0.01818181818181818,0.02333976076433925
200k,32,200,10,66,100,0.2536799875088036,242.22904419898987,0.01,0.01818181818181818,0.021866577706041675
200k,32,200,10,66,300,0.2536799875088036,242.22904419898987,0.01,0.05454545454545454,0.040250823385968644
200k,32,200,10,66,500,0.2536799875088036,242.22904419898987,0.006,0.05454545454545454,0.040250823385968644
200k,32,200,10,66,1000,0.2536799875088036,242.22904419898987,0.003,0.05454545454545454,0.040250823385968644
200k,32,200,10,72,10,0.27006902382709086,242.22904419898987,0.0,0.0,0.0
200k,32,200,10,72,50,0.27006902382709086,242.22904419898987,0.02,0.02702702702702703,0.019358759714312838
200k,32,200,10,72,100,0.27006902382709086,242.22904419898987,0.02,0.05405405405405406,0.03485670877657583
200k,32,200,10,72,300,0.27006902382709086,242.22904419898987,0.013333333333333334,0.10810810810810811,0.059603981939965314
200k,32,200,10,72,500,0.27006902382709086,242.22904419898987,0.008,0.10810810810810811,0.059603981939965314
200k,32,200,10,72,1000,0.27006902382709086,242.22904419898987,0.004,0.10810810810810811,0.059603981939965314
200k,32,200,10,99,10,0.2151869994122535,242.22904419898987,0.0,0.0,0.0
200k,32,200,10,99,50,0.2151869994122535,242.22904419898987,0.0,0.0,0.0
200k,32,200,10,99,100,0.2151869994122535,242.22904419898987,0.0,0.0,0.0
200k,32,200,10,99,300,0.2151869994122535,242.22904419898987,0.01,0.14285714285714285,0.05541732973809239
200k,32,200,10,99,500,0.2151869994122535,242.22904419898987,0.006,0.14285714285714285,0.05541732973809239
200k,32,200,10,99,1000,0.2151869994122535,242.22904419898987,0.003,0.14285714285714285,0.05541732973809239
200k,32,200,10,101,10,0.2271129924338311,242.22904419898987,0.1,0.023255813953488372,0.22009176629808017
200k,32,200,10,101,50,0.2271129924338311,242.22904419898987,0.08,0.09302325581395349,0.1485946342542859
200k,32,200,10,101,100,0.2271129924338311,242.22904419898987,0.08,0.18604651162790697,0.20493763256585593
200k,32,200,10,101,300,0.2271129924338311,242.22904419898987,0.04666666666666667,0.32558139534883723,0.2763083988692828
200k,32,200,10,101,500,0.2271129924338311,242.22904419898987,0.028,0.32558139534883723,0.2763083988692828
200k,32,200,10,101,1000,0.2271129924338311,242.22904419898987,0.014,0.32558139534883723,0.2763083988692828
200k,32,200,10,56,10,0.31170397414825857,242.22904419898987,0.0,0.0,0.0
200k,32,200,10,56,50,0.31170397414825857,242.22904419898987,0.04,0.0392156862745098,0.02858008324793633
200k,32,200,10,56,100,0.31170397414825857,242.22904419898987,0.04,0.0784313725490196,0.0520188661018906
200k,32,200,10,56,300,0.31170397414825857,242.22904419898987,0.03333333333333333,0.19607843137254902,0.1127816435482539
200k,32,200,10,56,500,0.31170397414825857,242.22904419898987,0.02,0.19607843137254902,0.1127816435482539
200k,32,200,10,56,1000,0.31170397414825857,242.22904419898987,0.01,0.19607843137254902,0.1127816435482539
200k,32,200,10,82,10,0.24652201682329178,242.22904419898987,0.1,0.016129032258064516,0.08514311764162098
200k,32,200,10,82,50,0.24652201682329178,242.22904419898987,0.04,0.03225806451612903,0.0437314557843514
200k,32,200,10,82,100,0.24652201682329178,242.22904419898987,0.03,0.04838709677419355,0.04821428196686498
200k,32,200,10,82,300,0.24652201682329178,242.22904419898987,0.05333333333333334,0.25806451612903225,0.16094512500853625
200k,32,200,10,82,500,0.24652201682329178,242.22904419898987,0.032,0.25806451612903225,0.16094512500853625
200k,32,200,10,82,1000,0.24652201682329178,242.22904419898987,0.016,0.25806451612903225,0.16094512500853625
200k,32,200,10,91,10,0.2687090018298477,242.22904419898987,0.0,0.0,0.0
200k,32,200,10,91,50,0.2687090018298477,242.22904419898987,0.0,0.0,0.0
200k,32,200,10,91,100,0.2687090018298477,242.22904419898987,0.0,0.0,0.0
200k,32,200,10,91,300,0.2687090018298477,242.22904419898987,0.016666666666666666,0.078125,0.04314102291846691
200k,32,200,10,91,500,0.2687090018298477,242.22904419898987,0.01,0.078125,0.04314102291846691
200k,32,200,10,91,1000,0.2687090018298477,242.22904419898987,0.005,0.078125,0.04314102291846691
200k,32,200,10,92,10,0.2562750014476478,242.22904419898987,0.0,0.0,0.0
200k,32,200,10,92,50,0.2562750014476478,242.22904419898987,0.0,0.0,0.0
200k,32,200,10,92,100,0.2562750014476478,242.22904419898987,0.0,0.0,0.0
200k,32,200,10,92,300,0.2562750014476478,242.22904419898987,0.006666666666666667,0.031746031746031744,0.016485006009093358
200k,32,200,10,92,500,0.2562750014476478,242.22904419898987,0.008,0.06349206349206349,0.03236413125604155
200k,32,200,10,92,1000,0.2562750014476478,242.22904419898987,0.004,0.06349206349206349,0.03236413125604155
200k,32,200,50,1,10,0.8504860161338001,242.22904419898987,1.0,0.136986301369863,1.0
200k,32,200,50,1,50,0.8504860161338001,242.22904419898987,0.42,0.2876712328767123,0.5529400097651692
200k,32,200,50,1,100,0.8504860161338001,242.22904419898987,0.26,0.3561643835616438,0.4730427190552361
200k,32,200,50,1,300,0.8504860161338001,242.22904419898987,0.12666666666666668,0.5205479452054794,0.5684388991286735
200k,32,200,50,1,500,0.8504860161338001,242.22904419898987,0.078,0.5342465753424658,0.5754163721606268
200k,32,200,50,1,1000,0.8504860161338001,242.22904419898987,0.043,0.589041095890411,0.6008829147884039
200k,32,200,50,2,10,0.5678739980794489,242.22904419898987,0.5,0.07692307692307693,0.5517854393872873
200k,32,200,50,2,50,0.5678739980794489,242.22904419898987,0.34,0.26153846153846155,0.3990950731636554
200k,32,200,50,2,100,0.5678739980794489,242.22904419898987,0.19,0.2923076923076923,0.3551305892279844
200k,32,200,50,2,300,0.5678739980794489,242.22904419898987,0.11,0.5076923076923077,0.4824572143597686
200k,32,200,50,2,500,0.5678739980794489,242.22904419898987,0.076,0.5846153846153846,0.5200764489423707
200k,32,200,50,2,1000,0.5678739980794489,242.22904419898987,0.043,0.6615384615384615,0.5554832332070428
200k,32,200,50,3,10,0.5831180023960769,242.22904419898987,0.2,0.2857142857142857,0.16945984979943973
200k,32,200,50,3,50,0.5831180023960769,242.22904419898987,0.12,0.8571428571428571,0.4363955046222898
200k,32,200,50,3,100,0.5831180023960769,242.22904419898987,0.07,1.0,0.47884263989191905
200k,32,200,50,3,300,0.5831180023960769,242.22904419898987,0.023333333333333334,1.0,0.47884263989191905
200k,32,200,50,3,500,0.5831180023960769,242.22904419898987,0.014,1.0,0.47884263989191905
200k,32,200,50,3,1000,0.5831180023960769,242.22904419898987,0.007,1.0,0.47884263989191905
200k,32,200,50,4,10,0.5354280001483858,242.22904419898987,0.9,0.10975609756097561,0.9052116356304493
200k,32,200,50,4,50,0.5354280001483858,242.22904419898987,0.54,0.32926829268292684,0.6309162588622135
200k,32,200,50,4,100,0.5354280001483858,242.22904419898987,0.32,0.3902439024390244,0.49029074433201386
200k,32,200,50,4,300,0.5354280001483858,242.22904419898987,0.19,0.6951219512195121,0.6752520164781841
200k,32,200,50,4,500,0.5354280001483858,242.22904419898987,0.14,0.8536585365853658,0.7587785465101091
200k,32,200,50,4,1000,0.5354280001483858,242.22904419898987,0.073,0.8902439024390244,0.7768739223243315
200k,32,200,50,5,10,0.5360379873309284,242.22904419898987,1.0,0.11764705882352941,1.0
200k,32,200,50,5,50,0.5360379873309284,242.22904419898987,0.52,0.3058823529411765,0.636549647229996
200k,32,200,50,5,100,0.5360379873309284,242.22904419898987,0.4,0.47058823529411764,0.55921591943142
200k,32,200,50,5,300,0.5360379873309284,242.22904419898987,0.18333333333333332,0.6470588235294118,0.6687267902616155
200k,32,200,50,5,500,0.5360379873309284,242.22904419898987,0.12,0.7058823529411765,0.6997265100555475
200k,32,200,50,5,1000,0.5360379873309284,242.22904419898987,0.061,0.7176470588235294,0.7056033437474056
200k,32,200,50,11,10,0.6474409892689437,242.22904419898987,0.2,0.06060606060606061,0.22400556151517553
200k,32,200,50,11,50,0.6474409892689437,242.22904419898987,0.12,0.18181818181818182,0.18749945268738646
200k,32,200,50,11,100,0.6474409892689437,242.22904419898987,0.09,0.2727272727272727,0.2355472807601035
200k,32,200,50,11,300,0.6474409892689437,242.22904419898987,0.06333333333333334,0.5757575757575758,0.378099015824216
200k,32,200,50,11,500,0.6474409892689437,242.22904419898987,0.044,0.6666666666666666,0.413531873655767
200k,32,200,50,11,1000,0.6474409892689437,242.22904419898987,0.022,0.6666666666666666,0.413531873655767
200k,32,200,50,12,10,0.6930110102985054,242.22904419898987,0.0,0.0,0.0
200k,32,200,50,12,50,0.6930110102985054,242.22904419898987,0.0,0.0,0.0
200k,32,200,50,12,100,0.6930110102985054,242.22904419898987,0.0,0.0,0.0
200k,32,200,50,12,300,0.6930110102985054,242.22904419898987,0.0033333333333333335,0.07692307692307693,0.027810684675447304
200k,32,200,50,12,500,0.6930110102985054,242.22904419898987,0.006,0.23076923076923078,0.07118627708385696
200k,32,200,50,12,1000,0.6930110102985054,242.22904419898987,0.005,0.38461538461538464,0.11208794452952052
200k,32,200,50,15,10,0.6217180052772164,242.22904419898987,0.0,0.0,0.0
200k,32,200,50,15,50,0.6217180052772164,242.22904419898987,0.0,0.0,0.0
200k,32,200,50,15,100,0.6217180052772164,242.22904419898987,0.0,0.0,0.0
200k,32,200,50,15,300,0.6217180052772164,242.22904419898987,0.016666666666666666,0.13157894736842105,0.059362897789718906
200k,32,200,50,15,500,0.6217180052772164,242.22904419898987,0.02,0.2631578947368421,0.11265769401343616
200k,32,200,50,15,1000,0.6217180052772164,242.22904419898987,0.018,0.47368421052631576,0.19234546791387283
200k,32,200,50,34,10,0.5299400072544813,242.22904419898987,0.0,0.0,0.0
200k,32,200,50,34,50,0.5299400072544813,242.22904419898987,0.0,0.0,0.0
200k,32,200,50,34,100,0.5299400072544813,242.22904419898987,0.03,0.08571428571428572,0.04889565030513631
200k,32,200,50,34,300,0.5299400072544813,242.22904419898987,0.03333333333333333,0.2857142857142857,0.13754336791784266
200k,32,200,50,34,500,0.5299400072544813,242.22904419898987,0.03,0.42857142857142855,0.1937346649078697
200k,32,200,50,34,1000,0.5299400072544813,242.22904419898987,0.023,0.6571428571428571,0.2786524155906841
200k,32,200,50,14,10,0.5245399952400476,242.22904419898987,0.0,0.0,0.0
200k,32,200,50,14,50,0.5245399952400476,242.22904419898987,0.0,0.0,0.0
200k,32,200,50,14,100,0.5245399952400476,242.22904419898987,0.0,0.0,0.0
200k,32,200,50,14,300,0.5245399952400476,242.22904419898987,0.016666666666666666,0.10869565217391304,0.05357501375123019
200k,32,200,50,14,500,0.5245399952400476,242.22904419898987,0.026,0.2826086956521739,0.12998905750905568
200k,32,200,50,14,1000,0.5245399952400476,242.22904419898987,0.019,0.41304347826086957,0.18375439988429967
200k,32,200,50,27,10,0.5100900016259402,242.22904419898987,0.0,0.0,0.0
200k,32,200,50,27,50,0.5100900016259402,242.22904419898987,0.0,0.0,0.0
200k,32,200,50,27,100,0.5100900016259402,242.22904419898987,0.0,0.0,0.0
200k,32,200,50,27,300,0.5100900016259402,242.22904419898987,0.013333333333333334,0.12121212121212122,0.05354206124411468
200k,32,200,50,27,500,0.5100900016259402,242.22904419898987,0.02,0.30303030303030304,0.12517698091882665
200k,32,200,50,27,1000,0.5100900016259402,242.22904419898987,0.012,0.36363636363636365,0.14769097020813787
200k,32,200,50,66,10,0.4766829952131957,242.22904419898987,0.1,0.01818181818181818,0.06625422345438903
200k,32,200,50,66,50,0.4766829952131957,242.22904419898987,0.02,0.01818181818181818,0.02333976076433925
200k,32,200,50,66,100,0.4766829952131957,242.22904419898987,0.01,0.01818181818181818,0.021866577706041675
200k,32,200,50,66,300,0.4766829952131957,242.22904419898987,0.016666666666666666,0.09090909090909091,0.05867148625799384
200k,32,200,50,66,500,0.4766829952131957,242.22904419898987,0.016,0.14545454545454545,0.08408629000989215
200k,32,200,50,66,1000,0.4766829952131957,242.22904419898987,0.013,0.23636363636363636,0.12385475116354833
200k,32,200,50,72,10,0.5689940007869154,242.22904419898987,0.0,0.0,0.0
200k,32,200,50,72,50,0.5689940007869154,242.22904419898987,0.02,0.02702702702702703,0.018373828625812934
200k,32,200,50,72,100,0.5689940007869154,242.22904419898987,0.02,0.05405405405405406,0.03297037342119487
200k,32,200,50,72,300,0.5689940007869154,242.22904419898987,0.013333333333333334,0.10810810810810811,0.05705360544408134
200k,32,200,50,72,500,0.5689940007869154,242.22904419898987,0.012,0.16216216216216217,0.0794276410310233
200k,32,200,50,72,1000,0.5689940007869154,242.22904419898987,0.007,0.1891891891891892,0.08966548480142253
200k,32,200,50,99,10,0.4288399941287935,242.22904419898987,0.0,0.0,0.0
200k,32,200,50,99,50,0.4288399941287935,242.22904419898987,0.0,0.0,0.0
200k,32,200,50,99,100,0.4288399941287935,242.22904419898987,0.0,0.0,0.0
200k,32,200,50,99,300,0.4288399941287935,242.22904419898987,0.01,0.14285714285714285,0.05380783012285043
200k,32,200,50,99,500,0.4288399941287935,242.22904419898987,0.012,0.2857142857142857,0.10115039473141327
200k,32,200,50,99,1000,0.4288399941287935,242.22904419898987,0.006,0.2857142857142857,0.10115039473141327
200k,32,200,50,101,10,0.4485109820961952,242.22904419898987,0.1,0.023255813953488372,0.22009176629808017
200k,32,200,50,101,50,0.4485109820961952,242.22904419898987,0.08,0.09302325581395349,0.14429839711959375
200k,32,200,50,101,100,0.4485109820961952,242.22904419898987,0.07,0.16279069767441862,0.1854779514653998
200k,32,200,50,101,300,0.4485109820961952,242.22904419898987,0.05,0.3488372093023256,0.27771358785576694
200k,32,200,50,101,500,0.4485109820961952,242.22904419898987,0.042,0.4883720930232558,0.3381936645607793
200k,32,200,50,101,1000,0.4485109820961952,242.22904419898987,0.023,0.5348837209302325,0.3571676432266859
200k,32,200,50,56,10,0.5922499985899776,242.22904419898987,0.0,0.0,0.0
200k,32,200,50,56,50,0.5922499985899776,242.22904419898987,0.0,0.0,0.0
200k,32,200,50,56,100,0.5922499985899776,242.22904419898987,0.02,0.0392156862745098,0.02618062936166921
200k,32,200,50,56,300,0.5922499985899776,242.22904419898987,0.03333333333333333,0.19607843137254902,0.1083619718299791
200k,32,200,50,56,500,0.5922499985899776,242.22904419898987,0.04,0.39215686274509803,0.1971769969887076
200k,32,200,50,56,1000,0.5922499985899776,242.22904419898987,0.023,0.45098039215686275,0.22224054723278264
200k,32,200,50,82,10,0.5324709927663207,242.22904419898987,0.1,0.016129032258064516,0.07839826897867533
200k,32,200,50,82,50,0.5324709927663207,242.22904419898987,0.04,0.03225806451612903,0.04857019105727315
200k,32,200,50,82,100,0.5324709927663207,242.22904419898987,0.03,0.04838709677419355,0.05284595283745656
200k,32,200,50,82,300,0.5324709927663207,242.22904419898987,0.03666666666666667,0.1774193548387097,0.12383569522615405
200k,32,200,50,82,500,0.5324709927663207,242.22904419898987,0.042,0.3387096774193548,0.20152284992868938
200k,32,200,50,82,1000,0.5324709927663207,242.22904419898987,0.038,0.6129032258064516,0.32360012398065185
200k,32,200,50,91,10,0.5369030113797635,242.22904419898987,0.0,0.0,0.0
200k,32,200,50,91,50,0.5369030113797635,242.22904419898987,0.0,0.0,0.0
200k,32,200,50,91,100,0.5369030113797635,242.22904419898987,0.0,0.0,0.0
200k,32,200,50,91,300,0.5369030113797635,242.22904419898987,0.01,0.046875,0.024867299184154278
200k,32,200,50,91,500,0.5369030113797635,242.22904419898987,0.014,0.109375,0.05492217558171499
200k,32,200,50,91,1000,0.5369030113797635,242.22904419898987,0.018,0.28125,0.13201233939897486
200k,32,200,50,92,10,0.5461389955598861,242.22904419898987,0.0,0.0,0.0
200k,32,200,50,92,50,0.5461389955598861,242.22904419898987,0.0,0.0,0.0
200k,32,200,50,92,100,0.5461389955598861,242.22904419898987,0.0,0.0,0.0
200k,32,200,50,92,300,0.5461389955598861,242.22904419898987,0.01,0.047619047619047616,0.024619789906531207
200k,32,200,50,92,500,0.5461389955598861,242.22904419898987,0.018,0.14285714285714285,0.07035993656978555
200k,32,200,50,92,1000,0.5461389955598861,242.22904419898987,0.026,0.4126984126984127,0.18869412651102466
200k,32,200,100,1,10,1.2839550036005676,242.22904419898987,1.0,0.136986301369863,1.0
200k,32,200,100,1,50,1.2839550036005676,242.22904419898987,0.46,0.3150684931506849,0.5862540880549768
200k,32,200,100,1,100,1.2839550036005676,242.22904419898987,0.27,0.3698630136986301,0.4902273851936818
200k,32,200,100,1,300,1.2839550036005676,242.22904419898987,0.13333333333333333,0.547945205479452,0.594700100588135
200k,32,200,100,1,500,1.2839550036005676,242.22904419898987,0.098,0.6712328767123288,0.6572768339171959
200k,32,200,100,1,1000,1.2839550036005676,242.22904419898987,0.051,0.6986301369863014,0.6697578316803998
200k,32,200,100,2,10,0.849239993840456,242.22904419898987,0.5,0.07692307692307693,0.5517854393872873
200k,32,200,100,2,50,0.849239993840456,242.22904419898987,0.36,0.27692307692307694,0.41283266753246284
200k,32,200,100,2,100,0.849239993840456,242.22904419898987,0.2,0.3076923076923077,0.36631320240817383
200k,32,200,100,2,300,0.849239993840456,242.22904419898987,0.12,0.5538461538461539,0.5077580205812865
200k,32,200,100,2,500,0.849239993840456,242.22904419898987,0.08,0.6153846153846154,0.5376499670412658
200k,32,200,100,2,1000,0.849239993840456,242.22904419898987,0.05,0.7692307692307693,0.6060165871773243
200k,32,200,100,3,10,0.9015210089273751,242.22904419898987,0.2,0.2857142857142857,0.16945984979943973
200k,32,200,100,3,50,0.9015210089273751,242.22904419898987,0.12,0.8571428571428571,0.4363955046222898
200k,32,200,100,3,100,0.9015210089273751,242.22904419898987,0.07,1.0,0.4785314320137777
200k,32,200,100,3,300,0.9015210089273751,242.22904419898987,0.023333333333333334,1.0,0.4785314320137777
200k,32,200,100,3,500,0.9015210089273751,242.22904419898987,0.014,1.0,0.4785314320137777
200k,32,200,100,3,1000,0.9015210089273751,242.22904419898987,0.007,1.0,0.4785314320137777
200k,32,200,100,4,10,0.7143529946915805,242.22904419898987,0.9,0.10975609756097561,0.9052116356304493
200k,32,200,100,4,50,0.7143529946915805,242.22904419898987,0.54,0.32926829268292684,0.6300385827924883
200k,32,200,100,4,100,0.7143529946915805,242.22904419898987,0.33,0.4024390243902439,0.4977572571683338
200k,32,200,100,4,300,0.7143529946915805,242.22904419898987,0.19,0.6951219512195121,0.6740822013620026
200k,32,200,100,4,500,0.7143529946915805,242.22904419898987,0.138,0.8414634146341463,0.7511626998592115
200k,32,200,100,4,1000,0.7143529946915805,242.22904419898987,0.077,0.9390243902439024,0.7987336411855457
200k,32,200,100,5,10,0.7858349999878556,242.22904419898987,1.0,0.11764705882352941,1.0
200k,32,200,100,5,50,0.7858349999878556,242.22904419898987,0.52,0.3058823529411765,0.636549647229996
200k,32,200,100,5,100,0.7858349999878556,242.22904419898987,0.36,0.4235294117647059,0.526302007956462
200k,32,200,100,5,300,0.7858349999878556,242.22904419898987,0.18666666666666668,0.6588235294117647,0.6742028363677447
200k,32,200,100,5,500,0.7858349999878556,242.22904419898987,0.13,0.7647058823529411,0.7301539723339425
200k,32,200,100,5,1000,0.7858349999878556,242.22904419898987,0.072,0.8470588235294118,0.7710585553271065
200k,32,200,100,11,10,0.9571769915055484,242.22904419898987,0.2,0.06060606060606061,0.22400556151517553
200k,32,200,100,11,50,0.9571769915055484,242.22904419898987,0.12,0.18181818181818182,0.18749945268738646
200k,32,200,100,11,100,0.9571769915055484,242.22904419898987,0.08,0.24242424242424243,0.21985725089178362
200k,32,200,100,11,300,0.9571769915055484,242.22904419898987,0.06666666666666667,0.6060606060606061,0.389146018285522
200k,32,200,100,11,500,0.9571769915055484,242.22904419898987,0.048,0.7272727272727273,0.43733690046256135
200k,32,200,100,11,1000,0.9571769915055484,242.22904419898987,0.027,0.8181818181818182,0.4699955980032642
200k,32,200,100,12,10,1.0267799952998757,242.22904419898987,0.0,0.0,0.0
200k,32,200,100,12,50,1.0267799952998757,242.22904419898987,0.0,0.0,0.0
200k,32,200,100,12,100,1.0267799952998757,242.22904419898987,0.0,0.0,0.0
200k,32,200,100,12,300,1.0267799952998757,242.22904419898987,0.0033333333333333335,0.07692307692307693,0.027277486861526853
200k,32,200,100,12,500,1.0267799952998757,242.22904419898987,0.004,0.15384615384615385,0.04842512314951139
200k,32,200,100,12,1000,1.0267799952998757,242.22904419898987,0.005,0.38461538461538464,0.10773317546809891
200k,32,200,100,15,10,0.9480679873377085,242.22904419898987,0.0,0.0,0.0
200k,32,200,100,15,50,0.9480679873377085,242.22904419898987,0.0,0.0,0.0
200k,32,200,100,15,100,0.9480679873377085,242.22904419898987,0.0,0.0,0.0
200k,32,200,100,15,300,0.9480679873377085,242.22904419898987,0.02,0.15789473684210525,0.0723692942932294
200k,32,200,100,15,500,0.9480679873377085,242.22904419898987,0.022,0.2894736842105263,0.1268168509689329
200k,32,200,100,15,1000,0.9480679873377085,242.22904419898987,0.025,0.6578947368421053,0.2639536456773877
200k,32,200,100,34,10,0.7774459954816848,242.22904419898987,0.0,0.0,0.0
200k,32,200,100,34,50,0.7774459954816848,242.22904419898987,0.0,0.0,0.0
200k,32,200,100,34,100,0.7774459954816848,242.22904419898987,0.03,0.08571428571428572,0.04867649378333724
200k,32,200,100,34,300,0.7774459954816848,242.22904419898987,0.03,0.2571428571428571,0.12526352981531721
200k,32,200,100,34,500,0.7774459954816848,242.22904419898987,0.026,0.37142857142857144,0.17115803979799712
200k,32,200,100,34,1000,0.7774459954816848,242.22904419898987,0.025,0.7142857142857143,0.29687064896143966
200k,32,200,100,14,10,0.7776040001772344,242.22904419898987,0.0,0.0,0.0
200k,32,200,100,14,50,0.7776040001772344,242.22904419898987,0.0,0.0,0.0
200k,32,200,100,14,100,0.7776040001772344,242.22904419898987,0.0,0.0,0.0
200k,32,200,100,14,300,0.7776040001772344,242.22904419898987,0.013333333333333334,0.08695652173913043,0.04458312258186936
200k,32,200,100,14,500,0.7776040001772344,242.22904419898987,0.024,0.2608695652173913,0.12104087444268294
200k,32,200,100,14,1000,0.7776040001772344,242.22904419898987,0.024,0.5217391304347826,0.22546533766828245
200k,32,200,100,27,10,0.705565995303914,242.22904419898987,0.0,0.0,0.0
200k,32,200,100,27,50,0.705565995303914,242.22904419898987,0.0,0.0,0.0
200k,32,200,100,27,100,0.705565995303914,242.22904419898987,0.0,0.0,0.0
200k,32,200,100,27,300,0.705565995303914,242.22904419898987,0.013333333333333334,0.12121212121212122,0.05283563837279736
200k,32,200,100,27,500,0.705565995303914,242.22904419898987,0.016,0.24242424242424243,0.0998592054279511
200k,32,200,100,27,1000,0.705565995303914,242.22904419898987,0.017,0.5151515151515151,0.19739326886866498
200k,32,200,100,66,10,0.6628090050071478,242.22904419898987,0.1,0.01818181818181818,0.06625422345438903
200k,32,200,100,66,50,0.6628090050071478,242.22904419898987,0.02,0.01818181818181818,0.02333976076433925
200k,32,200,100,66,100,0.6628090050071478,242.22904419898987,0.01,0.01818181818181818,0.021866577706041675
200k,32,200,100,66,300,0.6628090050071478,242.22904419898987,0.013333333333333334,0.07272727272727272,0.04952913657122726
200k,32,200,100,66,500,0.6628090050071478,242.22904419898987,0.02,0.18181818181818182,0.10041089142375281
200k,32,200,100,66,1000,0.6628090050071478,242.22904419898987,0.021,0.38181818181818183,0.18512013859204776
200k,32,200,100,72,10,0.9566860098857433,242.22904419898987,0.0,0.0,0.0
200k,32,200,100,72,50,0.9566860098857433,242.22904419898987,0.02,0.02702702702702703,0.018373828625812934
200k,32,200,100,72,100,0.9566860098857433,242.22904419898987,0.02,0.05405405405405406,0.032832489766607624
200k,32,200,100,72,300,0.9566860098857433,242.22904419898987,0.02,0.16216216216216217,0.08017891891778606
200k,32,200,100,72,500,0.9566860098857433,242.22904419898987,0.018,0.24324324324324326,0.11314880418907144
200k,32,200,100,72,1000,0.9566860098857433,242.22904419898987,0.013,0.35135135135135137,0.153655834999571
200k,32,200,100,99,10,0.7015409937594086,242.22904419898987,0.0,0.0,0.0
200k,32,200,100,99,50,0.7015409937594086,242.22904419898987,0.0,0.0,0.0
200k,32,200,100,99,100,0.7015409937594086,242.22904419898987,0.0,0.0,0.0
200k,32,200,100,99,300,0.7015409937594086,242.22904419898987,0.01,0.14285714285714285,0.053147904758903866
200k,32,200,100,99,500,0.7015409937594086,242.22904419898987,0.012,0.2857142857142857,0.10095215596863549
200k,32,200,100,99,1000,0.7015409937594086,242.22904419898987,0.012,0.5714285714285714,0.19039333968992028
200k,32,200,100,101,10,0.6819679983891547,242.22904419898987,0.1,0.023255813953488372,0.22009176629808017
200k,32,200,100,101,50,0.6819679983891547,242.22904419898987,0.08,0.09302325581395349,0.14429839711959375
200k,32,200,100,101,100,0.6819679983891547,242.22904419898987,0.07,0.16279069767441862,0.18541751511116783
200k,32,200,100,101,300,0.6819679983891547,242.22904419898987,0.06,0.4186046511627907,0.31228057107430723
200k,32,200,100,101,500,0.6819679983891547,242.22904419898987,0.054,0.627906976744186,0.40243369878967217
200k,32,200,100,101,1000,0.6819679983891547,242.22904419898987,0.033,0.7674418604651163,0.45839740787587463
200k,32,200,100,56,10,0.8721220074221492,242.22904419898987,0.0,0.0,0.0
200k,32,200,100,56,50,0.8721220074221492,242.22904419898987,0.0,0.0,0.0
200k,32,200,100,56,100,0.8721220074221492,242.22904419898987,0.02,0.0392156862745098,0.025968906571411033
200k,32,200,100,56,300,0.8721220074221492,242.22904419898987,0.03666666666666667,0.21568627450980393,0.11670993530547827
200k,32,200,100,56,500,0.8721220074221492,242.22904419898987,0.04,0.39215686274509803,0.1966820140139278
200k,32,200,100,56,1000,0.8721220074221492,242.22904419898987,0.03,0.5882352941176471,0.27892522818158905
200k,32,200,100,82,10,0.6880750006530434,242.22904419898987,0.1,0.016129032258064516,0.07839826897867533
200k,32,200,100,82,50,0.6880750006530434,242.22904419898987,0.04,0.03225806451612903,0.04857019105727315
200k,32,200,100,82,100,0.6880750006530434,242.22904419898987,0.03,0.04838709677419355,0.0527725616175262
200k,32,200,100,82,300,0.6880750006530434,242.22904419898987,0.03666666666666667,0.1774193548387097,0.12291889334516025
200k,32,200,100,82,500,0.6880750006530434,242.22904419898987,0.04,0.3225806451612903,0.19263230244004412
200k,32,200,100,82,1000,0.6880750006530434,242.22904419898987,0.048,0.7741935483870968,0.38982241037944315
200k,32,200,100,91,10,0.8121150021906942,242.22904419898987,0.0,0.0,0.0
200k,32,200,100,91,50,0.8121150021906942,242.22904419898987,0.0,0.0,0.0
200k,32,200,100,91,100,0.8121150021906942,242.22904419898987,0.0,0.0,0.0
200k,32,200,100,91,300,0.8121150021906942,242.22904419898987,0.01,0.046875,0.024587353028378032
200k,32,200,100,91,500,0.8121150021906942,242.22904419898987,0.014,0.109375,0.05483256016945104
200k,32,200,100,91,1000,0.8121150021906942,242.22904419898987,0.024,0.375,0.1732471267033543
200k,32,200,100,92,10,0.7580220117233694,242.22904419898987,0.0,0.0,0.0
200k,32,200,100,92,50,0.7580220117233694,242.22904419898987,0.0,0.0,0.0
200k,32,200,100,92,100,0.7580220117233694,242.22904419898987,0.0,0.0,0.0
200k,32,200,100,92,300,0.7580220117233694,242.22904419898987,0.006666666666666667,0.031746031746031744,0.016309322776285162
200k,32,200,100,92,500,0.7580220117233694,242.22904419898987,0.012,0.09523809523809523,0.0475395903042204
200k,32,200,100,92,1000,0.7580220117233694,242.22904419898987,0.03,0.47619047619047616,0.2133720227333525
200k,32,200,200,1,10,2.000384993152693,242.22904419898987,1.0,0.136986301369863,1.0
200k,32,200,200,1,50,2.000384993152693,242.22904419898987,0.46,0.3150684931506849,0.5862540880549768
200k,32,200,200,1,100,2.000384993152693,242.22904419898987,0.28,0.3835616438356164,0.4992734552229965
200k,32,200,200,1,300,2.000384993152693,242.22904419898987,0.14,0.5753424657534246,0.6101287158106968
200k,32,200,200,1,500,2.000384993152693,242.22904419898987,0.096,0.6575342465753424,0.651259748771011
200k,32,200,200,1,1000,2.000384993152693,242.22904419898987,0.056,0.7671232876712328,0.7024660638284537
200k,32,200,200,2,10,1.3021129998378456,242.22904419898987,0.5,0.07692307692307693,0.5517854393872873
200k,32,200,200,2,50,1.3021129998378456,242.22904419898987,0.36,0.27692307692307694,0.41283266753246284
200k,32,200,200,2,100,1.3021129998378456,242.22904419898987,0.21,0.3230769230769231,0.37625887517030293
200k,32,200,200,2,300,1.3021129998378456,242.22904419898987,0.11666666666666667,0.5384615384615384,0.5012468984786723
200k,32,200,200,2,500,1.3021129998378456,242.22904419898987,0.084,0.6461538461538462,0.5547706480316821
200k,32,200,200,2,1000,1.3021129998378456,242.22904419898987,0.056,0.8615384615384616,0.6489443239441471
200k,32,200,200,3,10,1.4393449819181114,242.22904419898987,0.2,0.2857142857142857,0.16945984979943973
200k,32,200,200,3,50,1.4393449819181114,242.22904419898987,0.12,0.8571428571428571,0.4363955046222898
200k,32,200,200,3,100,1.4393449819181114,242.22904419898987,0.07,1.0,0.4785314320137777
200k,32,200,200,3,300,1.4393449819181114,242.22904419898987,0.023333333333333334,1.0,0.4785314320137777
200k,32,200,200,3,500,1.4393449819181114,242.22904419898987,0.014,1.0,0.4785314320137777
200k,32,200,200,3,1000,1.4393449819181114,242.22904419898987,0.007,1.0,0.4785314320137777
200k,32,200,200,4,10,0.9886339830700308,242.22904419898987,0.9,0.10975609756097561,0.9052116356304493
200k,32,200,200,4,50,0.9886339830700308,242.22904419898987,0.54,0.32926829268292684,0.6300385827924883
200k,32,200,200,4,100,0.9886339830700308,242.22904419898987,0.33,0.4024390243902439,0.4977572571683338
200k,32,200,200,4,300,0.9886339830700308,242.22904419898987,0.18666666666666668,0.6829268292682927,0.6672139362133597
200k,32,200,200,4,500,0.9886339830700308,242.22904419898987,0.138,0.8414634146341463,0.7508070713134037
200k,32,200,200,4,1000,0.9886339830700308,242.22904419898987,0.081,0.9878048780487805,0.8210172150920686
200k,32,200,200,5,10,1.2718020007014275,242.22904419898987,1.0,0.11764705882352941,1.0
200k,32,200,200,5,50,1.2718020007014275,242.22904419898987,0.52,0.3058823529411765,0.636549647229996
200k,32,200,200,5,100,1.2718020007014275,242.22904419898987,0.36,0.4235294117647059,0.526302007956462
200k,32,200,200,5,300,1.2718020007014275,242.22904419898987,0.18666666666666668,0.6588235294117647,0.6763998577859098
200k,32,200,200,5,500,1.2718020007014275,242.22904419898987,0.136,0.8,0.7513998498648811
200k,32,200,200,5,1000,1.2718020007014275,242.22904419898987,0.079,0.9294117647058824,0.8147544649643264
200k,32,200,200,11,10,1.4956440136302263,242.22904419898987,0.2,0.06060606060606061,0.22400556151517553
200k,32,200,200,11,50,1.4956440136302263,242.22904419898987,0.12,0.18181818181818182,0.18749945268738646
200k,32,200,200,11,100,1.4956440136302263,242.22904419898987,0.08,0.24242424242424243,0.2198235085913309
200k,32,200,200,11,300,1.4956440136302263,242.22904419898987,0.06333333333333334,0.5757575757575758,0.376207087147141
200k,32,200,200,11,500,1.4956440136302263,242.22904419898987,0.05,0.7575757575757576,0.4480376040110426
200k,32,200,200,11,1000,1.4956440136302263,242.22904419898987,0.027,0.8181818181818182,0.4698187134792385
200k,32,200,200,12,10,1.5901039878372103,242.22904419898987,0.0,0.0,0.0
200k,32,200,200,12,50,1.5901039878372103,242.22904419898987,0.0,0.0,0.0
200k,32,200,200,12,100,1.5901039878372103,242.22904419898987,0.0,0.0,0.0
200k,32,200,200,12,300,1.5901039878372103,242.22904419898987,0.0033333333333333335,0.07692307692307693,0.02717872668289297
200k,32,200,200,12,500,1.5901039878372103,242.22904419898987,0.004,0.15384615384615385,0.04808025239464781
200k,32,200,200,12,1000,1.5901039878372103,242.22904419898987,0.006,0.46153846153846156,0.1261959252344797
200k,32,200,200,15,10,1.360989990644157,242.22904419898987,0.0,0.0,0.0
200k,32,200,200,15,50,1.360989990644157,242.22904419898987,0.0,0.0,0.0
200k,32,200,200,15,100,1.360989990644157,242.22904419898987,0.0,0.0,0.0
200k,32,200,200,15,300,1.360989990644157,242.22904419898987,0.02,0.15789473684210525,0.07197277464715442
200k,32,200,200,15,500,1.360989990644157,242.22904419898987,0.02,0.2631578947368421,0.11561168658725507
200k,32,200,200,15,1000,1.360989990644157,242.22904419898987,0.021,0.5526315789473685,0.22412421042364433
200k,32,200,200,34,10,1.1182059824932367,242.22904419898987,0.0,0.0,0.0
200k,32,200,200,34,50,1.1182059824932367,242.22904419898987,0.0,0.0,0.0
200k,32,200,200,34,100,1.1182059824932367,242.22904419898987,0.03,0.08571428571428572,0.04867649378333724
200k,32,200,200,34,300,1.1182059824932367,242.22904419898987,0.02666666666666667,0.22857142857142856,0.11296687207117749
200k,32,200,200,34,500,1.1182059824932367,242.22904419898987,0.026,0.37142857142857144,0.1702892195606552
200k,32,200,200,34,1000,1.1182059824932367,242.22904419898987,0.026,0.7428571428571429,0.304214089529608
200k,32,200,200,14,10,1.175403012894094,242.22904419898987,0.0,0.0,0.0
200k,32,200,200,14,50,1.175403012894094,242.22904419898987,0.02,0.021739130434782608,0.014772284029464532
200k,32,200,200,14,100,1.175403012894094,242.22904419898987,0.01,0.021739130434782608,0.014772284029464532
200k,32,200,200,14,300,1.175403012894094,242.22904419898987,0.016666666666666666,0.10869565217391304,0.05944350963883349
200k,32,200,200,14,500,1.175403012894094,242.22904419898987,0.024,0.2608695652173913,0.12635798654937735
200k,32,200,200,14,1000,1.175403012894094,242.22904419898987,0.031,0.6739130434782609,0.28883885000261916
200k,32,200,200,27,10,1.0115059849340469,242.22904419898987,0.0,0.0,0.0
200k,32,200,200,27,50,1.0115059849340469,242.22904419898987,0.0,0.0,0.0
200k,32,200,200,27,100,1.0115059849340469,242.22904419898987,0.0,0.0,0.0
200k,32,200,200,27,300,1.0115059849340469,242.22904419898987,0.01,0.09090909090909091,0.040112268956235465
200k,32,200,200,27,500,1.0115059849340469,242.22904419898987,0.014,0.21212121212121213,0.08754757169184468
200k,32,200,200,27,1000,1.0115059849340469,242.22904419898987,0.019,0.5757575757575758,0.21606247738030382
200k,32,200,200,66,10,0.9956260037142783,242.22904419898987,0.1,0.01818181818181818,0.06625422345438903
200k,32,200,200,66,50,0.9956260037142783,242.22904419898987,0.02,0.01818181818181818,0.02333976076433925
200k,32,200,200,66,100,0.9956260037142783,242.22904419898987,0.01,0.01818181818181818,0.021866577706041675
200k,32,200,200,66,300,0.9956260037142783,242.22904419898987,0.01,0.05454545454545454,0.04065812511140027
200k,32,200,200,66,500,0.9956260037142783,242.22904419898987,0.018,0.16363636363636364,0.09199719997353982
200k,32,200,200,66,1000,0.9956260037142783,242.22904419898987,0.03,0.5454545454545454,0.2519415913507785
200k,32,200,200,72,10,1.4928779855836183,242.22904419898987,0.0,0.0,0.0
200k,32,200,200,72,50,1.4928779855836183,242.22904419898987,0.02,0.02702702702702703,0.018373828625812934
200k,32,200,200,72,100,1.4928779855836183,242.22904419898987,0.02,0.05405405405405406,0.032832489766607624
200k,32,200,200,72,300,1.4928779855836183,242.22904419898987,0.016666666666666666,0.13513513513513514,0.06822858760863773
200k,32,200,200,72,500,1.4928779855836183,242.22904419898987,0.016,0.21621621621621623,0.10174366922998576
200k,32,200,200,72,1000,1.4928779855836183,242.22904419898987,0.017,0.4594594594594595,0.19229340413845417
200k,32,200,200,99,10,1.041642011841759,242.22904419898987,0.0,0.0,0.0
200k,32,200,200,99,50,1.041642011841759,242.22904419898987,0.0,0.0,0.0
200k,32,200,200,99,100,1.041642011841759,242.22904419898987,0.0,0.0,0.0
200k,32,200,200,99,300,1.041642011841759,242.22904419898987,0.013333333333333334,0.19047619047619047,0.06991703504584523
200k,32,200,200,99,500,1.041642011841759,242.22904419898987,0.014,0.3333333333333333,0.11789568757917929
200k,32,200,200,99,1000,1.041642011841759,242.22904419898987,0.014,0.6666666666666666,0.22036234184350614
200k,32,200,200,101,10,1.0794739937409759,242.22904419898987,0.1,0.023255813953488372,0.22009176629808017
200k,32,200,200,101,50,1.0794739937409759,242.22904419898987,0.08,0.09302325581395349,0.14429839711959375
200k,32,200,200,101,100,1.0794739937409759,242.22904419898987,0.07,0.16279069767441862,0.18541751511116783
200k,32,200,200,101,300,1.0794739937409759,242.22904419898987,0.06,0.4186046511627907,0.31199157739965516
200k,32,200,200,101,500,1.0794739937409759,242.22904419898987,0.056,0.6511627906976745,0.4116577934304774
200k,32,200,200,101,1000,1.0794739937409759,242.22904419898987,0.041,0.9534883720930233,0.530544312767669
200k,32,200,200,56,10,1.3002289924770594,242.22904419898987,0.0,0.0,0.0
200k,32,200,200,56,50,1.3002289924770594,242.22904419898987,0.0,0.0,0.0
200k,32,200,200,56,100,1.3002289924770594,242.22904419898987,0.02,0.0392156862745098,0.02586278489915839
200k,32,200,200,56,300,1.3002289924770594,242.22904419898987,0.03333333333333333,0.19607843137254902,0.10678889499191065
200k,32,200,200,56,500,1.3002289924770594,242.22904419898987,0.042,0.4117647058823529,0.20402528654820645
200k,32,200,200,56,1000,1.3002289924770594,242.22904419898987,0.035,0.6862745098039216,0.31604393433434597
200k,32,200,200,82,10,0.9625550010241568,242.22904419898987,0.1,0.016129032258064516,0.07839826897867533
200k,32,200,200,82,50,0.9625550010241568,242.22904419898987,0.04,0.03225806451612903,0.04857019105727315
200k,32,200,200,82,100,0.9625550010241568,242.22904419898987,0.03,0.04838709677419355,0.0527725616175262
200k,32,200,200,82,300,0.9625550010241568,242.22904419898987,0.03666666666666667,0.1774193548387097,0.1226663814554249
200k,32,200,200,82,500,0.9625550010241568,242.22904419898987,0.042,0.3387096774193548,0.20009546940737558
200k,32,200,200,82,1000,0.9625550010241568,242.22904419898987,0.05,0.8064516129032258,0.40395033197094554
200k,32,200,200,91,10,1.1390360014047474,242.22904419898987,0.0,0.0,0.0
200k,32,200,200,91,50,1.1390360014047474,242.22904419898987,0.0,0.0,0.0
200k,32,200,200,91,100,1.1390360014047474,242.22904419898987,0.0,0.0,0.0
200k,32,200,200,91,300,1.1390360014047474,242.22904419898987,0.01,0.046875,0.024468781968148678
200k,32,200,200,91,500,1.1390360014047474,242.22904419898987,0.014,0.109375,0.0544913551294177
200k,32,200,200,91,1000,1.1390360014047474,242.22904419898987,0.024,0.375,0.17200710454786267
200k,32,200,200,92,10,0.9928620129358023,242.22904419898987,0.0,0.0,0.0
200k,32,200,200,92,50,0.9928620129358023,242.22904419898987,0.0,0.0,0.0
200k,32,200,200,92,100,0.9928620129358023,242.22904419898987,0.0,0.0,0.0
200k,32,200,200,92,300,0.9928620129358023,242.22904419898987,0.006666666666666667,0.031746031746031744,0.016237117898221937
200k,32,200,200,92,500,0.9928620129358023,242.22904419898987,0.012,0.09523809523809523,0.0472674403432953
200k,32,200,200,92,1000,0.9928620129358023,242.22904419898987,0.034,0.5396825396825397,0.23892022251365116
200k,32,200,500,1,10,3.6030430055689067,242.22904419898987,1.0,0.136986301369863,1.0
200k,32,200,500,1,50,3.6030430055689067,242.22904419898987,0.46,0.3150684931506849,0.5862540880549768
200k,32,200,500,1,100,3.6030430055689067,242.22904419898987,0.28,0.3835616438356164,0.4992106062688265
200k,32,200,500,1,300,3.6030430055689067,242.22904419898987,0.14666666666666667,0.6027397260273972,0.6243664829878517
200k,32,200,500,1,500,3.6030430055689067,242.22904419898987,0.098,0.6712328767123288,0.6582334465226166
200k,32,200,500,1,1000,3.6030430055689067,242.22904419898987,0.057,0.7808219178082192,0.7095604108378777
200k,32,200,500,2,10,2.17758901999332,242.22904419898987,0.5,0.07692307692307693,0.5517854393872873
200k,32,200,500,2,50,2.17758901999332,242.22904419898987,0.36,0.27692307692307694,0.41283266753246284
200k,32,200,500,2,100,2.17758901999332,242.22904419898987,0.21,0.3230769230769231,0.37625887517030293
200k,32,200,500,2,300,2.17758901999332,242.22904419898987,0.11666666666666667,0.5384615384615384,0.5012216889297915
200k,32,200,500,2,500,2.17758901999332,242.22904419898987,0.082,0.6307692307692307,0.5472697912970882
200k,32,200,500,2,1000,2.17758901999332,242.22904419898987,0.05,0.7692307692307693,0.6086378528558062
200k,32,200,500,3,10,2.750293002463877,242.22904419898987,0.2,0.2857142857142857,0.16945984979943973
200k,32,200,500,3,50,2.750293002463877,242.22904419898987,0.12,0.8571428571428571,0.4363955046222898
200k,32,200,500,3,100,2.750293002463877,242.22904419898987,0.07,1.0,0.4785314320137777
200k,32,200,500,3,300,2.750293002463877,242.22904419898987,0.023333333333333334,1.0,0.4785314320137777
200k,32,200,500,3,500,2.750293002463877,242.22904419898987,0.014,1.0,0.4785314320137777
200k,32,200,500,3,1000,2.750293002463877,242.22904419898987,0.007,1.0,0.4785314320137777
200k,32,200,500,4,10,1.5292309981305152,242.22904419898987,0.9,0.10975609756097561,0.9052116356304493
200k,32,200,500,4,50,1.5292309981305152,242.22904419898987,0.54,0.32926829268292684,0.6300385827924883
200k,32,200,500,4,100,1.5292309981305152,242.22904419898987,0.33,0.4024390243902439,0.4977572571683338
200k,32,200,500,4,300,1.5292309981305152,242.22904419898987,0.18666666666666668,0.6829268292682927,0.6672139362133597
200k,32,200,500,4,500,1.5292309981305152,242.22904419898987,0.14,0.8536585365853658,0.7571914445398252
200k,32,200,500,4,1000,1.5292309981305152,242.22904419898987,0.081,0.9878048780487805,0.8216527550486591
200k,32,200,500,5,10,2.315193007234484,242.22904419898987,1.0,0.11764705882352941,1.0
200k,32,200,500,5,50,2.315193007234484,242.22904419898987,0.52,0.3058823529411765,0.636549647229996
200k,32,200,500,5,100,2.315193007234484,242.22904419898987,0.36,0.4235294117647059,0.526302007956462
200k,32,200,500,5,300,2.315193007234484,242.22904419898987,0.18666666666666668,0.6588235294117647,0.6763903365775339
200k,32,200,500,5,500,2.315193007234484,242.22904419898987,0.136,0.8,0.7512714113559038
200k,32,200,500,5,1000,2.315193007234484,242.22904419898987,0.081,0.9529411764705882,0.8258104236719994
200k,32,200,500,11,10,2.6976859953720123,242.22904419898987,0.2,0.06060606060606061,0.22400556151517553
200k,32,200,500,11,50,2.6976859953720123,242.22904419898987,0.12,0.18181818181818182,0.18749945268738646
200k,32,200,500,11,100,2.6976859953720123,242.22904419898987,0.08,0.24242424242424243,0.21973092085556262
200k,32,200,500,11,300,2.6976859953720123,242.22904419898987,0.06666666666666667,0.6060606060606061,0.3887202717192197
200k,32,200,500,11,500,2.6976859953720123,242.22904419898987,0.052,0.7878787878787878,0.4603122935128929
200k,32,200,500,11,1000,2.6976859953720123,242.22904419898987,0.029,0.8787878787878788,0.49219584823144485
200k,32,200,500,12,10,2.777557005174458,242.22904419898987,0.0,0.0,0.0
200k,32,200,500,12,50,2.777557005174458,242.22904419898987,0.0,0.0,0.0
200k,32,200,500,12,100,2.777557005174458,242.22904419898987,0.0,0.0,0.0
200k,32,200,500,12,300,2.777557005174458,242.22904419898987,0.0033333333333333335,0.07692307692307693,0.02717872668289297
200k,32,200,500,12,500,2.777557005174458,242.22904419898987,0.002,0.07692307692307693,0.02717872668289297
200k,32,200,500,12,1000,2.777557005174458,242.22904419898987,0.005,0.38461538461538464,0.10679497011408295
200k,32,200,500,15,10,2.105600986396894,242.22904419898987,0.0,0.0,0.0
200k,32,200,500,15,50,2.105600986396894,242.22904419898987,0.0,0.0,0.0
200k,32,200,500,15,100,2.105600986396894,242.22904419898987,0.0,0.0,0.0
200k,32,200,500,15,300,2.105600986396894,242.22904419898987,0.023333333333333334,0.18421052631578946,0.08333272239985068
200k,32,200,500,15,500,2.105600986396894,242.22904419898987,0.02,0.2631578947368421,0.11654221213141061
200k,32,200,500,15,1000,2.105600986396894,242.22904419898987,0.023,0.6052631578947368,0.24503135822129282
200k,32,200,500,34,10,1.7163890006486326,242.22904419898987,0.0,0.0,0.0
200k,32,200,500,34,50,1.7163890006486326,242.22904419898987,0.0,0.0,0.0
200k,32,200,500,34,100,1.7163890006486326,242.22904419898987,0.03,0.08571428571428572,0.04867649378333724
200k,32,200,500,34,300,1.7163890006486326,242.22904419898987,0.02666666666666667,0.22857142857142856,0.11296687207117749
200k,32,200,500,34,500,1.7163890006486326,242.22904419898987,0.026,0.37142857142857144,0.1702359199986311
200k,32,200,500,34,1000,1.7163890006486326,242.22904419898987,0.024,0.6857142857142857,0.2835956709294105
200k,32,200,500,14,10,1.984731003176421,242.22904419898987,0.0,0.0,0.0
200k,32,200,500,14,50,1.984731003176421,242.22904419898987,0.02,0.021739130434782608,0.014772284029464532
200k,32,200,500,14,100,1.984731003176421,242.22904419898987,0.01,0.021739130434782608,0.014772284029464532
200k,32,200,500,14,300,1.984731003176421,242.22904419898987,0.02,0.13043478260869565,0.06954999562621783
200k,32,200,500,14,500,1.984731003176421,242.22904419898987,0.026,0.2826086956521739,0.13632293359277323
200k,32,200,500,14,1000,1.984731003176421,242.22904419898987,0.031,0.6739130434782609,0.28960228166533236
200k,32,200,500,27,10,1.8016420071944594,242.22904419898987,0.0,0.0,0.0
200k,32,200,500,27,50,1.8016420071944594,242.22904419898987,0.0,0.0,0.0
200k,32,200,500,27,100,1.8016420071944594,242.22904419898987,0.0,0.0,0.0
200k,32,200,500,27,300,1.8016420071944594,242.22904419898987,0.01,0.09090909090909091,0.04006717463972704
200k,32,200,500,27,500,1.8016420071944594,242.22904419898987,0.014,0.21212121212121213,0.08731913325596809
200k,32,200,500,27,1000,1.8016420071944594,242.22904419898987,0.02,0.6060606060606061,0.22520260676558124
200k,32,200,500,66,10,1.8738450016826391,242.22904419898987,0.1,0.01818181818181818,0.06625422345438903
200k,32,200,500,66,50,1.8738450016826391,242.22904419898987,0.02,0.01818181818181818,0.02333976076433925
200k,32,200,500,66,100,1.8738450016826391,242.22904419898987,0.01,0.01818181818181818,0.021866577706041675
200k,32,200,500,66,300,1.8738450016826391,242.22904419898987,0.01,0.05454545454545454,0.04065812511140027
200k,32,200,500,66,500,1.8738450016826391,242.22904419898987,0.018,0.16363636363636364,0.09196755590227838
200k,32,200,500,66,1000,1.8738450016826391,242.22904419898987,0.035,0.6363636363636364,0.2881438557233782
200k,32,200,500,72,10,2.767774974927306,242.22904419898987,0.0,0.0,0.0
200k,32,200,500,72,50,2.767774974927306,242.22904419898987,0.02,0.02702702702702703,0.018373828625812934
200k,32,200,500,72,100,2.767774974927306,242.22904419898987,0.02,0.05405405405405406,0.032832489766607624
200k,32,200,500,72,300,2.767774974927306,242.22904419898987,0.013333333333333334,0.10810810810810811,0.056571157554076455
200k,32,200,500,72,500,2.767774974927306,242.22904419898987,0.016,0.21621621621621623,0.1019770309449225
200k,32,200,500,72,1000,2.767774974927306,242.22904419898987,0.018,0.4864864864864865,0.20141484869788726
200k,32,200,500,99,10,2.061647013761103,242.22904419898987,0.0,0.0,0.0
200k,32,200,500,99,50,2.061647013761103,242.22904419898987,0.0,0.0,0.0
200k,32,200,500,99,100,2.061647013761103,242.22904419898987,0.0,0.0,0.0
200k,32,200,500,99,300,2.061647013761103,242.22904419898987,0.013333333333333334,0.19047619047619047,0.06976741129594732
200k,32,200,500,99,500,2.061647013761103,242.22904419898987,0.012,0.2857142857142857,0.10209856209727794
200k,32,200,500,99,1000,2.061647013761103,242.22904419898987,0.012,0.5714285714285714,0.19001583110464698
200k,32,200,500,101,10,1.914571999805048,242.22904419898987,0.1,0.023255813953488372,0.22009176629808017
200k,32,200,500,101,50,1.914571999805048,242.22904419898987,0.08,0.09302325581395349,0.14429839711959375
200k,32,200,500,101,100,1.914571999805048,242.22904419898987,0.07,0.16279069767441862,0.18541751511116783
200k,32,200,500,101,300,1.914571999805048,242.22904419898987,0.06,0.4186046511627907,0.31199157739965516
200k,32,200,500,101,500,1.914571999805048,242.22904419898987,0.056,0.6511627906976745,0.4115101436901505
200k,32,200,500,101,1000,1.914571999805048,242.22904419898987,0.041,0.9534883720930233,0.5301700307218457
200k,32,200,500,56,10,2.45821601129137,242.22904419898987,0.0,0.0,0.0
200k,32,200,500,56,50,2.45821601129137,242.22904419898987,0.0,0.0,0.0
200k,32,200,500,56,100,2.45821601129137,242.22904419898987,0.02,0.0392156862745098,0.02586278489915839
200k,32,200,500,56,300,2.45821601129137,242.22904419898987,0.03333333333333333,0.19607843137254902,0.10678889499191065
200k,32,200,500,56,500,2.45821601129137,242.22904419898987,0.042,0.4117647058823529,0.20382147307875764
200k,32,200,500,56,1000,2.45821601129137,242.22904419898987,0.038,0.7450980392156863,0.33872370232401183
200k,32,200,500,82,10,1.531426009023562,242.22904419898987,0.1,0.016129032258064516,0.07839826897867533
200k,32,200,500,82,50,1.531426009023562,242.22904419898987,0.04,0.03225806451612903,0.04857019105727315
200k,32,200,500,82,100,1.531426009023562,242.22904419898987,0.03,0.04838709677419355,0.0527725616175262
200k,32,200,500,82,300,1.531426009023562,242.22904419898987,0.03666666666666667,0.1774193548387097,0.1226503407587267
200k,32,200,500,82,500,1.531426009023562,242.22904419898987,0.042,0.3387096774193548,0.2000297546837067
200k,32,200,500,82,1000,1.531426009023562,242.22904419898987,0.052,0.8387096774193549,0.41752347154990477
200k,32,200,500,91,10,1.9327999907545745,242.22904419898987,0.0,0.0,0.0
200k,32,200,500,91,50,1.9327999907545745,242.22904419898987,0.0,0.0,0.0
200k,32,200,500,91,100,1.9327999907545745,242.22904419898987,0.0,0.0,0.0
200k,32,200,500,91,300,1.9327999907545745,242.22904419898987,0.01,0.046875,0.02445180682032382
200k,32,200,500,91,500,1.9327999907545745,242.22904419898987,0.014,0.109375,0.05443439704346595
200k,32,200,500,91,1000,1.9327999907545745,242.22904419898987,0.024,0.375,0.171470466520878
200k,32,200,500,92,10,1.4943550049792975,242.22904419898987,0.0,0.0,0.0
200k,32,200,500,92,50,1.4943550049792975,242.22904419898987,0.0,0.0,0.0
200k,32,200,500,92,100,1.4943550049792975,242.22904419898987,0.0,0.0,0.0
200k,32,200,500,92,300,1.4943550049792975,242.22904419898987,0.006666666666666667,0.031746031746031744,0.01622700004740211
200k,32,200,500,92,500,1.4943550049792975,242.22904419898987,0.012,0.09523809523809523,0.04721476651076201
200k,32,200,500,92,1000,1.4943550049792975,242.22904419898987,0.026,0.4126984126984127,0.18522194001831704
200k,32,200,1000,1,10,5.6079039932228625,242.22904419898987,1.0,0.136986301369863,1.0
200k,32,200,1000,1,50,5.6079039932228625,242.22904419898987,0.48,0.3287671232876712,0.6035485926163732
200k,32,200,1000,1,100,5.6079039932228625,242.22904419898987,0.29,0.3972602739726027,0.5123734632025463
200k,32,200,1000,1,300,5.6079039932228625,242.22904419898987,0.15,0.6164383561643836,0.6372687635779127
200k,32,200,1000,1,500,5.6079039932228625,242.22904419898987,0.1,0.684931506849315,0.6710491630022939
200k,32,200,1000,1,1000,5.6079039932228625,242.22904419898987,0.059,0.8082191780821918,0.7288327944589479
200k,32,200,1000,2,10,3.659285983303562,242.22904419898987,0.5,0.07692307692307693,0.5517854393872873
200k,32,200,1000,2,50,3.659285983303562,242.22904419898987,0.36,0.27692307692307694,0.41283266753246284
200k,32,200,1000,2,100,3.659285983303562,242.22904419898987,0.21,0.3230769230769231,0.37625887517030293
200k,32,200,1000,2,300,3.659285983303562,242.22904419898987,0.11666666666666667,0.5384615384615384,0.5012216889297915
200k,32,200,1000,2,500,3.659285983303562,242.22904419898987,0.082,0.6307692307692307,0.5472646173580771
200k,32,200,1000,2,1000,3.659285983303562,242.22904419898987,0.05,0.7692307692307693,0.6085490867651672
200k,32,200,1000,3,10,4.620902007445693,242.22904419898987,0.2,0.2857142857142857,0.16945984979943973
200k,32,200,1000,3,50,4.620902007445693,242.22904419898987,0.12,0.8571428571428571,0.4363955046222898
200k,32,200,1000,3,100,4.620902007445693,242.22904419898987,0.07,1.0,0.4785314320137777
200k,32,200,1000,3,300,4.620902007445693,242.22904419898987,0.023333333333333334,1.0,0.4785314320137777
200k,32,200,1000,3,500,4.620902007445693,242.22904419898987,0.014,1.0,0.4785314320137777
200k,32,200,1000,3,1000,4.620902007445693,242.22904419898987,0.007,1.0,0.4785314320137777
200k,32,200,1000,4,10,2.5058339815586805,242.22904419898987,0.9,0.10975609756097561,0.9052116356304493
200k,32,200,1000,4,50,2.5058339815586805,242.22904419898987,0.54,0.32926829268292684,0.6300385827924883
200k,32,200,1000,4,100,2.5058339815586805,242.22904419898987,0.33,0.4024390243902439,0.4977572571683338
200k,32,200,1000,4,300,2.5058339815586805,242.22904419898987,0.18666666666666668,0.6829268292682927,0.6672139362133597
200k,32,200,1000,4,500,2.5058339815586805,242.22904419898987,0.14,0.8536585365853658,0.7571914445398252
200k,32,200,1000,4,1000,2.5058339815586805,242.22904419898987,0.081,0.9878048780487805,0.8216478371020817
200k,32,200,1000,5,10,3.9076399989426136,242.22904419898987,1.0,0.11764705882352941,1.0
200k,32,200,1000,5,50,3.9076399989426136,242.22904419898987,0.52,0.3058823529411765,0.636549647229996
200k,32,200,1000,5,100,3.9076399989426136,242.22904419898987,0.36,0.4235294117647059,0.526302007956462
200k,32,200,1000,5,300,3.9076399989426136,242.22904419898987,0.18666666666666668,0.6588235294117647,0.6763903365775339
200k,32,200,1000,5,500,3.9076399989426136,242.22904419898987,0.134,0.788235294117647,0.7452927141012972
200k,32,200,1000,5,1000,3.9076399989426136,242.22904419898987,0.08,0.9411764705882353,0.8203635302303445
200k,32,200,1000,11,10,4.504153999732807,242.22904419898987,0.2,0.06060606060606061,0.22400556151517553
200k,32,200,1000,11,50,4.504153999732807,242.22904419898987,0.12,0.18181818181818182,0.18749945268738646
200k,32,200,1000,11,100,4.504153999732807,242.22904419898987,0.08,0.24242424242424243,0.21973092085556262
200k,32,200,1000,11,300,4.504153999732807,242.22904419898987,0.06666666666666667,0.6060606060606061,0.3887202717192197
200k,32,200,1000,11,500,4.504153999732807,242.22904419898987,0.052,0.7878787878787878,0.4603122935128929
200k,32,200,1000,11,1000,4.504153999732807,242.22904419898987,0.028,0.8484848484848485,0.48186651883979453
200k,32,200,1000,12,10,4.535793996183202,242.22904419898987,0.0,0.0,0.0
200k,32,200,1000,12,50,4.535793996183202,242.22904419898987,0.0,0.0,0.0
200k,32,200,1000,12,100,4.535793996183202,242.22904419898987,0.0,0.0,0.0
200k,32,200,1000,12,300,4.535793996183202,242.22904419898987,0.0033333333333333335,0.07692307692307693,0.02717872668289297
200k,32,200,1000,12,500,4.535793996183202,242.22904419898987,0.002,0.07692307692307693,0.02717872668289297
200k,32,200,1000,12,1000,4.535793996183202,242.22904419898987,0.005,0.38461538461538464,0.10846428027079329
200k,32,200,1000,15,10,2.921646984759718,242.22904419898987,0.0,0.0,0.0
200k,32,200,1000,15,50,2.921646984759718,242.22904419898987,0.0,0.0,0.0
200k,32,200,1000,15,100,2.921646984759718,242.22904419898987,0.0,0.0,0.0
200k,32,200,1000,15,300,2.921646984759718,242.22904419898987,0.023333333333333334,0.18421052631578946,0.08333272239985068
200k,32,200,1000,15,500,2.921646984759718,242.22904419898987,0.02,0.2631578947368421,0.11654221213141061
200k,32,200,1000,15,1000,2.921646984759718,242.22904419898987,0.023,0.6052631578947368,0.24502002077803303
200k,32,200,1000,34,10,2.4817579833325,242.22904419898987,0.0,0.0,0.0
200k,32,200,1000,34,50,2.4817579833325,242.22904419898987,0.0,0.0,0.0
200k,32,200,1000,34,100,2.4817579833325,242.22904419898987,0.03,0.08571428571428572,0.04867649378333724
200k,32,200,1000,34,300,2.4817579833325,242.22904419898987,0.02666666666666667,0.22857142857142856,0.11296687207117749
200k,32,200,1000,34,500,2.4817579833325,242.22904419898987,0.026,0.37142857142857144,0.1702359199986311
200k,32,200,1000,34,1000,2.4817579833325,242.22904419898987,0.024,0.6857142857142857,0.2835757118997207
200k,32,200,1000,14,10,3.0995859997346997,242.22904419898987,0.0,0.0,0.0
200k,32,200,1000,14,50,3.0995859997346997,242.22904419898987,0.02,0.021739130434782608,0.014772284029464532
200k,32,200,1000,14,100,3.0995859997346997,242.22904419898987,0.01,0.021739130434782608,0.014772284029464532
200k,32,200,1000,14,300,3.0995859997346997,242.22904419898987,0.02,0.13043478260869565,0.06954999562621783
200k,32,200,1000,14,500,3.0995859997346997,242.22904419898987,0.026,0.2826086956521739,0.13632293359277323
200k,32,200,1000,14,1000,3.0995859997346997,242.22904419898987,0.031,0.6739130434782609,0.289561774236819
200k,32,200,1000,27,10,3.1832609965931624,242.22904419898987,0.0,0.0,0.0
200k,32,200,1000,27,50,3.1832609965931624,242.22904419898987,0.0,0.0,0.0
200k,32,200,1000,27,100,3.1832609965931624,242.22904419898987,0.0,0.0,0.0
200k,32,200,1000,27,300,3.1832609965931624,242.22904419898987,0.01,0.09090909090909091,0.04006717463972704
200k,32,200,1000,27,500,3.1832609965931624,242.22904419898987,0.014,0.21212121212121213,0.08731913325596809
200k,32,200,1000,27,1000,3.1832609965931624,242.22904419898987,0.021,0.6363636363636364,0.2356128590952299
200k,32,200,1000,66,10,3.7281879922375083,242.22904419898987,0.1,0.01818181818181818,0.06625422345438903
200k,32,200,1000,66,50,3.7281879922375083,242.22904419898987,0.02,0.01818181818181818,0.02333976076433925
200k,32,200,1000,66,100,3.7281879922375083,242.22904419898987,0.01,0.01818181818181818,0.021866577706041675
200k,32,200,1000,66,300,3.7281879922375083,242.22904419898987,0.01,0.05454545454545454,0.04065812511140027
200k,32,200,1000,66,500,3.7281879922375083,242.22904419898987,0.018,0.16363636363636364,0.09196755590227838
200k,32,200,1000,66,1000,3.7281879922375083,242.22904419898987,0.035,0.6363636363636364,0.28798245952555934
200k,32,200,1000,72,10,4.821387003175914,242.22904419898987,0.0,0.0,0.0
200k,32,200,1000,72,50,4.821387003175914,242.22904419898987,0.02,0.02702702702702703,0.018373828625812934
200k,32,200,1000,72,100,4.821387003175914,242.22904419898987,0.02,0.05405405405405406,0.032832489766607624
200k,32,200,1000,72,300,4.821387003175914,242.22904419898987,0.013333333333333334,0.10810810810810811,0.05656420862007216
200k,32,200,1000,72,500,4.821387003175914,242.22904419898987,0.016,0.21621621621621623,0.10193569709792699
200k,32,200,1000,72,1000,4.821387003175914,242.22904419898987,0.018,0.4864864864864865,0.20094172496663604
200k,32,200,1000,99,10,3.2638539851177484,242.22904419898987,0.0,0.0,0.0
200k,32,200,1000,99,50,3.2638539851177484,242.22904419898987,0.0,0.0,0.0
200k,32,200,1000,99,100,3.2638539851177484,242.22904419898987,0.0,0.0,0.0
200k,32,200,1000,99,300,3.2638539851177484,242.22904419898987,0.013333333333333334,0.19047619047619047,0.06976741129594732
200k,32,200,1000,99,500,3.2638539851177484,242.22904419898987,0.012,0.2857142857142857,0.10209242306451916
200k,32,200,1000,99,1000,3.2638539851177484,242.22904419898987,0.012,0.5714285714285714,0.18986731258064363
200k,32,200,1000,101,10,3.34406501497142,242.22904419898987,0.1,0.023255813953488372,0.22009176629808017
200k,32,200,1000,101,50,3.34406501497142,242.22904419898987,0.08,0.09302325581395349,0.14429839711959375
200k,32,200,1000,101,100,3.34406501497142,242.22904419898987,0.07,0.16279069767441862,0.18541751511116783
200k,32,200,1000,101,300,3.34406501497142,242.22904419898987,0.06,0.4186046511627907,0.31199157739965516
200k,32,200,1000,101,500,3.34406501497142,242.22904419898987,0.056,0.6511627906976745,0.4115101436901505
200k,32,200,1000,101,1000,3.34406501497142,242.22904419898987,0.041,0.9534883720930233,0.5301297652089033
200k,32,200,1000,56,10,4.361672006780282,242.22904419898987,0.0,0.0,0.0
200k,32,200,1000,56,50,4.361672006780282,242.22904419898987,0.0,0.0,0.0
200k,32,200,1000,56,100,4.361672006780282,242.22904419898987,0.02,0.0392156862745098,0.02586278489915839
200k,32,200,1000,56,300,4.361672006780282,242.22904419898987,0.03333333333333333,0.19607843137254902,0.10678889499191065
200k,32,200,1000,56,500,4.361672006780282,242.22904419898987,0.042,0.4117647058823529,0.20379908268698366
200k,32,200,1000,56,1000,4.361672006780282,242.22904419898987,0.038,0.7450980392156863,0.33861083145515536
200k,32,200,1000,82,10,2.848844014806673,242.22904419898987,0.1,0.016129032258064516,0.07839826897867533
200k,32,200,1000,82,50,2.848844014806673,242.22904419898987,0.04,0.03225806451612903,0.04857019105727315
200k,32,200,1000,82,100,2.848844014806673,242.22904419898987,0.03,0.04838709677419355,0.0527725616175262
200k,32,200,1000,82,300,2.848844014806673,242.22904419898987,0.03666666666666667,0.1774193548387097,0.1226503407587267
200k,32,200,1000,82,500,2.848844014806673,242.22904419898987,0.042,0.3387096774193548,0.2000297546837067
200k,32,200,1000,82,1000,2.848844014806673,242.22904419898987,0.052,0.8387096774193549,0.41752347154990477
200k,32,200,1000,91,10,2.868159004719928,242.22904419898987,0.0,0.0,0.0
200k,32,200,1000,91,50,2.868159004719928,242.22904419898987,0.0,0.0,0.0
200k,32,200,1000,91,100,2.868159004719928,242.22904419898987,0.0,0.0,0.0
200k,32,200,1000,91,300,2.868159004719928,242.22904419898987,0.01,0.046875,0.02445180682032382
200k,32,200,1000,91,500,2.868159004719928,242.22904419898987,0.014,0.109375,0.05443203303211337
200k,32,200,1000,91,1000,2.868159004719928,242.22904419898987,0.024,0.375,0.17141610212195935
200k,32,200,1000,92,10,2.182251977501437,242.22904419898987,0.0,0.0,0.0
200k,32,200,1000,92,50,2.182251977501437,242.22904419898987,0.0,0.0,0.0
200k,32,200,1000,92,100,2.182251977501437,242.22904419898987,0.0,0.0,0.0
200k,32,200,1000,92,300,2.182251977501437,242.22904419898987,0.006666666666666667,0.031746031746031744,0.01622700004740211
200k,32,200,1000,92,500,2.182251977501437,242.22904419898987,0.012,0.09523809523809523,0.04721476651076201
200k,32,200,1000,92,1000,2.182251977501437,242.22904419898987,0.026,0.4126984126984127,0.18515511050220926
300k,16,40,10,1,10,0.4230680060572922,65.02215361595154,0.5,0.0684931506849315,0.6489315753318465
300k,16,40,10,1,50,0.4230680060572922,65.02215361595154,0.16,0.1095890410958904,0.27741897458679016
300k,16,40,10,1,100,0.4230680060572922,65.02215361595154,0.11,0.1506849315068493,0.24236484109918094
300k,16,40,10,1,300,0.4230680060572922,65.02215361595154,0.04,0.1643835616438356,0.25113321202966093
300k,16,40,10,1,500,0.4230680060572922,65.02215361595154,0.024,0.1643835616438356,0.25113321202966093
300k,16,40,10,1,1000,0.4230680060572922,65.02215361595154,0.012,0.1643835616438356,0.25113321202966093
300k,16,40,10,2,10,0.2272500132676214,65.02215361595154,0.5,0.07692307692307693,0.5517854393872873
300k,16,40,10,2,50,0.2272500132676214,65.02215361595154,0.26,0.2,0.3386548787612465
300k,16,40,10,2,100,0.2272500132676214,65.02215361595154,0.18,0.27692307692307694,0.33535087019801096
300k,16,40,10,2,300,0.2272500132676214,65.02215361595154,0.07,0.3230769230769231,0.3631469446640419
300k,16,40,10,2,500,0.2272500132676214,65.02215361595154,0.042,0.3230769230769231,0.3631469446640419
300k,16,40,10,2,1000,0.2272500132676214,65.02215361595154,0.021,0.3230769230769231,0.3631469446640419
300k,16,40,10,3,10,0.2035499783232808,65.02215361595154,0.2,0.2857142857142857,0.16945984979943973
300k,16,40,10,3,50,0.2035499783232808,65.02215361595154,0.08,0.5714285714285714,0.3021530990026662
300k,16,40,10,3,100,0.2035499783232808,65.02215361595154,0.05,0.7142857142857143,0.34796582115504804
300k,16,40,10,3,300,0.2035499783232808,65.02215361595154,0.016666666666666666,0.7142857142857143,0.34796582115504804
300k,16,40,10,3,500,0.2035499783232808,65.02215361595154,0.01,0.7142857142857143,0.34796582115504804
300k,16,40,10,3,1000,0.2035499783232808,65.02215361595154,0.005,0.7142857142857143,0.34796582115504804
300k,16,40,10,4,10,0.19742301083169878,65.02215361595154,0.9,0.10975609756097561,0.9052116356304493
300k,16,40,10,4,50,0.19742301083169878,65.02215361595154,0.42,0.25609756097560976,0.533776887044554
300k,16,40,10,4,100,0.19742301083169878,65.02215361595154,0.3,0.36585365853658536,0.4575036588403804
300k,16,40,10,4,300,0.19742301083169878,65.02215361595154,0.12333333333333334,0.45121951219512196,0.5112088135037264
300k,16,40,10,4,500,0.19742301083169878,65.02215361595154,0.074,0.45121951219512196,0.5112088135037264
300k,16,40,10,4,1000,0.19742301083169878,65.02215361595154,0.037,0.45121951219512196,0.5112088135037264
300k,16,40,10,5,10,0.16512000001966953,65.02215361595154,1.0,0.11764705882352941,1.0
300k,16,40,10,5,50,0.16512000001966953,65.02215361595154,0.42,0.24705882352941178,0.5574538094673914
300k,16,40,10,5,100,0.16512000001966953,65.02215361595154,0.26,0.3058823529411765,0.4296652004243463
300k,16,40,10,5,300,0.16512000001966953,65.02215361595154,0.09666666666666666,0.3411764705882353,0.452803369160192
300k,16,40,10,5,500,0.16512000001966953,65.02215361595154,0.058,0.3411764705882353,0.452803369160192
300k,16,40,10,5,1000,0.16512000001966953,65.02215361595154,0.029,0.3411764705882353,0.452803369160192
300k,16,40,10,11,10,0.2225640055257827,65.02215361595154,0.2,0.06060606060606061,0.22400556151517553
300k,16,40,10,11,50,0.2225640055257827,65.02215361595154,0.12,0.18181818181818182,0.19145330798159274
300k,16,40,10,11,100,0.2225640055257827,65.02215361595154,0.12,0.36363636363636365,0.29329681038131533
300k,16,40,10,11,300,0.2225640055257827,65.02215361595154,0.04666666666666667,0.42424242424242425,0.32370635755773375
300k,16,40,10,11,500,0.2225640055257827,65.02215361595154,0.028,0.42424242424242425,0.32370635755773375
300k,16,40,10,11,1000,0.2225640055257827,65.02215361595154,0.014,0.42424242424242425,0.32370635755773375
300k,16,40,10,12,10,0.15208599506877363,65.02215361595154,0.0,0.0,0.0
300k,16,40,10,12,50,0.15208599506877363,65.02215361595154,0.0,0.0,0.0
300k,16,40,10,12,100,0.15208599506877363,65.02215361595154,0.0,0.0,0.0
300k,16,40,10,12,300,0.15208599506877363,65.02215361595154,0.0,0.0,0.0
300k,16,40,10,12,500,0.15208599506877363,65.02215361595154,0.0,0.0,0.0
300k,16,40,10,12,1000,0.15208599506877363,65.02215361595154,0.0,0.0,0.0
300k,16,40,10,15,10,0.22866600193083286,65.02215361595154,0.0,0.0,0.0
300k,16,40,10,15,50,0.22866600193083286,65.02215361595154,0.0,0.0,0.0
300k,16,40,10,15,100,0.22866600193083286,65.02215361595154,0.0,0.0,0.0
300k,16,40,10,15,300,0.22866600193083286,65.02215361595154,0.01,0.07894736842105263,0.03861533968121816
300k,16,40,10,15,500,0.22866600193083286,65.02215361595154,0.006,0.07894736842105263,0.03861533968121816
300k,16,40,10,15,1000,0.22866600193083286,65.02215361595154,0.003,0.07894736842105263,0.03861533968121816
300k,16,40,10,34,10,0.1909749989863485,65.02215361595154,0.0,0.0,0.0
300k,16,40,10,34,50,0.1909749989863485,65.02215361595154,0.0,0.0,0.0
300k,16,40,10,34,100,0.1909749989863485,65.02215361595154,0.01,0.02857142857142857,0.015038773795642595
300k,16,40,10,34,300,0.1909749989863485,65.02215361595154,0.013333333333333334,0.11428571428571428,0.056495255840193714
300k,16,40,10,34,500,0.1909749989863485,65.02215361595154,0.008,0.11428571428571428,0.056495255840193714
300k,16,40,10,34,1000,0.1909749989863485,65.02215361595154,0.004,0.11428571428571428,0.056495255840193714
300k,16,40,10,14,10,0.1901010109577328,65.02215361595154,0.0,0.0,0.0
300k,16,40,10,14,50,0.1901010109577328,65.02215361595154,0.0,0.0,0.0
300k,16,40,10,14,100,0.1901010109577328,65.02215361595154,0.01,0.021739130434782608,0.012460809636333253
300k,16,40,10,14,300,0.1901010109577328,65.02215361595154,0.006666666666666667,0.043478260869565216,0.024732395326082037
300k,16,40,10,14,500,0.1901010109577328,65.02215361595154,0.004,0.043478260869565216,0.024732395326082037
300k,16,40,10,14,1000,0.1901010109577328,65.02215361595154,0.002,0.043478260869565216,0.024732395326082037
300k,16,40,10,27,10,0.19124301616102457,65.02215361595154,0.0,0.0,0.0
300k,16,40,10,27,50,0.19124301616102457,65.02215361595154,0.0,0.0,0.0
300k,16,40,10,27,100,0.19124301616102457,65.02215361595154,0.0,0.0,0.0
300k,16,40,10,27,300,0.19124301616102457,65.02215361595154,0.01,0.09090909090909091,0.043011445686190114
300k,16,40,10,27,500,0.19124301616102457,65.02215361595154,0.006,0.09090909090909091,0.043011445686190114
300k,16,40,10,27,1000,0.19124301616102457,65.02215361595154,0.003,0.09090909090909091,0.043011445686190114
300k,16,40,10,66,10,0.16099301865324378,65.02215361595154,0.1,0.01818181818181818,0.06625422345438903
300k,16,40,10,66,50,0.16099301865324378,65.02215361595154,0.02,0.01818181818181818,0.02333976076433925
300k,16,40,10,66,100,0.16099301865324378,65.02215361595154,0.01,0.01818181818181818,0.021866577706041675
300k,16,40,10,66,300,0.16099301865324378,65.02215361595154,0.0033333333333333335,0.01818181818181818,0.021866577706041675
300k,16,40,10,66,500,0.16099301865324378,65.02215361595154,0.002,0.01818181818181818,0.021866577706041675
300k,16,40,10,66,1000,0.16099301865324378,65.02215361595154,0.001,0.01818181818181818,0.021866577706041675
300k,16,40,10,72,10,0.16851301188580692,65.02215361595154,0.0,0.0,0.0
300k,16,40,10,72,50,0.16851301188580692,65.02215361595154,0.0,0.0,0.0
300k,16,40,10,72,100,0.16851301188580692,65.02215361595154,0.0,0.0,0.0
300k,16,40,10,72,300,0.16851301188580692,65.02215361595154,0.0,0.0,0.0
300k,16,40,10,72,500,0.16851301188580692,65.02215361595154,0.0,0.0,0.0
300k,16,40,10,72,1000,0.16851301188580692,65.02215361595154,0.0,0.0,0.0
300k,16,40,10,99,10,0.17100901459343731,65.02215361595154,0.0,0.0,0.0
300k,16,40,10,99,50,0.17100901459343731,65.02215361595154,0.0,0.0,0.0
300k,16,40,10,99,100,0.17100901459343731,65.02215361595154,0.01,0.047619047619047616,0.02136531103064964
300k,16,40,10,99,300,0.17100901459343731,65.02215361595154,0.0033333333333333335,0.047619047619047616,0.02136531103064964
300k,16,40,10,99,500,0.17100901459343731,65.02215361595154,0.002,0.047619047619047616,0.02136531103064964
300k,16,40,10,99,1000,0.17100901459343731,65.02215361595154,0.001,0.047619047619047616,0.02136531103064964
300k,16,40,10,101,10,0.16716402024030685,65.02215361595154,0.1,0.023255813953488372,0.22009176629808017
300k,16,40,10,101,50,0.16716402024030685,65.02215361595154,0.1,0.11627906976744186,0.16456471133880474
300k,16,40,10,101,100,0.16716402024030685,65.02215361595154,0.09,0.20930232558139536,0.21922238804981617
300k,16,40,10,101,300,0.16716402024030685,65.02215361595154,0.03666666666666667,0.2558139534883721,0.24409213169547075
300k,16,40,10,101,500,0.16716402024030685,65.02215361595154,0.022,0.2558139534883721,0.24409213169547075
300k,16,40,10,101,1000,0.16716402024030685,65.02215361595154,0.011,0.2558139534883721,0.24409213169547075
300k,16,40,10,56,10,0.17923599807545543,65.02215361595154,0.0,0.0,0.0
300k,16,40,10,56,50,0.17923599807545543,65.02215361595154,0.04,0.0392156862745098,0.030112689919122235
300k,16,40,10,56,100,0.17923599807545543,65.02215361595154,0.04,0.0784313725490196,0.05319089476232771
300k,16,40,10,56,300,0.17923599807545543,65.02215361595154,0.02,0.11764705882352941,0.07541306587573396
300k,16,40,10,56,500,0.17923599807545543,65.02215361595154,0.012,0.11764705882352941,0.07541306587573396
300k,16,40,10,56,1000,0.17923599807545543,65.02215361595154,0.006,0.11764705882352941,0.07541306587573396
300k,16,40,10,82,10,0.19944400992244482,65.02215361595154,0.2,0.03225806451612903,0.15850703974098102
300k,16,40,10,82,50,0.19944400992244482,65.02215361595154,0.06,0.04838709677419355,0.07012666447844922
300k,16,40,10,82,100,0.19944400992244482,65.02215361595154,0.04,0.06451612903225806,0.07064863470877115
300k,16,40,10,82,300,0.19944400992244482,65.02215361595154,0.03,0.14516129032258066,0.11585966839461667
300k,16,40,10,82,500,0.19944400992244482,65.02215361595154,0.018,0.14516129032258066,0.11585966839461667
300k,16,40,10,82,1000,0.19944400992244482,65.02215361595154,0.009,0.14516129032258066,0.11585966839461667
300k,16,40,10,91,10,0.2263269852846861,65.02215361595154,0.0,0.0,0.0
300k,16,40,10,91,50,0.2263269852846861,65.02215361595154,0.0,0.0,0.0
300k,16,40,10,91,100,0.2263269852846861,65.02215361595154,0.0,0.0,0.0
300k,16,40,10,91,300,0.2263269852846861,65.02215361595154,0.013333333333333334,0.0625,0.03679775623561193
300k,16,40,10,91,500,0.2263269852846861,65.02215361595154,0.008,0.0625,0.03679775623561193
300k,16,40,10,91,1000,0.2263269852846861,65.02215361595154,0.004,0.0625,0.03679775623561193
300k,16,40,10,92,10,0.19478099420666695,65.02215361595154,0.0,0.0,0.0
300k,16,40,10,92,50,0.19478099420666695,65.02215361595154,0.0,0.0,0.0
300k,16,40,10,92,100,0.19478099420666695,65.02215361595154,0.0,0.0,0.0
300k,16,40,10,92,300,0.19478099420666695,65.02215361595154,0.01,0.047619047619047616,0.027206314684602304
300k,16,40,10,92,500,0.19478099420666695,65.02215361595154,0.006,0.047619047619047616,0.027206314684602304
300k,16,40,10,92,1000,0.19478099420666695,65.02215361595154,0.003,0.047619047619047616,0.027206314684602304
300k,16,40,50,1,10,0.5013969785068184,65.02215361595154,1.0,0.136986301369863,1.0
300k,16,40,50,1,50,0.5013969785068184,65.02215361595154,0.28,0.1917808219178082,0.41371701507756026
300k,16,40,50,1,100,0.5013969785068184,65.02215361595154,0.19,0.2602739726027397,0.3666397567797608
300k,16,40,50,1,300,0.5013969785068184,65.02215361595154,0.08666666666666667,0.3561643835616438,0.4244243117948347
300k,16,40,50,1,500,0.5013969785068184,65.02215361595154,0.054,0.3698630136986301,0.43147007446886015
300k,16,40,50,1,1000,0.5013969785068184,65.02215361595154,0.028,0.3835616438356164,0.43810431058013194
300k,16,40,50,2,10,0.3723689878825098,65.02215361595154,0.5,0.07692307692307693,0.5517854393872873
300k,16,40,50,2,50,0.3723689878825098,65.02215361595154,0.3,0.23076923076923078,0.3684460049279463
300k,16,40,50,2,100,0.3723689878825098,65.02215361595154,0.17,0.26153846153846155,0.32973821017416394
300k,16,40,50,2,300,0.3723689878825098,65.02215361595154,0.08666666666666667,0.4,0.41112782974031536
300k,16,40,50,2,500,0.3723689878825098,65.02215361595154,0.058,0.4461538461538462,0.4334877675248659
300k,16,40,50,2,1000,0.3723689878825098,65.02215361595154,0.029,0.4461538461538462,0.4334877675248659
300k,16,40,50,3,10,0.3717179934028536,65.02215361595154,0.2,0.2857142857142857,0.16945984979943973
300k,16,40,50,3,50,0.3717179934028536,65.02215361595154,0.12,0.8571428571428571,0.4306905418177963
300k,16,40,50,3,100,0.3717179934028536,65.02215361595154,0.07,1.0,0.4728264692092842
300k,16,40,50,3,300,0.3717179934028536,65.02215361595154,0.023333333333333334,1.0,0.4728264692092842
300k,16,40,50,3,500,0.3717179934028536,65.02215361595154,0.014,1.0,0.4728264692092842
300k,16,40,50,3,1000,0.3717179934028536,65.02215361595154,0.007,1.0,0.4728264692092842
300k,16,40,50,4,10,0.3636929905042052,65.02215361595154,0.9,0.10975609756097561,0.9052116356304493
300k,16,40,50,4,50,0.3636929905042052,65.02215361595154,0.52,0.3170731707317073,0.6125758410688514
300k,16,40,50,4,100,0.3636929905042052,65.02215361595154,0.32,0.3902439024390244,0.4856607476755521
300k,16,40,50,4,300,0.3636929905042052,65.02215361595154,0.18333333333333332,0.6707317073170732,0.6566204970231478
300k,16,40,50,4,500,0.3636929905042052,65.02215361595154,0.122,0.7439024390243902,0.6950768990534012
300k,16,40,50,4,1000,0.3636929905042052,65.02215361595154,0.061,0.7439024390243902,0.6950768990534012
300k,16,40,50,5,10,0.3248470020480454,65.02215361595154,1.0,0.11764705882352941,1.0
300k,16,40,50,5,50,0.3248470020480454,65.02215361595154,0.54,0.3176470588235294,0.6505821545614708
300k,16,40,50,5,100,0.3248470020480454,65.02215361595154,0.38,0.4470588235294118,0.5434162625566105
300k,16,40,50,5,300,0.3248470020480454,65.02215361595154,0.16666666666666666,0.5882352941176471,0.6310799236413619
300k,16,40,50,5,500,0.3248470020480454,65.02215361595154,0.106,0.6235294117647059,0.6499562257765529
300k,16,40,50,5,1000,0.3248470020480454,65.02215361595154,0.053,0.6235294117647059,0.6499562257765529
300k,16,40,50,11,10,0.3526099899318069,65.02215361595154,0.2,0.06060606060606061,0.22400556151517553
300k,16,40,50,11,50,0.3526099899318069,65.02215361595154,0.12,0.18181818181818182,0.19049998876456156
300k,16,40,50,11,100,0.3526099899318069,65.02215361595154,0.12,0.36363636363636365,0.2876783074118227
300k,16,40,50,11,300,0.3526099899318069,65.02215361595154,0.056666666666666664,0.5151515151515151,0.359479349413982
300k,16,40,50,11,500,0.3526099899318069,65.02215361595154,0.034,0.5151515151515151,0.359479349413982
300k,16,40,50,11,1000,0.3526099899318069,65.02215361595154,0.017,0.5151515151515151,0.359479349413982
300k,16,40,50,12,10,0.3943219780921936,65.02215361595154,0.0,0.0,0.0
300k,16,40,50,12,50,0.3943219780921936,65.02215361595154,0.0,0.0,0.0
300k,16,40,50,12,100,0.3943219780921936,65.02215361595154,0.01,0.07692307692307693,0.029708164795720658
300k,16,40,50,12,300,0.3943219780921936,65.02215361595154,0.0033333333333333335,0.07692307692307693,0.029708164795720658
300k,16,40,50,12,500,0.3943219780921936,65.02215361595154,0.002,0.07692307692307693,0.029708164795720658
300k,16,40,50,12,1000,0.3943219780921936,65.02215361595154,0.001,0.07692307692307693,0.029708164795720658
300k,16,40,50,15,10,0.4428679822012782,65.02215361595154,0.0,0.0,0.0
300k,16,40,50,15,50,0.4428679822012782,65.02215361595154,0.0,0.0,0.0
300k,16,40,50,15,100,0.4428679822012782,65.02215361595154,0.0,0.0,0.0
300k,16,40,50,15,300,0.4428679822012782,65.02215361595154,0.016666666666666666,0.13157894736842105,0.06083593157662303
300k,16,40,50,15,500,0.4428679822012782,65.02215361595154,0.022,0.2894736842105263,0.12582452041676698
300k,16,40,50,15,1000,0.4428679822012782,65.02215361595154,0.014,0.3684210526315789,0.15642541072168867
300k,16,40,50,34,10,0.36915100645273924,65.02215361595154,0.0,0.0,0.0
300k,16,40,50,34,50,0.36915100645273924,65.02215361595154,0.0,0.0,0.0
300k,16,40,50,34,100,0.36915100645273924,65.02215361595154,0.02,0.05714285714285714,0.03265243387664172
300k,16,40,50,34,300,0.36915100645273924,65.02215361595154,0.023333333333333334,0.2,0.09567816071231769
300k,16,40,50,34,500,0.36915100645273924,65.02215361595154,0.018,0.2571428571428571,0.11845336755205225
300k,16,40,50,34,1000,0.36915100645273924,65.02215361595154,0.01,0.2857142857142857,0.129378767747052
300k,16,40,50,14,10,0.34893499105237424,65.02215361595154,0.0,0.0,0.0
300k,16,40,50,14,50,0.34893499105237424,65.02215361595154,0.0,0.0,0.0
300k,16,40,50,14,100,0.34893499105237424,65.02215361595154,0.0,0.0,0.0
300k,16,40,50,14,300,0.34893499105237424,65.02215361595154,0.023333333333333334,0.15217391304347827,0.0739667760311766
300k,16,40,50,14,500,0.34893499105237424,65.02215361595154,0.022,0.2391304347826087,0.1120395068153744
300k,16,40,50,14,1000,0.34893499105237424,65.02215361595154,0.011,0.2391304347826087,0.1120395068153744
300k,16,40,50,27,10,0.3581570053938776,65.02215361595154,0.0,0.0,0.0
300k,16,40,50,27,50,0.3581570053938776,65.02215361595154,0.0,0.0,0.0
300k,16,40,50,27,100,0.3581570053938776,65.02215361595154,0.0,0.0,0.0
300k,16,40,50,27,300,0.3581570053938776,65.02215361595154,0.013333333333333334,0.12121212121212122,0.051896875687133776
300k,16,40,50,27,500,0.3581570053938776,65.02215361595154,0.014,0.21212121212121213,0.08761450523643062
300k,16,40,50,27,1000,0.3581570053938776,65.02215361595154,0.007,0.21212121212121213,0.08761450523643062
300k,16,40,50,66,10,0.2934740041382611,65.02215361595154,0.1,0.01818181818181818,0.06625422345438903
300k,16,40,50,66,50,0.2934740041382611,65.02215361595154,0.02,0.01818181818181818,0.02333976076433925
300k,16,40,50,66,100,0.2934740041382611,65.02215361595154,0.01,0.01818181818181818,0.021866577706041675
300k,16,40,50,66,300,0.2934740041382611,65.02215361595154,0.013333333333333334,0.07272727272727272,0.05015029716077348
300k,16,40,50,66,500,0.2934740041382611,65.02215361595154,0.012,0.10909090909090909,0.06753154005812917
300k,16,40,50,66,1000,0.2934740041382611,65.02215361595154,0.006,0.10909090909090909,0.06753154005812917
300k,16,40,50,72,10,0.3368920006323606,65.02215361595154,0.0,0.0,0.0
300k,16,40,50,72,50,0.3368920006323606,65.02215361595154,0.02,0.02702702702702703,0.01867164811791742
300k,16,40,50,72,100,0.3368920006323606,65.02215361595154,0.01,0.02702702702702703,0.01867164811791742
300k,16,40,50,72,300,0.3368920006323606,65.02215361595154,0.013333333333333334,0.10810810810810811,0.05656409012191755
300k,16,40,50,72,500,0.3368920006323606,65.02215361595154,0.01,0.13513513513513514,0.06782615330018073
300k,16,40,50,72,1000,0.3368920006323606,65.02215361595154,0.005,0.13513513513513514,0.06782615330018073
300k,16,40,50,99,10,0.30794000485911965,65.02215361595154,0.0,0.0,0.0
300k,16,40,50,99,50,0.30794000485911965,65.02215361595154,0.0,0.0,0.0
300k,16,40,50,99,100,0.30794000485911965,65.02215361595154,0.0,0.0,0.0
300k,16,40,50,99,300,0.30794000485911965,65.02215361595154,0.01,0.14285714285714285,0.055129321775429306
300k,16,40,50,99,500,0.30794000485911965,65.02215361595154,0.008,0.19047619047619047,0.07130172449213439
300k,16,40,50,99,1000,0.30794000485911965,65.02215361595154,0.004,0.19047619047619047,0.07130172449213439
300k,16,40,50,101,10,0.3050359955523163,65.02215361595154,0.1,0.023255813953488372,0.22009176629808017
300k,16,40,50,101,50,0.3050359955523163,65.02215361595154,0.08,0.09302325581395349,0.14429839711959375
300k,16,40,50,101,100,0.3050359955523163,65.02215361595154,0.08,0.18604651162790697,0.19947010681822477
300k,16,40,50,101,300,0.3050359955523163,65.02215361595154,0.06333333333333334,0.4418604651162791,0.32510667678722893
300k,16,40,50,101,500,0.3050359955523163,65.02215361595154,0.048,0.5581395348837209,0.3761506002240108
300k,16,40,50,101,1000,0.3050359955523163,65.02215361595154,0.024,0.5581395348837209,0.3761506002240108
300k,16,40,50,56,10,0.3448899951763451,65.02215361595154,0.0,0.0,0.0
300k,16,40,50,56,50,0.3448899951763451,65.02215361595154,0.0,0.0,0.0
300k,16,40,50,56,100,0.3448899951763451,65.02215361595154,0.02,0.0392156862745098,0.026463443865097833
300k,16,40,50,56,300,0.3448899951763451,65.02215361595154,0.03,0.17647058823529413,0.0963500181654947
300k,16,40,50,56,500,0.3448899951763451,65.02215361595154,0.026,0.2549019607843137,0.13296799306196916
300k,16,40,50,56,1000,0.3448899951763451,65.02215361595154,0.013,0.2549019607843137,0.13296799306196916
300k,16,40,50,82,10,0.35354599822312593,65.02215361595154,0.1,0.016129032258064516,0.07839826897867533
300k,16,40,50,82,50,0.35354599822312593,65.02215361595154,0.04,0.03225806451612903,0.04857019105727315
300k,16,40,50,82,100,0.35354599822312593,65.02215361595154,0.03,0.04838709677419355,0.053043987719343606
300k,16,40,50,82,300,0.35354599822312593,65.02215361595154,0.04,0.1935483870967742,0.13112513368557363
300k,16,40,50,82,500,0.35354599822312593,65.02215361595154,0.04,0.3225806451612903,0.1943670482990613
300k,16,40,50,82,1000,0.35354599822312593,65.02215361595154,0.021,0.3387096774193548,0.20178211067892676
300k,16,40,50,91,10,0.37074097781442106,65.02215361595154,0.0,0.0,0.0
300k,16,40,50,91,50,0.37074097781442106,65.02215361595154,0.0,0.0,0.0
300k,16,40,50,91,100,0.37074097781442106,65.02215361595154,0.0,0.0,0.0
300k,16,40,50,91,300,0.37074097781442106,65.02215361595154,0.013333333333333334,0.0625,0.03310300443303676
300k,16,40,50,91,500,0.37074097781442106,65.02215361595154,0.016,0.125,0.06305336122337078
300k,16,40,50,91,1000,0.37074097781442106,65.02215361595154,0.01,0.15625,0.07747358330256127
300k,16,40,50,92,10,0.3872340021189302,65.02215361595154,0.0,0.0,0.0
300k,16,40,50,92,50,0.3872340021189302,65.02215361595154,0.0,0.0,0.0
300k,16,40,50,92,100,0.3872340021189302,65.02215361595154,0.0,0.0,0.0
300k,16,40,50,92,300,0.3872340021189302,65.02215361595154,0.013333333333333334,0.06349206349206349,0.03279021917538409
300k,16,40,50,92,500,0.3872340021189302,65.02215361595154,0.016,0.12698412698412698,0.062537096786444
300k,16,40,50,92,1000,0.3872340021189302,65.02215361595154,0.013,0.20634920634920634,0.09885704264506316
300k,16,40,100,1,10,0.7151970057748258,65.02215361595154,1.0,0.136986301369863,1.0
300k,16,40,100,1,50,0.7151970057748258,65.02215361595154,0.28,0.1917808219178082,0.4266645661174536
300k,16,40,100,1,100,0.7151970057748258,65.02215361595154,0.19,0.2602739726027397,0.3770534492378762
300k,16,40,100,1,300,0.7151970057748258,65.02215361595154,0.09333333333333334,0.3835616438356164,0.45099070369971594
300k,16,40,100,1,500,0.7151970057748258,65.02215361595154,0.062,0.4246575342465753,0.47169545810810487
300k,16,40,100,1,1000,0.7151970057748258,65.02215361595154,0.032,0.4383561643835616,0.47797209588185574
300k,16,40,100,2,10,0.5040780233684927,65.02215361595154,0.5,0.07692307692307693,0.5517854393872873
300k,16,40,100,2,50,0.5040780233684927,65.02215361595154,0.34,0.26153846153846155,0.39816215069318367
300k,16,40,100,2,100,0.5040780233684927,65.02215361595154,0.2,0.3076923076923077,0.36512286294238905
300k,16,40,100,2,300,0.5040780233684927,65.02215361595154,0.11666666666666667,0.5384615384615384,0.4981413418998547
300k,16,40,100,2,500,0.5040780233684927,65.02215361595154,0.076,0.5846153846153846,0.5206161612810388
300k,16,40,100,2,1000,0.5040780233684927,65.02215361595154,0.042,0.6461538461538462,0.5488746520013877
300k,16,40,100,3,10,0.47872099094092846,65.02215361595154,0.2,0.2857142857142857,0.16945984979943973
300k,16,40,100,3,50,0.47872099094092846,65.02215361595154,0.12,0.8571428571428571,0.4306905418177963
300k,16,40,100,3,100,0.47872099094092846,65.02215361595154,0.07,1.0,0.472154042526405
300k,16,40,100,3,300,0.47872099094092846,65.02215361595154,0.023333333333333334,1.0,0.472154042526405
300k,16,40,100,3,500,0.47872099094092846,65.02215361595154,0.014,1.0,0.472154042526405
300k,16,40,100,3,1000,0.47872099094092846,65.02215361595154,0.007,1.0,0.472154042526405
300k,16,40,100,4,10,0.45652600238099694,65.02215361595154,0.9,0.10975609756097561,0.9052116356304493
300k,16,40,100,4,50,0.45652600238099694,65.02215361595154,0.52,0.3170731707317073,0.6126561146626635
300k,16,40,100,4,100,0.45652600238099694,65.02215361595154,0.33,0.4024390243902439,0.49515230075135475
300k,16,40,100,4,300,0.45652600238099694,65.02215361595154,0.18333333333333332,0.6707317073170732,0.6584338288811509
300k,16,40,100,4,500,0.45652600238099694,65.02215361595154,0.13,0.7926829268292683,0.7234863482164293
300k,16,40,100,4,1000,0.45652600238099694,65.02215361595154,0.069,0.8414634146341463,0.7477021460656627
300k,16,40,100,5,10,0.46019701403565705,65.02215361595154,1.0,0.11764705882352941,1.0
300k,16,40,100,5,50,0.46019701403565705,65.02215361595154,0.52,0.3058823529411765,0.636549647229996
300k,16,40,100,5,100,0.46019701403565705,65.02215361595154,0.37,0.43529411764705883,0.5345827730093918
300k,16,40,100,5,300,0.46019701403565705,65.02215361595154,0.18333333333333332,0.6470588235294118,0.6677932802392321
300k,16,40,100,5,500,0.46019701403565705,65.02215361595154,0.126,0.7411764705882353,0.717015726645772
300k,16,40,100,5,1000,0.46019701403565705,65.02215361595154,0.064,0.7529411764705882,0.7228809985352678
300k,16,40,100,11,10,0.5350929859559983,65.02215361595154,0.2,0.06060606060606061,0.22400556151517553
300k,16,40,100,11,50,0.5350929859559983,65.02215361595154,0.12,0.18181818181818182,0.18954467453216567
300k,16,40,100,11,100,0.5350929859559983,65.02215361595154,0.11,0.3333333333333333,0.2688247254821536
300k,16,40,100,11,300,0.5350929859559983,65.02215361595154,0.056666666666666664,0.5151515151515151,0.35308160460065563
300k,16,40,100,11,500,0.5350929859559983,65.02215361595154,0.034,0.5151515151515151,0.35308160460065563
300k,16,40,100,11,1000,0.5350929859559983,65.02215361595154,0.017,0.5151515151515151,0.35308160460065563
300k,16,40,100,12,10,0.6024640169925988,65.02215361595154,0.0,0.0,0.0
300k,16,40,100,12,50,0.6024640169925988,65.02215361595154,0.0,0.0,0.0
300k,16,40,100,12,100,0.6024640169925988,65.02215361595154,0.01,0.07692307692307693,0.028044733245417224
300k,16,40,100,12,300,0.6024640169925988,65.02215361595154,0.0033333333333333335,0.07692307692307693,0.028044733245417224
300k,16,40,100,12,500,0.6024640169925988,65.02215361595154,0.004,0.15384615384615385,0.049567173273227544
300k,16,40,100,12,1000,0.6024640169925988,65.02215361595154,0.002,0.15384615384615385,0.049567173273227544
300k,16,40,100,15,10,0.614513992331922,65.02215361595154,0.0,0.0,0.0
300k,16,40,100,15,50,0.614513992331922,65.02215361595154,0.0,0.0,0.0
300k,16,40,100,15,100,0.614513992331922,65.02215361595154,0.0,0.0,0.0
300k,16,40,100,15,300,0.614513992331922,65.02215361595154,0.016666666666666666,0.13157894736842105,0.061136345241822064
300k,16,40,100,15,500,0.614513992331922,65.02215361595154,0.02,0.2631578947368421,0.11526770613104838
300k,16,40,100,15,1000,0.614513992331922,65.02215361595154,0.018,0.47368421052631576,0.19424309004006254
300k,16,40,100,34,10,0.5200539890211076,65.02215361595154,0.0,0.0,0.0
300k,16,40,100,34,50,0.5200539890211076,65.02215361595154,0.0,0.0,0.0
300k,16,40,100,34,100,0.5200539890211076,65.02215361595154,0.03,0.08571428571428572,0.04889565030513631
300k,16,40,100,34,300,0.5200539890211076,65.02215361595154,0.02666666666666667,0.22857142857142856,0.11199376646897677
300k,16,40,100,34,500,0.5200539890211076,65.02215361595154,0.024,0.34285714285714286,0.15790697428511313
300k,16,40,100,34,1000,0.5200539890211076,65.02215361595154,0.018,0.5142857142857142,0.22081663967013854
300k,16,40,100,14,10,0.47696998808532953,65.02215361595154,0.0,0.0,0.0
300k,16,40,100,14,50,0.47696998808532953,65.02215361595154,0.0,0.0,0.0
300k,16,40,100,14,100,0.47696998808532953,65.02215361595154,0.0,0.0,0.0
300k,16,40,100,14,300,0.47696998808532953,65.02215361595154,0.016666666666666666,0.10869565217391304,0.054731672418138796
300k,16,40,100,14,500,0.47696998808532953,65.02215361595154,0.02,0.21739130434782608,0.10309161826051952
300k,16,40,100,14,1000,0.47696998808532953,65.02215361595154,0.014,0.30434782608695654,0.13913359565000052
300k,16,40,100,27,10,0.4829200042877346,65.02215361595154,0.0,0.0,0.0
300k,16,40,100,27,50,0.4829200042877346,65.02215361595154,0.0,0.0,0.0
300k,16,40,100,27,100,0.4829200042877346,65.02215361595154,0.0,0.0,0.0
300k,16,40,100,27,300,0.4829200042877346,65.02215361595154,0.013333333333333334,0.12121212121212122,0.0525957493019492
300k,16,40,100,27,500,0.4829200042877346,65.02215361595154,0.012,0.18181818181818182,0.07637274286808352
300k,16,40,100,27,1000,0.4829200042877346,65.02215361595154,0.011,0.3333333333333333,0.13186089231180942
300k,16,40,100,66,10,0.39186401409097016,65.02215361595154,0.1,0.01818181818181818,0.06625422345438903
300k,16,40,100,66,50,0.39186401409097016,65.02215361595154,0.02,0.01818181818181818,0.02333976076433925
300k,16,40,100,66,100,0.39186401409097016,65.02215361595154,0.01,0.01818181818181818,0.021866577706041675
300k,16,40,100,66,300,0.39186401409097016,65.02215361595154,0.016666666666666666,0.09090909090909091,0.05851684808871514
300k,16,40,100,66,500,0.39186401409097016,65.02215361595154,0.016,0.14545454545454545,0.08379148184914346
300k,16,40,100,66,1000,0.39186401409097016,65.02215361595154,0.01,0.18181818181818182,0.0998621023570759
300k,16,40,100,72,10,0.51194301340729,65.02215361595154,0.0,0.0,0.0
300k,16,40,100,72,50,0.51194301340729,65.02215361595154,0.02,0.02702702702702703,0.018373828625812934
300k,16,40,100,72,100,0.51194301340729,65.02215361595154,0.01,0.02702702702702703,0.018373828625812934
300k,16,40,100,72,300,0.51194301340729,65.02215361595154,0.02,0.16216216216216217,0.07878411060136409
300k,16,40,100,72,500,0.51194301340729,65.02215361595154,0.012,0.16216216216216217,0.07878411060136409
300k,16,40,100,72,1000,0.51194301340729,65.02215361595154,0.007,0.1891891891891892,0.08936204373520293
300k,16,40,100,99,10,0.43930302490480244,65.02215361595154,0.0,0.0,0.0
300k,16,40,100,99,50,0.43930302490480244,65.02215361595154,0.0,0.0,0.0
300k,16,40,100,99,100,0.43930302490480244,65.02215361595154,0.0,0.0,0.0
300k,16,40,100,99,300,0.43930302490480244,65.02215361595154,0.01,0.14285714285714285,0.054041897232018195
300k,16,40,100,99,500,0.43930302490480244,65.02215361595154,0.012,0.2857142857142857,0.10117078855964383
300k,16,40,100,99,1000,0.43930302490480244,65.02215361595154,0.006,0.2857142857142857,0.10117078855964383
300k,16,40,100,101,10,0.4322399909142405,65.02215361595154,0.1,0.023255813953488372,0.22009176629808017
300k,16,40,100,101,50,0.4322399909142405,65.02215361595154,0.08,0.09302325581395349,0.14429839711959375
300k,16,40,100,101,100,0.4322399909142405,65.02215361595154,0.07,0.16279069767441862,0.18541751511116783
300k,16,40,100,101,300,0.4322399909142405,65.02215361595154,0.06333333333333334,0.4418604651162791,0.3235197507725954
300k,16,40,100,101,500,0.4322399909142405,65.02215361595154,0.054,0.627906976744186,0.4038762794522229
300k,16,40,100,101,1000,0.4322399909142405,65.02215361595154,0.03,0.6976744186046512,0.4322282118591972
300k,16,40,100,56,10,0.49083601334132254,65.02215361595154,0.0,0.0,0.0
300k,16,40,100,56,50,0.49083601334132254,65.02215361595154,0.0,0.0,0.0
300k,16,40,100,56,100,0.49083601334132254,65.02215361595154,0.02,0.0392156862745098,0.02586278489915839
300k,16,40,100,56,300,0.49083601334132254,65.02215361595154,0.03,0.17647058823529413,0.09639465783232938
300k,16,40,100,56,500,0.49083601334132254,65.02215361595154,0.036,0.35294117647058826,0.1769285020316807
300k,16,40,100,56,1000,0.49083601334132254,65.02215361595154,0.019,0.37254901960784315,0.18544647800734995
300k,16,40,100,82,10,0.48916100058704615,65.02215361595154,0.1,0.016129032258064516,0.07839826897867533
300k,16,40,100,82,50,0.48916100058704615,65.02215361595154,0.04,0.03225806451612903,0.04857019105727315
300k,16,40,100,82,100,0.48916100058704615,65.02215361595154,0.03,0.04838709677419355,0.05280887171470101
300k,16,40,100,82,300,0.48916100058704615,65.02215361595154,0.03666666666666667,0.1774193548387097,0.12178008949132041
300k,16,40,100,82,500,0.48916100058704615,65.02215361595154,0.042,0.3387096774193548,0.1991970382447519
300k,16,40,100,82,1000,0.48916100058704615,65.02215361595154,0.032,0.5161290322580645,0.2777202573735276
300k,16,40,100,91,10,0.5009500018786639,65.02215361595154,0.0,0.0,0.0
300k,16,40,100,91,50,0.5009500018786639,65.02215361595154,0.0,0.0,0.0
300k,16,40,100,91,100,0.5009500018786639,65.02215361595154,0.0,0.0,0.0
300k,16,40,100,91,300,0.5009500018786639,65.02215361595154,0.006666666666666667,0.03125,0.01669344694206645
300k,16,40,100,91,500,0.5009500018786639,65.02215361595154,0.02,0.15625,0.07651281540694664
300k,16,40,100,91,1000,0.5009500018786639,65.02215361595154,0.02,0.3125,0.14616809518119525
300k,16,40,100,92,10,0.5155169928912073,65.02215361595154,0.0,0.0,0.0
300k,16,40,100,92,50,0.5155169928912073,65.02215361595154,0.0,0.0,0.0
300k,16,40,100,92,100,0.5155169928912073,65.02215361595154,0.0,0.0,0.0
300k,16,40,100,92,300,0.5155169928912073,65.02215361595154,0.0033333333333333335,0.015873015873015872,0.008162555785980019
300k,16,40,100,92,500,0.5155169928912073,65.02215361595154,0.012,0.09523809523809523,0.047005589556794375
300k,16,40,100,92,1000,0.5155169928912073,65.02215361595154,0.023,0.36507936507936506,0.1655244596778817
300k,16,40,200,1,10,1.2332310143392533,65.02215361595154,1.0,0.136986301369863,1.0
300k,16,40,200,1,50,1.2332310143392533,65.02215361595154,0.4,0.273972602739726,0.5322787609979452
300k,16,40,200,1,100,1.2332310143392533,65.02215361595154,0.25,0.3424657534246575,0.45750232230477017
300k,16,40,200,1,300,1.2332310143392533,65.02215361595154,0.11666666666666667,0.4794520547945205,0.5373258616088241
300k,16,40,200,1,500,1.2332310143392533,65.02215361595154,0.08,0.547945205479452,0.5718584616001723
300k,16,40,200,1,1000,1.2332310143392533,65.02215361595154,0.044,0.6027397260273972,0.597669523477726
300k,16,40,200,2,10,0.8223259937949479,65.02215361595154,0.5,0.07692307692307693,0.5517854393872873
300k,16,40,200,2,50,0.8223259937949479,65.02215361595154,0.34,0.26153846153846155,0.39816215069318367
300k,16,40,200,2,100,0.8223259937949479,65.02215361595154,0.21,0.3230769230769231,0.3748517430527221
300k,16,40,200,2,300,0.8223259937949479,65.02215361595154,0.11666666666666667,0.5384615384615384,0.4979868258621601
300k,16,40,200,2,500,0.8223259937949479,65.02215361595154,0.08,0.6153846153846154,0.5362792380724513
300k,16,40,200,2,1000,0.8223259937949479,65.02215361595154,0.049,0.7538461538461538,0.5982071121528441
300k,16,40,200,3,10,0.8054280187934637,65.02215361595154,0.2,0.2857142857142857,0.16945984979943973
300k,16,40,200,3,50,0.8054280187934637,65.02215361595154,0.12,0.8571428571428571,0.4306905418177963
300k,16,40,200,3,100,0.8054280187934637,65.02215361595154,0.07,1.0,0.47206355247045634
300k,16,40,200,3,300,0.8054280187934637,65.02215361595154,0.023333333333333334,1.0,0.47206355247045634
300k,16,40,200,3,500,0.8054280187934637,65.02215361595154,0.014,1.0,0.47206355247045634
300k,16,40,200,3,1000,0.8054280187934637,65.02215361595154,0.007,1.0,0.47206355247045634
300k,16,40,200,4,10,0.6433429953176528,65.02215361595154,0.9,0.10975609756097561,0.9052116356304493
300k,16,40,200,4,50,0.6433429953176528,65.02215361595154,0.52,0.3170731707317073,0.6126561146626635
300k,16,40,200,4,100,0.6433429953176528,65.02215361595154,0.33,0.4024390243902439,0.49498832314692526
300k,16,40,200,4,300,0.6433429953176528,65.02215361595154,0.18666666666666668,0.6829268292682927,0.6644137920338228
300k,16,40,200,4,500,0.6433429953176528,65.02215361595154,0.138,0.8414634146341463,0.7481779728948021
300k,16,40,200,4,1000,0.6433429953176528,65.02215361595154,0.078,0.9512195121951219,0.8008945609726942
300k,16,40,200,5,10,0.7298009877558798,65.02215361595154,1.0,0.11764705882352941,1.0
300k,16,40,200,5,50,0.7298009877558798,65.02215361595154,0.52,0.3058823529411765,0.636549647229996
300k,16,40,200,5,100,0.7298009877558798,65.02215361595154,0.36,0.4235294117647059,0.5262846071769742
300k,16,40,200,5,300,0.7298009877558798,65.02215361595154,0.18666666666666668,0.6588235294117647,0.675212440485725
300k,16,40,200,5,500,0.7298009877558798,65.02215361595154,0.128,0.7529411764705882,0.7249747703056516
300k,16,40,200,5,1000,0.7298009877558798,65.02215361595154,0.075,0.8823529411764706,0.7880080432570825
300k,16,40,200,11,10,0.858468993101269,65.02215361595154,0.2,0.06060606060606061,0.22400556151517553
300k,16,40,200,11,50,0.858468993101269,65.02215361595154,0.12,0.18181818181818182,0.18954467453216567
300k,16,40,200,11,100,0.858468993101269,65.02215361595154,0.1,0.30303030303030304,0.2532192733074068
300k,16,40,200,11,300,0.858468993101269,65.02215361595154,0.06,0.5454545454545454,0.36620646787949956
300k,16,40,200,11,500,0.858468993101269,65.02215361595154,0.044,0.6666666666666666,0.41478873012969525
300k,16,40,200,11,1000,0.858468993101269,65.02215361595154,0.024,0.7272727272727273,0.4363989915810976
300k,16,40,200,12,10,0.9756200015544891,65.02215361595154,0.0,0.0,0.0
300k,16,40,200,12,50,0.9756200015544891,65.02215361595154,0.0,0.0,0.0
300k,16,40,200,12,100,0.9756200015544891,65.02215361595154,0.0,0.0,0.0
300k,16,40,200,12,300,0.9756200015544891,65.02215361595154,0.0033333333333333335,0.07692307692307693,0.027277486861526853
300k,16,40,200,12,500,0.9756200015544891,65.02215361595154,0.004,0.15384615384615385,0.048471090712275636
300k,16,40,200,12,1000,0.9756200015544891,65.02215361595154,0.003,0.23076923076923078,0.06876830977901288
300k,16,40,200,15,10,0.9112499828916043,65.02215361595154,0.0,0.0,0.0
300k,16,40,200,15,50,0.9112499828916043,65.02215361595154,0.0,0.0,0.0
300k,16,40,200,15,100,0.9112499828916043,65.02215361595154,0.0,0.0,0.0
300k,16,40,200,15,300,0.9112499828916043,65.02215361595154,0.016666666666666666,0.13157894736842105,0.06012918500493381
300k,16,40,200,15,500,0.9112499828916043,65.02215361595154,0.018,0.23684210526315788,0.1036465119226485
300k,16,40,200,15,1000,0.9112499828916043,65.02215361595154,0.02,0.5263157894736842,0.21270814871083357
300k,16,40,200,34,10,0.794725987361744,65.02215361595154,0.0,0.0,0.0
300k,16,40,200,34,50,0.794725987361744,65.02215361595154,0.0,0.0,0.0
300k,16,40,200,34,100,0.794725987361744,65.02215361595154,0.03,0.08571428571428572,0.048718287397437235
300k,16,40,200,34,300,0.794725987361744,65.02215361595154,0.023333333333333334,0.2,0.0990644950401755
300k,16,40,200,34,500,0.794725987361744,65.02215361595154,0.022,0.3142857142857143,0.1455019951225909
300k,16,40,200,34,1000,0.794725987361744,65.02215361595154,0.022,0.6285714285714286,0.2599899115895497
300k,16,40,200,14,10,0.722716999007389,65.02215361595154,0.0,0.0,0.0
300k,16,40,200,14,50,0.722716999007389,65.02215361595154,0.0,0.0,0.0
300k,16,40,200,14,100,0.722716999007389,65.02215361595154,0.01,0.021739130434782608,0.014258135220372645
300k,16,40,200,14,300,0.722716999007389,65.02215361595154,0.013333333333333334,0.08695652173913043,0.04776582310152404
300k,16,40,200,14,500,0.722716999007389,65.02215361595154,0.022,0.2391304347826087,0.11450502482563805
300k,16,40,200,14,1000,0.722716999007389,65.02215361595154,0.021,0.45652173913043476,0.20091886546383086
300k,16,40,200,27,10,0.6616890022996813,65.02215361595154,0.0,0.0,0.0
300k,16,40,200,27,50,0.6616890022996813,65.02215361595154,0.0,0.0,0.0
300k,16,40,200,27,100,0.6616890022996813,65.02215361595154,0.0,0.0,0.0
300k,16,40,200,27,300,0.6616890022996813,65.02215361595154,0.01,0.09090909090909091,0.039839983632277
300k,16,40,200,27,500,0.6616890022996813,65.02215361595154,0.014,0.21212121212121213,0.08707022136131444
300k,16,40,200,27,1000,0.6616890022996813,65.02215361595154,0.014,0.42424242424242425,0.16267891849531446
300k,16,40,200,66,10,0.5703330098185688,65.02215361595154,0.1,0.01818181818181818,0.06625422345438903
300k,16,40,200,66,50,0.5703330098185688,65.02215361595154,0.02,0.01818181818181818,0.02333976076433925
300k,16,40,200,66,100,0.5703330098185688,65.02215361595154,0.01,0.01818181818181818,0.021866577706041675
300k,16,40,200,66,300,0.5703330098185688,65.02215361595154,0.01,0.05454545454545454,0.04064166986380924
300k,16,40,200,66,500,0.5703330098185688,65.02215361595154,0.016,0.14545454545454545,0.08304643701115429
300k,16,40,200,66,1000,0.5703330098185688,65.02215361595154,0.021,0.38181818181818183,0.18329063714753202
300k,16,40,200,72,10,0.8416660130023956,65.02215361595154,0.0,0.0,0.0
300k,16,40,200,72,50,0.8416660130023956,65.02215361595154,0.02,0.02702702702702703,0.018373828625812934
300k,16,40,200,72,100,0.8416660130023956,65.02215361595154,0.01,0.02702702702702703,0.018373828625812934
300k,16,40,200,72,300,0.8416660130023956,65.02215361595154,0.016666666666666666,0.13513513513513514,0.06581781094626621
300k,16,40,200,72,500,0.8416660130023956,65.02215361595154,0.014,0.1891891891891892,0.08818770868772018
300k,16,40,200,72,1000,0.8416660130023956,65.02215361595154,0.013,0.35135135135135137,0.14948859736663817
300k,16,40,200,99,10,0.6644530221819878,65.02215361595154,0.0,0.0,0.0
300k,16,40,200,99,50,0.6644530221819878,65.02215361595154,0.0,0.0,0.0
300k,16,40,200,99,100,0.6644530221819878,65.02215361595154,0.0,0.0,0.0
300k,16,40,200,99,300,0.6644530221819878,65.02215361595154,0.013333333333333334,0.19047619047619047,0.07076479358837387
300k,16,40,200,99,500,0.6644530221819878,65.02215361595154,0.014,0.3333333333333333,0.1176899803416943
300k,16,40,200,99,1000,0.6644530221819878,65.02215361595154,0.013,0.6190476190476191,0.20461299709275219
300k,16,40,200,101,10,0.686366023728624,65.02215361595154,0.1,0.023255813953488372,0.22009176629808017
300k,16,40,200,101,50,0.686366023728624,65.02215361595154,0.08,0.09302325581395349,0.14429839711959375
300k,16,40,200,101,100,0.686366023728624,65.02215361595154,0.07,0.16279069767441862,0.1852935137287756
300k,16,40,200,101,300,0.686366023728624,65.02215361595154,0.06,0.4186046511627907,0.31167314840722954
300k,16,40,200,101,500,0.686366023728624,65.02215361595154,0.054,0.627906976744186,0.40135111977334015
300k,16,40,200,101,1000,0.686366023728624,65.02215361595154,0.038,0.8837209302325582,0.5030256106219814
300k,16,40,200,56,10,0.746445992263034,65.02215361595154,0.0,0.0,0.0
300k,16,40,200,56,50,0.746445992263034,65.02215361595154,0.0,0.0,0.0
300k,16,40,200,56,100,0.746445992263034,65.02215361595154,0.02,0.0392156862745098,0.02586278489915839
300k,16,40,200,56,300,0.746445992263034,65.02215361595154,0.03,0.17647058823529413,0.09733072316695533
300k,16,40,200,56,500,0.746445992263034,65.02215361595154,0.034,0.3333333333333333,0.16842607122950867
300k,16,40,200,56,1000,0.746445992263034,65.02215361595154,0.026,0.5098039215686274,0.2409602178968549
300k,16,40,200,82,10,0.6527010118588805,65.02215361595154,0.1,0.016129032258064516,0.07839826897867533
300k,16,40,200,82,50,0.6527010118588805,65.02215361595154,0.04,0.03225806451612903,0.04857019105727315
300k,16,40,200,82,100,0.6527010118588805,65.02215361595154,0.03,0.04838709677419355,0.0527725616175262
300k,16,40,200,82,300,0.6527010118588805,65.02215361595154,0.03666666666666667,0.1774193548387097,0.12261174144527122
300k,16,40,200,82,500,0.6527010118588805,65.02215361595154,0.044,0.3548387096774194,0.20776365807243866
300k,16,40,200,82,1000,0.6527010118588805,65.02215361595154,0.041,0.6612903225806451,0.3413233611190204
300k,16,40,200,91,10,0.7723890012130141,65.02215361595154,0.0,0.0,0.0
300k,16,40,200,91,50,0.7723890012130141,65.02215361595154,0.0,0.0,0.0
300k,16,40,200,91,100,0.7723890012130141,65.02215361595154,0.0,0.0,0.0
300k,16,40,200,91,300,0.7723890012130141,65.02215361595154,0.01,0.046875,0.024382270011407303
300k,16,40,200,91,500,0.7723890012130141,65.02215361595154,0.012,0.09375,0.04671413125486728
300k,16,40,200,91,1000,0.7723890012130141,65.02215361595154,0.026,0.40625,0.1844918551589831
300k,16,40,200,92,10,0.7411919941660017,65.02215361595154,0.0,0.0,0.0
300k,16,40,200,92,50,0.7411919941660017,65.02215361595154,0.0,0.0,0.0
300k,16,40,200,92,100,0.7411919941660017,65.02215361595154,0.0,0.0,0.0
300k,16,40,200,92,300,0.7411919941660017,65.02215361595154,0.0033333333333333335,0.015873015873015872,0.008052224148258676
300k,16,40,200,92,500,0.7411919941660017,65.02215361595154,0.01,0.07936507936507936,0.0389801573021323
300k,16,40,200,92,1000,0.7411919941660017,65.02215361595154,0.023,0.36507936507936506,0.16242066439119549
300k,16,40,500,1,10,2.3319140018429607,65.02215361595154,1.0,0.136986301369863,1.0
300k,16,40,500,1,50,2.3319140018429607,65.02215361595154,0.46,0.3150684931506849,0.5862540880549768
300k,16,40,500,1,100,2.3319140018429607,65.02215361595154,0.28,0.3835616438356164,0.4989968021221792
300k,16,40,500,1,300,2.3319140018429607,65.02215361595154,0.13666666666666666,0.5616438356164384,0.6011306821189
300k,16,40,500,1,500,2.3319140018429607,65.02215361595154,0.092,0.6301369863013698,0.6359533970797486
300k,16,40,500,1,1000,2.3319140018429607,65.02215361595154,0.056,0.7671232876712328,0.7004968091568927
300k,16,40,500,2,10,1.4254709822125733,65.02215361595154,0.5,0.07692307692307693,0.5517854393872873
300k,16,40,500,2,50,1.4254709822125733,65.02215361595154,0.34,0.26153846153846155,0.39816215069318367
300k,16,40,500,2,100,1.4254709822125733,65.02215361595154,0.21,0.3230769230769231,0.3748517430527221
300k,16,40,500,2,300,1.4254709822125733,65.02215361595154,0.11,0.5076923076923077,0.48162213256635283
300k,16,40,500,2,500,1.4254709822125733,65.02215361595154,0.08,0.6153846153846154,0.5351065995479118
300k,16,40,500,2,1000,1.4254709822125733,65.02215361595154,0.046,0.7076923076923077,0.5760913615475353
300k,16,40,500,3,10,1.5511060191784054,65.02215361595154,0.2,0.2857142857142857,0.16945984979943973
300k,16,40,500,3,50,1.5511060191784054,65.02215361595154,0.12,0.8571428571428571,0.4306905418177963
300k,16,40,500,3,100,1.5511060191784054,65.02215361595154,0.07,1.0,0.47206355247045634
300k,16,40,500,3,300,1.5511060191784054,65.02215361595154,0.023333333333333334,1.0,0.47206355247045634
300k,16,40,500,3,500,1.5511060191784054,65.02215361595154,0.014,1.0,0.47206355247045634
300k,16,40,500,3,1000,1.5511060191784054,65.02215361595154,0.007,1.0,0.47206355247045634
300k,16,40,500,4,10,0.9678159840404987,65.02215361595154,0.9,0.10975609756097561,0.9052116356304493
300k,16,40,500,4,50,0.9678159840404987,65.02215361595154,0.52,0.3170731707317073,0.6126561146626635
300k,16,40,500,4,100,0.9678159840404987,65.02215361595154,0.33,0.4024390243902439,0.49495047477349335
300k,16,40,500,4,300,0.9678159840404987,65.02215361595154,0.18666666666666668,0.6829268292682927,0.6640292200667155
300k,16,40,500,4,500,0.9678159840404987,65.02215361595154,0.138,0.8414634146341463,0.7475382937437453
300k,16,40,500,4,1000,0.9678159840404987,65.02215361595154,0.081,0.9878048780487805,0.8178823564178588
300k,16,40,500,5,10,1.3309079804457724,65.02215361595154,1.0,0.11764705882352941,1.0
300k,16,40,500,5,50,1.3309079804457724,65.02215361595154,0.52,0.3058823529411765,0.636549647229996
300k,16,40,500,5,100,1.3309079804457724,65.02215361595154,0.36,0.4235294117647059,0.526302007956462
300k,16,40,500,5,300,1.3309079804457724,65.02215361595154,0.18666666666666668,0.6588235294117647,0.6764348934979828
300k,16,40,500,5,500,1.3309079804457724,65.02215361595154,0.132,0.7764705882352941,0.7391457743150058
300k,16,40,500,5,1000,1.3309079804457724,65.02215361595154,0.078,0.9176470588235294,0.8080915442047233
300k,16,40,500,11,10,1.5512639947701246,65.02215361595154,0.2,0.06060606060606061,0.22400556151517553
300k,16,40,500,11,50,1.5512639947701246,65.02215361595154,0.12,0.18181818181818182,0.18938041177054082
300k,16,40,500,11,100,1.5512639947701246,65.02215361595154,0.08,0.24242424242424243,0.22189511237055604
300k,16,40,500,11,300,1.5512639947701246,65.02215361595154,0.06666666666666667,0.6060606060606061,0.39163978345646694
300k,16,40,500,11,500,1.5512639947701246,65.02215361595154,0.052,0.7878787878787878,0.4634897637060674
300k,16,40,500,11,1000,1.5512639947701246,65.02215361595154,0.027,0.8181818181818182,0.4744405915455252
300k,16,40,500,12,10,1.6988709976430982,65.02215361595154,0.0,0.0,0.0
300k,16,40,500,12,50,1.6988709976430982,65.02215361595154,0.0,0.0,0.0
300k,16,40,500,12,100,1.6988709976430982,65.02215361595154,0.0,0.0,0.0
300k,16,40,500,12,300,1.6988709976430982,65.02215361595154,0.0033333333333333335,0.07692307692307693,0.027227804372455023
300k,16,40,500,12,500,1.6988709976430982,65.02215361595154,0.002,0.07692307692307693,0.027227804372455023
300k,16,40,500,12,1000,1.6988709976430982,65.02215361595154,0.004,0.3076923076923077,0.08629134712925825
300k,16,40,500,15,10,1.4240460004657507,65.02215361595154,0.0,0.0,0.0
300k,16,40,500,15,50,1.4240460004657507,65.02215361595154,0.0,0.0,0.0
300k,16,40,500,15,100,1.4240460004657507,65.02215361595154,0.0,0.0,0.0
300k,16,40,500,15,300,1.4240460004657507,65.02215361595154,0.013333333333333334,0.10526315789473684,0.04850069959946375
300k,16,40,500,15,500,1.4240460004657507,65.02215361595154,0.02,0.2631578947368421,0.1151288112286066
300k,16,40,500,15,1000,1.4240460004657507,65.02215361595154,0.021,0.5526315789473685,0.2237564741720016
300k,16,40,500,34,10,1.291455002501607,65.02215361595154,0.0,0.0,0.0
300k,16,40,500,34,50,1.291455002501607,65.02215361595154,0.0,0.0,0.0
300k,16,40,500,34,100,1.291455002501607,65.02215361595154,0.03,0.08571428571428572,0.04850385236326618
300k,16,40,500,34,300,1.291455002501607,65.02215361595154,0.02666666666666667,0.22857142857142856,0.11250278761419814
300k,16,40,500,34,500,1.291455002501607,65.02215361595154,0.024,0.34285714285714286,0.15861146923844516
300k,16,40,500,34,1000,1.291455002501607,65.02215361595154,0.024,0.6857142857142857,0.2820211672600306
300k,16,40,500,14,10,1.190234994282946,65.02215361595154,0.0,0.0,0.0
300k,16,40,500,14,50,1.190234994282946,65.02215361595154,0.0,0.0,0.0
300k,16,40,500,14,100,1.190234994282946,65.02215361595154,0.01,0.021739130434782608,0.014192848784677045
300k,16,40,500,14,300,1.190234994282946,65.02215361595154,0.02,0.13043478260869565,0.06798418246925303
300k,16,40,500,14,500,1.190234994282946,65.02215361595154,0.022,0.2391304347826087,0.11579060904720709
300k,16,40,500,14,1000,1.190234994282946,65.02215361595154,0.026,0.5652173913043478,0.2443185807946966
300k,16,40,500,27,10,1.097598986234516,65.02215361595154,0.0,0.0,0.0
300k,16,40,500,27,50,1.097598986234516,65.02215361595154,0.0,0.0,0.0
300k,16,40,500,27,100,1.097598986234516,65.02215361595154,0.0,0.0,0.0
300k,16,40,500,27,300,1.097598986234516,65.02215361595154,0.006666666666666667,0.06060606060606061,0.02739138750087688
300k,16,40,500,27,500,1.097598986234516,65.02215361595154,0.012,0.18181818181818182,0.07530570360161697
300k,16,40,500,27,1000,1.097598986234516,65.02215361595154,0.014,0.42424242424242425,0.16153864680019647
300k,16,40,500,66,10,0.9922600002028048,65.02215361595154,0.1,0.01818181818181818,0.06625422345438903
300k,16,40,500,66,50,0.9922600002028048,65.02215361595154,0.02,0.01818181818181818,0.02333976076433925
300k,16,40,500,66,100,0.9922600002028048,65.02215361595154,0.01,0.01818181818181818,0.021866577706041675
300k,16,40,500,66,300,0.9922600002028048,65.02215361595154,0.01,0.05454545454545454,0.04064166986380924
300k,16,40,500,66,500,0.9922600002028048,65.02215361595154,0.018,0.16363636363636364,0.09192106233689179
300k,16,40,500,66,1000,0.9922600002028048,65.02215361595154,0.037,0.6727272727272727,0.30307816667363546
300k,16,40,500,72,10,1.618142006918788,65.02215361595154,0.0,0.0,0.0
300k,16,40,500,72,50,1.618142006918788,65.02215361595154,0.02,0.02702702702702703,0.018373828625812934
300k,16,40,500,72,100,1.618142006918788,65.02215361595154,0.02,0.05405405405405406,0.032832489766607624
300k,16,40,500,72,300,1.618142006918788,65.02215361595154,0.016666666666666666,0.13513513513513514,0.06817271624191742
300k,16,40,500,72,500,1.618142006918788,65.02215361595154,0.018,0.24324324324324326,0.11277551968990272
300k,16,40,500,72,1000,1.618142006918788,65.02215361595154,0.014,0.3783783783783784,0.16251489763065252
300k,16,40,500,99,10,1.3750149810221046,65.02215361595154,0.0,0.0,0.0
300k,16,40,500,99,50,1.3750149810221046,65.02215361595154,0.0,0.0,0.0
300k,16,40,500,99,100,1.3750149810221046,65.02215361595154,0.0,0.0,0.0
300k,16,40,500,99,300,1.3750149810221046,65.02215361595154,0.013333333333333334,0.19047619047619047,0.06991903079620207
300k,16,40,500,99,500,1.3750149810221046,65.02215361595154,0.012,0.2857142857142857,0.10234862454108068
300k,16,40,500,99,1000,1.3750149810221046,65.02215361595154,0.012,0.5714285714285714,0.19016788285689953
300k,16,40,500,101,10,1.2605840165633708,65.02215361595154,0.1,0.023255813953488372,0.22009176629808017
300k,16,40,500,101,50,1.2605840165633708,65.02215361595154,0.08,0.09302325581395349,0.14429839711959375
300k,16,40,500,101,100,1.2605840165633708,65.02215361595154,0.07,0.16279069767441862,0.1852935137287756
300k,16,40,500,101,300,1.2605840165633708,65.02215361595154,0.06,0.4186046511627907,0.31167314840722954
300k,16,40,500,101,500,1.2605840165633708,65.02215361595154,0.056,0.6511627906976745,0.4109832893640018
300k,16,40,500,101,1000,1.2605840165633708,65.02215361595154,0.041,0.9534883720930233,0.5291201794743616
300k,16,40,500,56,10,1.2883219751529396,65.02215361595154,0.0,0.0,0.0
300k,16,40,500,56,50,1.2883219751529396,65.02215361595154,0.0,0.0,0.0
300k,16,40,500,56,100,1.2883219751529396,65.02215361595154,0.02,0.0392156862745098,0.02586278489915839
300k,16,40,500,56,300,1.2883219751529396,65.02215361595154,0.03333333333333333,0.19607843137254902,0.10670774799375696
300k,16,40,500,56,500,1.2883219751529396,65.02215361595154,0.038,0.37254901960784315,0.18629111777397966
300k,16,40,500,56,1000,1.2883219751529396,65.02215361595154,0.033,0.6470588235294118,0.2982740167734096
300k,16,40,500,82,10,0.9804760047700256,65.02215361595154,0.1,0.016129032258064516,0.07839826897867533
300k,16,40,500,82,50,0.9804760047700256,65.02215361595154,0.04,0.03225806451612903,0.04857019105727315
300k,16,40,500,82,100,0.9804760047700256,65.02215361595154,0.03,0.04838709677419355,0.0527725616175262
300k,16,40,500,82,300,0.9804760047700256,65.02215361595154,0.03666666666666667,0.1774193548387097,0.12248260915882667
300k,16,40,500,82,500,0.9804760047700256,65.02215361595154,0.042,0.3387096774193548,0.19966958596123777
300k,16,40,500,82,1000,0.9804760047700256,65.02215361595154,0.048,0.7741935483870968,0.389295236000633
300k,16,40,500,91,10,1.3663099962286651,65.02215361595154,0.0,0.0,0.0
300k,16,40,500,91,50,1.3663099962286651,65.02215361595154,0.0,0.0,0.0
300k,16,40,500,91,100,1.3663099962286651,65.02215361595154,0.0,0.0,0.0
300k,16,40,500,91,300,1.3663099962286651,65.02215361595154,0.01,0.046875,0.024260975943248275
300k,16,40,500,91,500,1.3663099962286651,65.02215361595154,0.012,0.09375,0.04678945511702997
300k,16,40,500,91,1000,1.3663099962286651,65.02215361595154,0.024,0.375,0.17068971063395436
300k,16,40,500,92,10,1.1768940021283925,65.02215361595154,0.0,0.0,0.0
300k,16,40,500,92,50,1.1768940021283925,65.02215361595154,0.0,0.0,0.0
300k,16,40,500,92,100,1.1768940021283925,65.02215361595154,0.0,0.0,0.0
300k,16,40,500,92,300,1.1768940021283925,65.02215361595154,0.0,0.0,0.0
300k,16,40,500,92,500,1.1768940021283925,65.02215361595154,0.012,0.09523809523809523,0.046636044169290736
300k,16,40,500,92,1000,1.1768940021283925,65.02215361595154,0.023,0.36507936507936506,0.16326648810853028
300k,16,40,1000,1,10,3.631628002040088,65.02215361595154,1.0,0.136986301369863,1.0
300k,16,40,1000,1,50,3.631628002040088,65.02215361595154,0.46,0.3150684931506849,0.5862540880549768
300k,16,40,1000,1,100,3.631628002040088,65.02215361595154,0.28,0.3835616438356164,0.4989968021221792
300k,16,40,1000,1,300,3.631628002040088,65.02215361595154,0.13666666666666666,0.5616438356164384,0.6009591841405133
300k,16,40,1000,1,500,3.631628002040088,65.02215361595154,0.09,0.6164383561643836,0.6290050930422058
300k,16,40,1000,1,1000,3.631628002040088,65.02215361595154,0.057,0.7808219178082192,0.7062361353820674
300k,16,40,1000,2,10,2.3597249819431454,65.02215361595154,0.5,0.07692307692307693,0.5517854393872873
300k,16,40,1000,2,50,2.3597249819431454,65.02215361595154,0.34,0.26153846153846155,0.39785328869028586
300k,16,40,1000,2,100,2.3597249819431454,65.02215361595154,0.21,0.3230769230769231,0.37444292524379125
300k,16,40,1000,2,300,2.3597249819431454,65.02215361595154,0.11,0.5076923076923077,0.48100586580472515
300k,16,40,1000,2,500,2.3597249819431454,65.02215361595154,0.08,0.6153846153846154,0.534257029738552
300k,16,40,1000,2,1000,2.3597249819431454,65.02215361595154,0.047,0.7230769230769231,0.5818014813435235
300k,16,40,1000,3,10,2.655948977917433,65.02215361595154,0.2,0.2857142857142857,0.16945984979943973
300k,16,40,1000,3,50,2.655948977917433,65.02215361595154,0.12,0.8571428571428571,0.4306905418177963
300k,16,40,1000,3,100,2.655948977917433,65.02215361595154,0.07,1.0,0.471974351084949
300k,16,40,1000,3,300,2.655948977917433,65.02215361595154,0.023333333333333334,1.0,0.471974351084949
300k,16,40,1000,3,500,2.655948977917433,65.02215361595154,0.014,1.0,0.471974351084949
300k,16,40,1000,3,1000,2.655948977917433,65.02215361595154,0.007,1.0,0.471974351084949
300k,16,40,1000,4,10,1.5005689929239452,65.02215361595154,0.9,0.10975609756097561,0.9052116356304493
300k,16,40,1000,4,50,1.5005689929239452,65.02215361595154,0.52,0.3170731707317073,0.6126561146626635
300k,16,40,1000,4,100,1.5005689929239452,65.02215361595154,0.33,0.4024390243902439,0.49495047477349335
300k,16,40,1000,4,300,1.5005689929239452,65.02215361595154,0.18666666666666668,0.6829268292682927,0.6640292200667155
300k,16,40,1000,4,500,1.5005689929239452,65.02215361595154,0.138,0.8414634146341463,0.74750388468019
300k,16,40,1000,4,1000,1.5005689929239452,65.02215361595154,0.081,0.9878048780487805,0.8177488888339907
300k,16,40,1000,5,10,2.2179130173753947,65.02215361595154,1.0,0.11764705882352941,1.0
300k,16,40,1000,5,50,2.2179130173753947,65.02215361595154,0.52,0.3058823529411765,0.636549647229996
300k,16,40,1000,5,100,2.2179130173753947,65.02215361595154,0.36,0.4235294117647059,0.526302007956462
300k,16,40,1000,5,300,2.2179130173753947,65.02215361595154,0.18666666666666668,0.6588235294117647,0.6763903365775339
300k,16,40,1000,5,500,2.2179130173753947,65.02215361595154,0.134,0.788235294117647,0.7453187742386441
300k,16,40,1000,5,1000,2.2179130173753947,65.02215361595154,0.079,0.9294117647058824,0.8145936618350258
300k,16,40,1000,11,10,2.5802640011534095,65.02215361595154,0.2,0.06060606060606061,0.22400556151517553
300k,16,40,1000,11,50,2.5802640011534095,65.02215361595154,0.12,0.18181818181818182,0.18938041177054082
300k,16,40,1000,11,100,2.5802640011534095,65.02215361595154,0.08,0.24242424242424243,0.22189511237055604
300k,16,40,1000,11,300,2.5802640011534095,65.02215361595154,0.06666666666666667,0.6060606060606061,0.3915307168773624
300k,16,40,1000,11,500,2.5802640011534095,65.02215361595154,0.052,0.7878787878787878,0.46307255868634184
300k,16,40,1000,11,1000,2.5802640011534095,65.02215361595154,0.028,0.8484848484848485,0.48456971527512616
300k,16,40,1000,12,10,2.7744359977077693,65.02215361595154,0.0,0.0,0.0
300k,16,40,1000,12,50,2.7744359977077693,65.02215361595154,0.0,0.0,0.0
300k,16,40,1000,12,100,2.7744359977077693,65.02215361595154,0.0,0.0,0.0
300k,16,40,1000,12,300,2.7744359977077693,65.02215361595154,0.0033333333333333335,0.07692307692307693,0.02713024104056382
300k,16,40,1000,12,500,2.7744359977077693,65.02215361595154,0.002,0.07692307692307693,0.02713024104056382
300k,16,40,1000,12,1000,2.7744359977077693,65.02215361595154,0.004,0.3076923076923077,0.08735161853520694
300k,16,40,1000,15,10,2.1064280008431524,65.02215361595154,0.0,0.0,0.0
300k,16,40,1000,15,50,2.1064280008431524,65.02215361595154,0.0,0.0,0.0
300k,16,40,1000,15,100,2.1064280008431524,65.02215361595154,0.0,0.0,0.0
300k,16,40,1000,15,300,2.1064280008431524,65.02215361595154,0.013333333333333334,0.10526315789473684,0.048427734393719384
300k,16,40,1000,15,500,2.1064280008431524,65.02215361595154,0.02,0.2631578947368421,0.11494996246697034
300k,16,40,1000,15,1000,2.1064280008431524,65.02215361595154,0.022,0.5789473684210527,0.2327901462659259
300k,16,40,1000,34,10,1.7971729976125062,65.02215361595154,0.0,0.0,0.0
300k,16,40,1000,34,50,1.7971729976125062,65.02215361595154,0.0,0.0,0.0
300k,16,40,1000,34,100,1.7971729976125062,65.02215361595154,0.03,0.08571428571428572,0.04850385236326618
300k,16,40,1000,34,300,1.7971729976125062,65.02215361595154,0.02666666666666667,0.22857142857142856,0.11250278761419814
300k,16,40,1000,34,500,1.7971729976125062,65.02215361595154,0.024,0.34285714285714286,0.15860439276722704
300k,16,40,1000,34,1000,1.7971729976125062,65.02215361595154,0.023,0.6571428571428571,0.2718120690272433
300k,16,40,1000,14,10,1.8447100010234863,65.02215361595154,0.0,0.0,0.0
300k,16,40,1000,14,50,1.8447100010234863,65.02215361595154,0.0,0.0,0.0
300k,16,40,1000,14,100,1.8447100010234863,65.02215361595154,0.01,0.021739130434782608,0.014192848784677045
300k,16,40,1000,14,300,1.8447100010234863,65.02215361595154,0.016666666666666666,0.10869565217391304,0.058018460538291655
300k,16,40,1000,14,500,1.8447100010234863,65.02215361595154,0.022,0.2391304347826087,0.11574277146202155
300k,16,40,1000,14,1000,1.8447100010234863,65.02215361595154,0.024,0.5217391304347826,0.2279792624991852
300k,16,40,1000,27,10,1.7801150097511709,65.02215361595154,0.0,0.0,0.0
300k,16,40,1000,27,50,1.7801150097511709,65.02215361595154,0.0,0.0,0.0
300k,16,40,1000,27,100,1.7801150097511709,65.02215361595154,0.0,0.0,0.0
300k,16,40,1000,27,300,1.7801150097511709,65.02215361595154,0.006666666666666667,0.06060606060606061,0.02739138750087688
300k,16,40,1000,27,500,1.7801150097511709,65.02215361595154,0.012,0.18181818181818182,0.07529316650638883
300k,16,40,1000,27,1000,1.7801150097511709,65.02215361595154,0.014,0.42424242424242425,0.1613904677652954
300k,16,40,1000,66,10,1.9921150233130902,65.02215361595154,0.1,0.01818181818181818,0.06625422345438903
300k,16,40,1000,66,50,1.9921150233130902,65.02215361595154,0.02,0.01818181818181818,0.02333976076433925
300k,16,40,1000,66,100,1.9921150233130902,65.02215361595154,0.01,0.01818181818181818,0.021866577706041675
300k,16,40,1000,66,300,1.9921150233130902,65.02215361595154,0.01,0.05454545454545454,0.04064166986380924
300k,16,40,1000,66,500,1.9921150233130902,65.02215361595154,0.018,0.16363636363636364,0.09192106233689179
300k,16,40,1000,66,1000,1.9921150233130902,65.02215361595154,0.034,0.6181818181818182,0.2805822989522002
300k,16,40,1000,72,10,2.8153079911135137,65.02215361595154,0.0,0.0,0.0
300k,16,40,1000,72,50,2.8153079911135137,65.02215361595154,0.02,0.02702702702702703,0.018234411428182194
300k,16,40,1000,72,100,2.8153079911135137,65.02215361595154,0.02,0.05405405405405406,0.03262722512984432
300k,16,40,1000,72,300,2.8153079911135137,65.02215361595154,0.013333333333333334,0.10810810810810811,0.05635894398330885
300k,16,40,1000,72,500,2.8153079911135137,65.02215361595154,0.018,0.24324324324324326,0.11234455276127052
300k,16,40,1000,72,1000,2.8153079911135137,65.02215361595154,0.018,0.4864864864864865,0.20105951351924034
300k,16,40,1000,99,10,2.2600599913857877,65.02215361595154,0.0,0.0,0.0
300k,16,40,1000,99,50,2.2600599913857877,65.02215361595154,0.0,0.0,0.0
300k,16,40,1000,99,100,2.2600599913857877,65.02215361595154,0.0,0.0,0.0
300k,16,40,1000,99,300,2.2600599913857877,65.02215361595154,0.013333333333333334,0.19047619047619047,0.0698644137897599
300k,16,40,1000,99,500,2.2600599913857877,65.02215361595154,0.012,0.2857142857142857,0.10223818140220223
300k,16,40,1000,99,1000,2.2600599913857877,65.02215361595154,0.011,0.5238095238095238,0.1756489800035362
300k,16,40,1000,101,10,2.086527005303651,65.02215361595154,0.1,0.023255813953488372,0.22009176629808017
300k,16,40,1000,101,50,2.086527005303651,65.02215361595154,0.08,0.09302325581395349,0.14429839711959375
300k,16,40,1000,101,100,2.086527005303651,65.02215361595154,0.07,0.16279069767441862,0.1852935137287756
300k,16,40,1000,101,300,2.086527005303651,65.02215361595154,0.06,0.4186046511627907,0.31167314840722954
300k,16,40,1000,101,500,2.086527005303651,65.02215361595154,0.056,0.6511627906976745,0.41096900959181065
300k,16,40,1000,101,1000,2.086527005303651,65.02215361595154,0.041,0.9534883720930233,0.5287665156030364
300k,16,40,1000,56,10,2.334647986572236,65.02215361595154,0.0,0.0,0.0
300k,16,40,1000,56,50,2.334647986572236,65.02215361595154,0.0,0.0,0.0
300k,16,40,1000,56,100,2.334647986572236,65.02215361595154,0.02,0.0392156862745098,0.02586278489915839
300k,16,40,1000,56,300,2.334647986572236,65.02215361595154,0.03333333333333333,0.19607843137254902,0.10670774799375696
300k,16,40,1000,56,500,2.334647986572236,65.02215361595154,0.04,0.39215686274509803,0.19493247980230174
300k,16,40,1000,56,1000,2.334647986572236,65.02215361595154,0.036,0.7058823529411765,0.3223870437566639
300k,16,40,1000,82,10,1.5295610064640641,65.02215361595154,0.1,0.016129032258064516,0.07839826897867533
300k,16,40,1000,82,50,1.5295610064640641,65.02215361595154,0.04,0.03225806451612903,0.04857019105727315
300k,16,40,1000,82,100,1.5295610064640641,65.02215361595154,0.03,0.04838709677419355,0.0527725616175262
300k,16,40,1000,82,300,1.5295610064640641,65.02215361595154,0.03666666666666667,0.1774193548387097,0.12248260915882667
300k,16,40,1000,82,500,1.5295610064640641,65.02215361595154,0.042,0.3387096774193548,0.19966958596123777
300k,16,40,1000,82,1000,1.5295610064640641,65.02215361595154,0.049,0.7903225806451613,0.3961914406998253
300k,16,40,1000,91,10,2.152060973457992,65.02215361595154,0.0,0.0,0.0
300k,16,40,1000,91,50,2.152060973457992,65.02215361595154,0.0,0.0,0.0
300k,16,40,1000,91,100,2.152060973457992,65.02215361595154,0.0,0.0,0.0
300k,16,40,1000,91,300,2.152060973457992,65.02215361595154,0.01,0.046875,0.024251199368337514
300k,16,40,1000,91,500,2.152060973457992,65.02215361595154,0.012,0.09375,0.04675147742484737
300k,16,40,1000,91,1000,2.152060973457992,65.02215361595154,0.024,0.375,0.1700974316014524
300k,16,40,1000,92,10,1.7066019936464727,65.02215361595154,0.0,0.0,0.0
300k,16,40,1000,92,50,1.7066019936464727,65.02215361595154,0.0,0.0,0.0
300k,16,40,1000,92,100,1.7066019936464727,65.02215361595154,0.0,0.0,0.0
300k,16,40,1000,92,300,1.7066019936464727,65.02215361595154,0.0,0.0,0.0
300k,16,40,1000,92,500,1.7066019936464727,65.02215361595154,0.012,0.09523809523809523,0.04654433189728164
300k,16,40,1000,92,1000,1.7066019936464727,65.02215361595154,0.022,0.3492063492063492,0.1563872797522689
300k,32,200,10,1,10,15.701903001172468,402.04461693763733,0.6,0.0821917808219178,0.727329844310522
300k,32,200,10,1,50,15.701903001172468,402.04461693763733,0.26,0.1780821917808219,0.36809553925664334
300k,32,200,10,1,100,15.701903001172468,402.04461693763733,0.17,0.2328767123287671,0.323266332185134
300k,32,200,10,1,300,15.701903001172468,402.04461693763733,0.07,0.2876712328767123,0.3564472139908648
300k,32,200,10,1,500,15.701903001172468,402.04461693763733,0.042,0.2876712328767123,0.3564472139908648
300k,32,200,10,1,1000,15.701903001172468,402.04461693763733,0.021,0.2876712328767123,0.3564472139908648
300k,32,200,10,2,10,0.36391301546245813,402.04461693763733,0.6,0.09230769230769231,0.6520881886359191
300k,32,200,10,2,50,0.36391301546245813,402.04461693763733,0.26,0.2,0.36344293832105234
300k,32,200,10,2,100,0.36391301546245813,402.04461693763733,0.19,0.2923076923076923,0.3672281250184004
300k,32,200,10,2,300,0.36391301546245813,402.04461693763733,0.06666666666666667,0.3076923076923077,0.37613500504468017
300k,32,200,10,2,500,0.36391301546245813,402.04461693763733,0.04,0.3076923076923077,0.37613500504468017
300k,32,200,10,2,1000,0.36391301546245813,402.04461693763733,0.02,0.3076923076923077,0.37613500504468017
300k,32,200,10,3,10,0.3568179963622242,402.04461693763733,0.2,0.2857142857142857,0.16945984979943973
300k,32,200,10,3,50,0.3568179963622242,402.04461693763733,0.08,0.5714285714285714,0.30161820051411947
300k,32,200,10,3,100,0.3568179963622242,402.04461693763733,0.05,0.7142857142857143,0.3466170107602307
300k,32,200,10,3,300,0.3568179963622242,402.04461693763733,0.016666666666666666,0.7142857142857143,0.3466170107602307
300k,32,200,10,3,500,0.3568179963622242,402.04461693763733,0.01,0.7142857142857143,0.3466170107602307
300k,32,200,10,3,1000,0.3568179963622242,402.04461693763733,0.005,0.7142857142857143,0.3466170107602307
300k,32,200,10,4,10,0.3309780149720609,402.04461693763733,1.0,0.12195121951219512,1.0
300k,32,200,10,4,50,0.3309780149720609,402.04461693763733,0.42,0.25609756097560976,0.5512474109324585
300k,32,200,10,4,100,0.3309780149720609,402.04461693763733,0.28,0.34146341463414637,0.4538826627907229
300k,32,200,10,4,300,0.3309780149720609,402.04461693763733,0.13333333333333333,0.4878048780487805,0.5454023393410337
300k,32,200,10,4,500,0.3309780149720609,402.04461693763733,0.08,0.4878048780487805,0.5454023393410337
300k,32,200,10,4,1000,0.3309780149720609,402.04461693763733,0.04,0.4878048780487805,0.5454023393410337
300k,32,200,10,5,10,0.2974779927171767,402.04461693763733,1.0,0.11764705882352941,1.0
300k,32,200,10,5,50,0.2974779927171767,402.04461693763733,0.5,0.29411764705882354,0.6203857119022745
300k,32,200,10,5,100,0.2974779927171767,402.04461693763733,0.33,0.38823529411764707,0.49879239223501226
300k,32,200,10,5,300,0.2974779927171767,402.04461693763733,0.13333333333333333,0.47058823529411764,0.5485746250906685
300k,32,200,10,5,500,0.2974779927171767,402.04461693763733,0.08,0.47058823529411764,0.5485746250906685
300k,32,200,10,5,1000,0.2974779927171767,402.04461693763733,0.04,0.47058823529411764,0.5485746250906685
300k,32,200,10,11,10,0.3159850020892918,402.04461693763733,0.2,0.06060606060606061,0.22400556151517553
300k,32,200,10,11,50,0.3159850020892918,402.04461693763733,0.1,0.15151515151515152,0.1656383505084986
300k,32,200,10,11,100,0.3159850020892918,402.04461693763733,0.09,0.2727272727272727,0.2305354582364879
300k,32,200,10,11,300,0.3159850020892918,402.04461693763733,0.04,0.36363636363636365,0.27404772918207515
300k,32,200,10,11,500,0.3159850020892918,402.04461693763733,0.024,0.36363636363636365,0.27404772918207515
300k,32,200,10,11,1000,0.3159850020892918,402.04461693763733,0.012,0.36363636363636365,0.27404772918207515
300k,32,200,10,12,10,0.32163001014851034,402.04461693763733,0.0,0.0,0.0
300k,32,200,10,12,50,0.32163001014851034,402.04461693763733,0.0,0.0,0.0
300k,32,200,10,12,100,0.32163001014851034,402.04461693763733,0.0,0.0,0.0
300k,32,200,10,12,300,0.32163001014851034,402.04461693763733,0.0033333333333333335,0.07692307692307693,0.02511595189537862
300k,32,200,10,12,500,0.32163001014851034,402.04461693763733,0.002,0.07692307692307693,0.02511595189537862
300k,32,200,10,12,1000,0.32163001014851034,402.04461693763733,0.001,0.07692307692307693,0.02511595189537862
300k,32,200,10,15,10,0.29974698554724455,402.04461693763733,0.0,0.0,0.0
300k,32,200,10,15,50,0.29974698554724455,402.04461693763733,0.0,0.0,0.0
300k,32,200,10,15,100,0.29974698554724455,402.04461693763733,0.01,0.02631578947368421,0.014170807506656453
300k,32,200,10,15,300,0.29974698554724455,402.04461693763733,0.01,0.07894736842105263,0.038023704710123625
300k,32,200,10,15,500,0.29974698554724455,402.04461693763733,0.01,0.13157894736842105,0.06029160891672918
300k,32,200,10,15,1000,0.29974698554724455,402.04461693763733,0.005,0.13157894736842105,0.06029160891672918
300k,32,200,10,34,10,0.2647709916345775,402.04461693763733,0.0,0.0,0.0
300k,32,200,10,34,50,0.2647709916345775,402.04461693763733,0.02,0.02857142857142857,0.018398884225268027
300k,32,200,10,34,100,0.2647709916345775,402.04461693763733,0.01,0.02857142857142857,0.018398884225268027
300k,32,200,10,34,300,0.2647709916345775,402.04461693763733,0.03,0.2571428571428571,0.12511977558896886
300k,32,200,10,34,500,0.2647709916345775,402.04461693763733,0.02,0.2857142857142857,0.1369267211791022
300k,32,200,10,34,1000,0.2647709916345775,402.04461693763733,0.01,0.2857142857142857,0.1369267211791022
300k,32,200,10,14,10,0.23580901324748993,402.04461693763733,0.0,0.0,0.0
300k,32,200,10,14,50,0.23580901324748993,402.04461693763733,0.0,0.0,0.0
300k,32,200,10,14,100,0.23580901324748993,402.04461693763733,0.0,0.0,0.0
300k,32,200,10,14,300,0.23580901324748993,402.04461693763733,0.013333333333333334,0.08695652173913043,0.04545758451170254
300k,32,200,10,14,500,0.23580901324748993,402.04461693763733,0.008,0.08695652173913043,0.04545758451170254
300k,32,200,10,14,1000,0.23580901324748993,402.04461693763733,0.004,0.08695652173913043,0.04545758451170254
300k,32,200,10,27,10,0.2595169935375452,402.04461693763733,0.0,0.0,0.0
300k,32,200,10,27,50,0.2595169935375452,402.04461693763733,0.0,0.0,0.0
300k,32,200,10,27,100,0.2595169935375452,402.04461693763733,0.0,0.0,0.0
300k,32,200,10,27,300,0.2595169935375452,402.04461693763733,0.016666666666666666,0.15151515151515152,0.07092308408801491
300k,32,200,10,27,500,0.2595169935375452,402.04461693763733,0.01,0.15151515151515152,0.07092308408801491
300k,32,200,10,27,1000,0.2595169935375452,402.04461693763733,0.005,0.15151515151515152,0.07092308408801491
300k,32,200,10,66,10,0.2519180125091225,402.04461693763733,0.1,0.01818181818181818,0.06625422345438903
300k,32,200,10,66,50,0.2519180125091225,402.04461693763733,0.02,0.01818181818181818,0.02333976076433925
300k,32,200,10,66,100,0.2519180125091225,402.04461693763733,0.01,0.01818181818181818,0.021866577706041675
300k,32,200,10,66,300,0.2519180125091225,402.04461693763733,0.013333333333333334,0.07272727272727272,0.04977473414736741
300k,32,200,10,66,500,0.2519180125091225,402.04461693763733,0.008,0.07272727272727272,0.04977473414736741
300k,32,200,10,66,1000,0.2519180125091225,402.04461693763733,0.004,0.07272727272727272,0.04977473414736741
300k,32,200,10,72,10,0.2609140065032989,402.04461693763733,0.0,0.0,0.0
300k,32,200,10,72,50,0.2609140065032989,402.04461693763733,0.02,0.02702702702702703,0.0195536615067207
300k,32,200,10,72,100,0.2609140065032989,402.04461693763733,0.02,0.05405405405405406,0.03544572565639261
300k,32,200,10,72,300,0.2609140065032989,402.04461693763733,0.013333333333333334,0.10810810810810811,0.06333790109714622
300k,32,200,10,72,500,0.2609140065032989,402.04461693763733,0.008,0.10810810810810811,0.06333790109714622
300k,32,200,10,72,1000,0.2609140065032989,402.04461693763733,0.004,0.10810810810810811,0.06333790109714622
300k,32,200,10,99,10,0.27089798822999,402.04461693763733,0.0,0.0,0.0
300k,32,200,10,99,50,0.27089798822999,402.04461693763733,0.0,0.0,0.0
300k,32,200,10,99,100,0.27089798822999,402.04461693763733,0.0,0.0,0.0
300k,32,200,10,99,300,0.27089798822999,402.04461693763733,0.01,0.14285714285714285,0.05543290180779083
300k,32,200,10,99,500,0.27089798822999,402.04461693763733,0.006,0.14285714285714285,0.05543290180779083
300k,32,200,10,99,1000,0.27089798822999,402.04461693763733,0.003,0.14285714285714285,0.05543290180779083
300k,32,200,10,101,10,0.25154498871415854,402.04461693763733,0.1,0.023255813953488372,0.22009176629808017
300k,32,200,10,101,50,0.25154498871415854,402.04461693763733,0.06,0.06976744186046512,0.127991024478959
300k,32,200,10,101,100,0.25154498871415854,402.04461693763733,0.07,0.16279069767441862,0.1845779798488319
300k,32,200,10,101,300,0.25154498871415854,402.04461693763733,0.03666666666666667,0.2558139534883721,0.23134113268152537
300k,32,200,10,101,500,0.25154498871415854,402.04461693763733,0.022,0.2558139534883721,0.23134113268152537
300k,32,200,10,101,1000,0.25154498871415854,402.04461693763733,0.011,0.2558139534883721,0.23134113268152537
300k,32,200,10,56,10,0.23640197468921542,402.04461693763733,0.0,0.0,0.0
300k,32,200,10,56,50,0.23640197468921542,402.04461693763733,0.02,0.0196078431372549,0.014774023995642555
300k,32,200,10,56,100,0.23640197468921542,402.04461693763733,0.03,0.058823529411764705,0.03983123189528574
300k,32,200,10,56,300,0.23640197468921542,402.04461693763733,0.013333333333333334,0.0784313725490196,0.05039883842396118
300k,32,200,10,56,500,0.23640197468921542,402.04461693763733,0.008,0.0784313725490196,0.05039883842396118
300k,32,200,10,56,1000,0.23640197468921542,402.04461693763733,0.004,0.0784313725490196,0.05039883842396118
300k,32,200,10,82,10,0.28554798336699605,402.04461693763733,0.1,0.016129032258064516,0.08514311764162098
300k,32,200,10,82,50,0.28554798336699605,402.04461693763733,0.04,0.03225806451612903,0.05162114677638431
300k,32,200,10,82,100,0.28554798336699605,402.04461693763733,0.03,0.04838709677419355,0.0561505411498397
300k,32,200,10,82,300,0.28554798336699605,402.04461693763733,0.05333333333333334,0.25806451612903225,0.16932887941167415
300k,32,200,10,82,500,0.28554798336699605,402.04461693763733,0.034,0.27419354838709675,0.1773699410972452
300k,32,200,10,82,1000,0.28554798336699605,402.04461693763733,0.017,0.27419354838709675,0.1773699410972452
300k,32,200,10,91,10,0.2960989950224757,402.04461693763733,0.0,0.0,0.0
300k,32,200,10,91,50,0.2960989950224757,402.04461693763733,0.0,0.0,0.0
300k,32,200,10,91,100,0.2960989950224757,402.04461693763733,0.0,0.0,0.0
300k,32,200,10,91,300,0.2960989950224757,402.04461693763733,0.013333333333333334,0.0625,0.03359204796101976
300k,32,200,10,91,500,0.2960989950224757,402.04461693763733,0.01,0.078125,0.041519786964958644
300k,32,200,10,91,1000,0.2960989950224757,402.04461693763733,0.005,0.078125,0.041519786964958644
300k,32,200,10,92,10,0.2796339977066964,402.04461693763733,0.0,0.0,0.0
300k,32,200,10,92,50,0.2796339977066964,402.04461693763733,0.0,0.0,0.0
300k,32,200,10,92,100,0.2796339977066964,402.04461693763733,0.0,0.0,0.0
300k,32,200,10,92,300,0.2796339977066964,402.04461693763733,0.013333333333333334,0.06349206349206349,0.03527295371368455
300k,32,200,10,92,500,0.2796339977066964,402.04461693763733,0.014,0.1111111111111111,0.05896394010393046
300k,32,200,10,92,1000,0.2796339977066964,402.04461693763733,0.007,0.1111111111111111,0.05896394010393046
300k,32,200,50,1,10,0.8950349874794483,402.04461693763733,1.0,0.136986301369863,1.0
300k,32,200,50,1,50,0.8950349874794483,402.04461693763733,0.38,0.2602739726027397,0.5165856149091725
300k,32,200,50,1,100,0.8950349874794483,402.04461693763733,0.23,0.3150684931506849,0.43618654085892805
300k,32,200,50,1,300,0.8950349874794483,402.04461693763733,0.11666666666666667,0.4794520547945205,0.531845636988213
300k,32,200,50,1,500,0.8950349874794483,402.04461693763733,0.078,0.5342465753424658,0.5602624554070843
300k,32,200,50,1,1000,0.8950349874794483,402.04461693763733,0.041,0.5616438356164384,0.5725165940210296
300k,32,200,50,2,10,0.6301739776972681,402.04461693763733,0.5,0.07692307692307693,0.5517854393872873
300k,32,200,50,2,50,0.6301739776972681,402.04461693763733,0.34,0.26153846153846155,0.39785328869028586
300k,32,200,50,2,100,0.6301739776972681,402.04461693763733,0.2,0.3076923076923077,0.36488310024891313
300k,32,200,50,2,300,0.6301739776972681,402.04461693763733,0.11666666666666667,0.5384615384615384,0.49578187687328984
300k,32,200,50,2,500,0.6301739776972681,402.04461693763733,0.076,0.5846153846153846,0.5180031089917779
300k,32,200,50,2,1000,0.6301739776972681,402.04461693763733,0.04,0.6153846153846154,0.5318746480934722
300k,32,200,50,3,10,0.6037580023985356,402.04461693763733,0.2,0.2857142857142857,0.16945984979943973
300k,32,200,50,3,50,0.6037580023985356,402.04461693763733,0.12,0.8571428571428571,0.4306905418177963
300k,32,200,50,3,100,0.6037580023985356,402.04461693763733,0.07,1.0,0.47224585405251746
300k,32,200,50,3,300,0.6037580023985356,402.04461693763733,0.023333333333333334,1.0,0.47224585405251746
300k,32,200,50,3,500,0.6037580023985356,402.04461693763733,0.014,1.0,0.47224585405251746
300k,32,200,50,3,1000,0.6037580023985356,402.04461693763733,0.007,1.0,0.47224585405251746
300k,32,200,50,4,10,0.5246030050329864,402.04461693763733,0.9,0.10975609756097561,0.9052116356304493
300k,32,200,50,4,50,0.5246030050329864,402.04461693763733,0.52,0.3170731707317073,0.613063691920019
300k,32,200,50,4,100,0.5246030050329864,402.04461693763733,0.32,0.3902439024390244,0.4859702947298168
300k,32,200,50,4,300,0.5246030050329864,402.04461693763733,0.18,0.6585365853658537,0.6485279469017667
300k,32,200,50,4,500,0.5246030050329864,402.04461693763733,0.13,0.7926829268292683,0.7196955112285226
300k,32,200,50,4,1000,0.5246030050329864,402.04461693763733,0.069,0.8414634146341463,0.7438322240310667
300k,32,200,50,5,10,0.5841460078954697,402.04461693763733,1.0,0.11764705882352941,1.0
300k,32,200,50,5,50,0.5841460078954697,402.04461693763733,0.52,0.3058823529411765,0.636549647229996
300k,32,200,50,5,100,0.5841460078954697,402.04461693763733,0.38,0.4470588235294118,0.5429059113579143
300k,32,200,50,5,300,0.5841460078954697,402.04461693763733,0.17333333333333334,0.611764705882353,0.6458131048934077
300k,32,200,50,5,500,0.5841460078954697,402.04461693763733,0.116,0.6823529411764706,0.6830365024193654
300k,32,200,50,5,1000,0.5841460078954697,402.04461693763733,0.06,0.7058823529411765,0.6946437020236814
300k,32,200,50,11,10,0.6074770062696189,402.04461693763733,0.2,0.06060606060606061,0.22400556151517553
300k,32,200,50,11,50,0.6074770062696189,402.04461693763733,0.12,0.18181818181818182,0.18749945268738646
300k,32,200,50,11,100,0.6074770062696189,402.04461693763733,0.08,0.24242424242424243,0.2199461759313218
300k,32,200,50,11,300,0.6074770062696189,402.04461693763733,0.056666666666666664,0.5151515151515151,0.34690325913738923
300k,32,200,50,11,500,0.6074770062696189,402.04461693763733,0.038,0.5757575757575758,0.37129856680977824
300k,32,200,50,11,1000,0.6074770062696189,402.04461693763733,0.019,0.5757575757575758,0.37129856680977824
300k,32,200,50,12,10,0.7031569839455187,402.04461693763733,0.0,0.0,0.0
300k,32,200,50,12,50,0.7031569839455187,402.04461693763733,0.0,0.0,0.0
300k,32,200,50,12,100,0.7031569839455187,402.04461693763733,0.0,0.0,0.0
300k,32,200,50,12,300,0.7031569839455187,402.04461693763733,0.0033333333333333335,0.07692307692307693,0.02775415764594842
300k,32,200,50,12,500,0.7031569839455187,402.04461693763733,0.004,0.15384615384615385,0.04990335589847376
300k,32,200,50,12,1000,0.7031569839455187,402.04461693763733,0.002,0.15384615384615385,0.04990335589847376
300k,32,200,50,15,10,0.6243450043257326,402.04461693763733,0.0,0.0,0.0
300k,32,200,50,15,50,0.6243450043257326,402.04461693763733,0.0,0.0,0.0
300k,32,200,50,15,100,0.6243450043257326,402.04461693763733,0.0,0.0,0.0
300k,32,200,50,15,300,0.6243450043257326,402.04461693763733,0.02,0.15789473684210525,0.07284561153451145
300k,32,200,50,15,500,0.6243450043257326,402.04461693763733,0.022,0.2894736842105263,0.1271780404242643
300k,32,200,50,15,1000,0.6243450043257326,402.04461693763733,0.018,0.47368421052631576,0.19649434003189273
300k,32,200,50,34,10,0.5587390041910112,402.04461693763733,0.0,0.0,0.0
300k,32,200,50,34,50,0.5587390041910112,402.04461693763733,0.0,0.0,0.0
300k,32,200,50,34,100,0.5587390041910112,402.04461693763733,0.03,0.08571428571428572,0.048544930022348824
300k,32,200,50,34,300,0.5587390041910112,402.04461693763733,0.03,0.2571428571428571,0.12368378686584545
300k,32,200,50,34,500,0.5587390041910112,402.04461693763733,0.028,0.4,0.18038210046548878
300k,32,200,50,34,1000,0.5587390041910112,402.04461693763733,0.018,0.5142857142857142,0.2223827263741114
300k,32,200,50,14,10,0.5679799942299724,402.04461693763733,0.0,0.0,0.0
300k,32,200,50,14,50,0.5679799942299724,402.04461693763733,0.0,0.0,0.0
300k,32,200,50,14,100,0.5679799942299724,402.04461693763733,0.0,0.0,0.0
300k,32,200,50,14,300,0.5679799942299724,402.04461693763733,0.013333333333333334,0.08695652173913043,0.04407376489927298
300k,32,200,50,14,500,0.5679799942299724,402.04461693763733,0.016,0.17391304347826086,0.08309083488525071
300k,32,200,50,14,1000,0.5679799942299724,402.04461693763733,0.015,0.32608695652173914,0.14556561675684881
300k,32,200,50,27,10,0.5379639915190637,402.04461693763733,0.0,0.0,0.0
300k,32,200,50,27,50,0.5379639915190637,402.04461693763733,0.0,0.0,0.0
300k,32,200,50,27,100,0.5379639915190637,402.04461693763733,0.0,0.0,0.0
300k,32,200,50,27,300,0.5379639915190637,402.04461693763733,0.013333333333333334,0.12121212121212122,0.053115379336584397
300k,32,200,50,27,500,0.5379639915190637,402.04461693763733,0.012,0.18181818181818182,0.07737538421401419
300k,32,200,50,27,1000,0.5379639915190637,402.04461693763733,0.011,0.3333333333333333,0.13351338411227084
300k,32,200,50,66,10,0.4669570189435035,402.04461693763733,0.1,0.01818181818181818,0.06625422345438903
300k,32,200,50,66,50,0.4669570189435035,402.04461693763733,0.02,0.01818181818181818,0.02333976076433925
300k,32,200,50,66,100,0.4669570189435035,402.04461693763733,0.01,0.01818181818181818,0.021866577706041675
300k,32,200,50,66,300,0.4669570189435035,402.04461693763733,0.013333333333333334,0.07272727272727272,0.04917225045700456
300k,32,200,50,66,500,0.4669570189435035,402.04461693763733,0.016,0.14545454545454545,0.08271327059255384
300k,32,200,50,66,1000,0.4669570189435035,402.04461693763733,0.012,0.21818181818181817,0.11437013032715769
300k,32,200,50,72,10,0.6137919845059514,402.04461693763733,0.0,0.0,0.0
300k,32,200,50,72,50,0.6137919845059514,402.04461693763733,0.02,0.02702702702702703,0.018234411428182194
300k,32,200,50,72,100,0.6137919845059514,402.04461693763733,0.02,0.05405405405405406,0.03279567667325417
300k,32,200,50,72,300,0.6137919845059514,402.04461693763733,0.02,0.16216216216216217,0.08120812158434657
300k,32,200,50,72,500,0.6137919845059514,402.04461693763733,0.018,0.24324324324324326,0.11415466364244635
300k,32,200,50,72,1000,0.6137919845059514,402.04461693763733,0.009,0.24324324324324326,0.11415466364244635
300k,32,200,50,99,10,0.5211569950915873,402.04461693763733,0.0,0.0,0.0
300k,32,200,50,99,50,0.5211569950915873,402.04461693763733,0.0,0.0,0.0
300k,32,200,50,99,100,0.5211569950915873,402.04461693763733,0.0,0.0,0.0
300k,32,200,50,99,300,0.5211569950915873,402.04461693763733,0.013333333333333334,0.19047619047619047,0.071133159578699
300k,32,200,50,99,500,0.5211569950915873,402.04461693763733,0.016,0.38095238095238093,0.13486003950200925
300k,32,200,50,99,1000,0.5211569950915873,402.04461693763733,0.01,0.47619047619047616,0.16444801720984523
300k,32,200,50,101,10,0.5119819834362715,402.04461693763733,0.1,0.023255813953488372,0.22009176629808017
300k,32,200,50,101,50,0.5119819834362715,402.04461693763733,0.08,0.09302325581395349,0.14429839711959375
300k,32,200,50,101,100,0.5119819834362715,402.04461693763733,0.07,0.16279069767441862,0.18550886863844557
300k,32,200,50,101,300,0.5119819834362715,402.04461693763733,0.06333333333333334,0.4418604651162791,0.324382921031779
300k,32,200,50,101,500,0.5119819834362715,402.04461693763733,0.052,0.6046511627906976,0.3951833399067732
300k,32,200,50,101,1000,0.5119819834362715,402.04461693763733,0.029,0.6744186046511628,0.42363993615780005
300k,32,200,50,56,10,0.592241995036602,402.04461693763733,0.0,0.0,0.0
300k,32,200,50,56,50,0.592241995036602,402.04461693763733,0.0,0.0,0.0
300k,32,200,50,56,100,0.592241995036602,402.04461693763733,0.02,0.0392156862745098,0.025911243898496847
300k,32,200,50,56,300,0.592241995036602,402.04461693763733,0.03,0.17647058823529413,0.09667567148824509
300k,32,200,50,56,500,0.592241995036602,402.04461693763733,0.038,0.37254901960784315,0.18538699893099056
300k,32,200,50,56,1000,0.592241995036602,402.04461693763733,0.021,0.4117647058823529,0.20217568255787016
300k,32,200,50,82,10,0.5456219951156527,402.04461693763733,0.1,0.016129032258064516,0.07839826897867533
300k,32,200,50,82,50,0.5456219951156527,402.04461693763733,0.04,0.03225806451612903,0.04857019105727315
300k,32,200,50,82,100,0.5456219951156527,402.04461693763733,0.03,0.04838709677419355,0.0527725616175262
300k,32,200,50,82,300,0.5456219951156527,402.04461693763733,0.03,0.14516129032258066,0.10449047949626358
300k,32,200,50,82,500,0.5456219951156527,402.04461693763733,0.036,0.2903225806451613,0.17363957657325635
300k,32,200,50,82,1000,0.5456219951156527,402.04461693763733,0.033,0.532258064516129,0.28209287323937826
300k,32,200,50,91,10,0.5859759985469282,402.04461693763733,0.0,0.0,0.0
300k,32,200,50,91,50,0.5859759985469282,402.04461693763733,0.0,0.0,0.0
300k,32,200,50,91,100,0.5859759985469282,402.04461693763733,0.0,0.0,0.0
300k,32,200,50,91,300,0.5859759985469282,402.04461693763733,0.01,0.046875,0.02474469134694267
300k,32,200,50,91,500,0.5859759985469282,402.04461693763733,0.016,0.125,0.062046951599744986
300k,32,200,50,91,1000,0.5859759985469282,402.04461693763733,0.022,0.34375,0.15984673097646288
300k,32,200,50,92,10,0.5881739780306816,402.04461693763733,0.0,0.0,0.0
300k,32,200,50,92,50,0.5881739780306816,402.04461693763733,0.0,0.0,0.0
300k,32,200,50,92,100,0.5881739780306816,402.04461693763733,0.0,0.0,0.0
300k,32,200,50,92,300,0.5881739780306816,402.04461693763733,0.0033333333333333335,0.015873015873015872,0.008222314546578915
300k,32,200,50,92,500,0.5881739780306816,402.04461693763733,0.012,0.09523809523809523,0.0468445357111764
300k,32,200,50,92,1000,0.5881739780306816,402.04461693763733,0.019,0.30158730158730157,0.1365384199977503
300k,32,200,100,1,10,1.363166986266151,402.04461693763733,1.0,0.136986301369863,1.0
300k,32,200,100,1,50,1.363166986266151,402.04461693763733,0.48,0.3287671232876712,0.6003870466429425
300k,32,200,100,1,100,1.363166986266151,402.04461693763733,0.29,0.3972602739726027,0.5089800583648935
300k,32,200,100,1,300,1.363166986266151,402.04461693763733,0.14,0.5753424657534246,0.6122145760185962
300k,32,200,100,1,500,1.363166986266151,402.04461693763733,0.1,0.684931506849315,0.6675160055596068
300k,32,200,100,1,1000,1.363166986266151,402.04461693763733,0.052,0.7123287671232876,0.6805515888430512
300k,32,200,100,2,10,0.9580559853930026,402.04461693763733,0.5,0.07692307692307693,0.5517854393872873
300k,32,200,100,2,50,0.9580559853930026,402.04461693763733,0.34,0.26153846153846155,0.39785328869028586
300k,32,200,100,2,100,0.9580559853930026,402.04461693763733,0.2,0.3076923076923077,0.36473465803236915
300k,32,200,100,2,300,0.9580559853930026,402.04461693763733,0.11333333333333333,0.5230769230769231,0.48762622370743286
300k,32,200,100,2,500,0.9580559853930026,402.04461693763733,0.076,0.5846153846153846,0.5180767748187078
300k,32,200,100,2,1000,0.9580559853930026,402.04461693763733,0.043,0.6615384615384615,0.552705791683281
300k,32,200,100,3,10,0.9638940100558102,402.04461693763733,0.2,0.2857142857142857,0.16945984979943973
300k,32,200,100,3,50,0.9638940100558102,402.04461693763733,0.12,0.8571428571428571,0.4306905418177963
300k,32,200,100,3,100,0.9638940100558102,402.04461693763733,0.07,1.0,0.471974351084949
300k,32,200,100,3,300,0.9638940100558102,402.04461693763733,0.023333333333333334,1.0,0.471974351084949
300k,32,200,100,3,500,0.9638940100558102,402.04461693763733,0.014,1.0,0.471974351084949
300k,32,200,100,3,1000,0.9638940100558102,402.04461693763733,0.007,1.0,0.471974351084949
300k,32,200,100,4,10,0.7390179962385446,402.04461693763733,0.9,0.10975609756097561,0.9052116356304493
300k,32,200,100,4,50,0.7390179962385446,402.04461693763733,0.52,0.3170731707317073,0.6126561146626635
300k,32,200,100,4,100,0.7390179962385446,402.04461693763733,0.33,0.4024390243902439,0.49495047477349335
300k,32,200,100,4,300,0.7390179962385446,402.04461693763733,0.18333333333333332,0.6707317073170732,0.6567068725566151
300k,32,200,100,4,500,0.7390179962385446,402.04461693763733,0.134,0.8170731707317073,0.7335657636481182
300k,32,200,100,4,1000,0.7390179962385446,402.04461693763733,0.076,0.926829268292683,0.7865524529123213
300k,32,200,100,5,10,0.8465330174658448,402.04461693763733,1.0,0.11764705882352941,1.0
300k,32,200,100,5,50,0.8465330174658448,402.04461693763733,0.52,0.3058823529411765,0.636549647229996
300k,32,200,100,5,100,0.8465330174658448,402.04461693763733,0.37,0.43529411764705883,0.5345461529930373
300k,32,200,100,5,300,0.8465330174658448,402.04461693763733,0.18333333333333332,0.6470588235294118,0.6690589446346976
300k,32,200,100,5,500,0.8465330174658448,402.04461693763733,0.126,0.7411764705882353,0.7193850799501342
300k,32,200,100,5,1000,0.8465330174658448,402.04461693763733,0.072,0.8470588235294118,0.771581952182025
300k,32,200,100,11,10,0.9450209909118712,402.04461693763733,0.2,0.06060606060606061,0.22400556151517553
300k,32,200,100,11,50,0.9450209909118712,402.04461693763733,0.12,0.18181818181818182,0.18749945268738646
300k,32,200,100,11,100,0.9450209909118712,402.04461693763733,0.08,0.24242424242424243,0.2197641826313349
300k,32,200,100,11,300,0.9450209909118712,402.04461693763733,0.06333333333333334,0.5757575757575758,0.3746517950374831
300k,32,200,100,11,500,0.9450209909118712,402.04461693763733,0.044,0.6666666666666666,0.41074548760963736
300k,32,200,100,11,1000,0.9450209909118712,402.04461693763733,0.025,0.7575757575757576,0.4427184055597756
300k,32,200,100,12,10,1.1282949999440461,402.04461693763733,0.0,0.0,0.0
300k,32,200,100,12,50,1.1282949999440461,402.04461693763733,0.0,0.0,0.0
300k,32,200,100,12,100,1.1282949999440461,402.04461693763733,0.0,0.0,0.0
300k,32,200,100,12,300,1.1282949999440461,402.04461693763733,0.0033333333333333335,0.07692307692307693,0.027327787296189014
300k,32,200,100,12,500,1.1282949999440461,402.04461693763733,0.004,0.15384615384615385,0.048292203881412685
300k,32,200,100,12,1000,1.1282949999440461,402.04461693763733,0.003,0.23076923076923078,0.06751086335256243
300k,32,200,100,15,10,0.9605709929019213,402.04461693763733,0.0,0.0,0.0
300k,32,200,100,15,50,0.9605709929019213,402.04461693763733,0.0,0.0,0.0
300k,32,200,100,15,100,0.9605709929019213,402.04461693763733,0.0,0.0,0.0
300k,32,200,100,15,300,0.9605709929019213,402.04461693763733,0.02,0.15789473684210525,0.07148406150318402
300k,32,200,100,15,500,0.9605709929019213,402.04461693763733,0.022,0.2894736842105263,0.1263009878847947
300k,32,200,100,15,1000,0.9605709929019213,402.04461693763733,0.02,0.5263157894736842,0.21507026217003217
300k,32,200,100,34,10,0.847368995891884,402.04461693763733,0.0,0.0,0.0
300k,32,200,100,34,50,0.847368995891884,402.04461693763733,0.0,0.0,0.0
300k,32,200,100,34,100,0.847368995891884,402.04461693763733,0.03,0.08571428571428572,0.04850385236326618
300k,32,200,100,34,300,0.847368995891884,402.04461693763733,0.023333333333333334,0.2,0.0989228559957441
300k,32,200,100,34,500,0.847368995891884,402.04461693763733,0.022,0.3142857142857143,0.145477579889342
300k,32,200,100,34,1000,0.847368995891884,402.04461693763733,0.02,0.5714285714285714,0.23998508013871417
300k,32,200,100,14,10,0.8579760033171624,402.04461693763733,0.0,0.0,0.0
300k,32,200,100,14,50,0.8579760033171624,402.04461693763733,0.0,0.0,0.0
300k,32,200,100,14,100,0.8579760033171624,402.04461693763733,0.01,0.021739130434782608,0.014394321884108446
300k,32,200,100,14,300,0.8579760033171624,402.04461693763733,0.01,0.06521739130434782,0.03788989683505259
300k,32,200,100,14,500,0.8579760033171624,402.04461693763733,0.018,0.1956521739130435,0.09511893783915797
300k,32,200,100,14,1000,0.8579760033171624,402.04461693763733,0.022,0.4782608695652174,0.20643340773132773
300k,32,200,100,27,10,0.7460670021828264,402.04461693763733,0.0,0.0,0.0
300k,32,200,100,27,50,0.7460670021828264,402.04461693763733,0.0,0.0,0.0
300k,32,200,100,27,100,0.7460670021828264,402.04461693763733,0.0,0.0,0.0
300k,32,200,100,27,300,0.7460670021828264,402.04461693763733,0.01,0.09090909090909091,0.03993113983926979
300k,32,200,100,27,500,0.7460670021828264,402.04461693763733,0.016,0.24242424242424243,0.09891718978702256
300k,32,200,100,27,1000,0.7460670021828264,402.04461693763733,0.019,0.5757575757575758,0.21645020576139812
300k,32,200,100,66,10,0.6935889832675457,402.04461693763733,0.1,0.01818181818181818,0.06625422345438903
300k,32,200,100,66,50,0.6935889832675457,402.04461693763733,0.02,0.01818181818181818,0.02333976076433925
300k,32,200,100,66,100,0.6935889832675457,402.04461693763733,0.01,0.01818181818181818,0.021866577706041675
300k,32,200,100,66,300,0.6935889832675457,402.04461693763733,0.01,0.05454545454545454,0.04065812511140027
300k,32,200,100,66,500,0.6935889832675457,402.04461693763733,0.02,0.18181818181818182,0.10022994699151226
300k,32,200,100,66,1000,0.6935889832675457,402.04461693763733,0.02,0.36363636363636365,0.17758379874816307
300k,32,200,100,72,10,1.033823995385319,402.04461693763733,0.0,0.0,0.0
300k,32,200,100,72,50,1.033823995385319,402.04461693763733,0.02,0.02702702702702703,0.018234411428182194
300k,32,200,100,72,100,1.033823995385319,402.04461693763733,0.02,0.05405405405405406,0.032595028631870415
300k,32,200,100,72,300,1.033823995385319,402.04461693763733,0.02,0.16216216216216217,0.07987906222006426
300k,32,200,100,72,500,1.033823995385319,402.04461693763733,0.018,0.24324324324324326,0.11351521326242756
300k,32,200,100,72,1000,1.033823995385319,402.04461693763733,0.014,0.3783783783783784,0.16518128775271176
300k,32,200,100,99,10,0.7769850199110806,402.04461693763733,0.0,0.0,0.0
300k,32,200,100,99,50,0.7769850199110806,402.04461693763733,0.0,0.0,0.0
300k,32,200,100,99,100,0.7769850199110806,402.04461693763733,0.0,0.0,0.0
300k,32,200,100,99,300,0.7769850199110806,402.04461693763733,0.013333333333333334,0.19047619047619047,0.07012903538174507
300k,32,200,100,99,500,0.7769850199110806,402.04461693763733,0.014,0.3333333333333333,0.11726395177637257
300k,32,200,100,99,1000,0.7769850199110806,402.04461693763733,0.012,0.5714285714285714,0.19030730775017152
300k,32,200,100,101,10,0.7691360078752041,402.04461693763733,0.1,0.023255813953488372,0.22009176629808017
300k,32,200,100,101,50,0.7691360078752041,402.04461693763733,0.08,0.09302325581395349,0.14429839711959375
300k,32,200,100,101,100,0.7691360078752041,402.04461693763733,0.07,0.16279069767441862,0.1852935137287756
300k,32,200,100,101,300,0.7691360078752041,402.04461693763733,0.06,0.4186046511627907,0.3119296451655732
300k,32,200,100,101,500,0.7691360078752041,402.04461693763733,0.052,0.6046511627906976,0.3921955892986273
300k,32,200,100,101,1000,0.7691360078752041,402.04461693763733,0.035,0.813953488372093,0.47605629792111454
300k,32,200,100,56,10,0.8848269935697317,402.04461693763733,0.0,0.0,0.0
300k,32,200,100,56,50,0.8848269935697317,402.04461693763733,0.0,0.0,0.0
300k,32,200,100,56,100,0.8848269935697317,402.04461693763733,0.02,0.0392156862745098,0.02586278489915839
300k,32,200,100,56,300,0.8848269935697317,402.04461693763733,0.03333333333333333,0.19607843137254902,0.10710905446499608
300k,32,200,100,56,500,0.8848269935697317,402.04461693763733,0.04,0.39215686274509803,0.19595885146795614
300k,32,200,100,56,1000,0.8848269935697317,402.04461693763733,0.029,0.5686274509803921,0.26961843820133874
300k,32,200,100,82,10,0.7419500034302473,402.04461693763733,0.1,0.016129032258064516,0.07839826897867533
300k,32,200,100,82,50,0.7419500034302473,402.04461693763733,0.04,0.03225806451612903,0.04857019105727315
300k,32,200,100,82,100,0.7419500034302473,402.04461693763733,0.03,0.04838709677419355,0.0527725616175262
300k,32,200,100,82,300,0.7419500034302473,402.04461693763733,0.03,0.14516129032258066,0.10493249827885785
300k,32,200,100,82,500,0.7419500034302473,402.04461693763733,0.04,0.3225806451612903,0.19002895013332802
300k,32,200,100,82,1000,0.7419500034302473,402.04461693763733,0.044,0.7096774193548387,0.3600145026266979
300k,32,200,100,91,10,0.8556239772588015,402.04461693763733,0.0,0.0,0.0
300k,32,200,100,91,50,0.8556239772588015,402.04461693763733,0.0,0.0,0.0
300k,32,200,100,91,100,0.8556239772588015,402.04461693763733,0.0,0.0,0.0
300k,32,200,100,91,300,0.8556239772588015,402.04461693763733,0.01,0.046875,0.024436314910082385
300k,32,200,100,91,500,0.8556239772588015,402.04461693763733,0.012,0.09375,0.04679786860650757
300k,32,200,100,91,1000,0.8556239772588015,402.04461693763733,0.024,0.375,0.1720745207353777
300k,32,200,100,92,10,0.8263920026365668,402.04461693763733,0.0,0.0,0.0
300k,32,200,100,92,50,0.8263920026365668,402.04461693763733,0.0,0.0,0.0
300k,32,200,100,92,100,0.8263920026365668,402.04461693763733,0.0,0.0,0.0
300k,32,200,100,92,300,0.8263920026365668,402.04461693763733,0.006666666666666667,0.031746031746031744,0.016090217085263914
300k,32,200,100,92,500,0.8263920026365668,402.04461693763733,0.012,0.09523809523809523,0.04693971760630701
300k,32,200,100,92,1000,0.8263920026365668,402.04461693763733,0.024,0.38095238095238093,0.17104744334471197
300k,32,200,200,1,10,2.1519039873965085,402.04461693763733,1.0,0.136986301369863,1.0
300k,32,200,200,1,50,2.1519039873965085,402.04461693763733,0.48,0.3287671232876712,0.6034034910938353
300k,32,200,200,1,100,2.1519039873965085,402.04461693763733,0.28,0.3835616438356164,0.5029625402412407
300k,32,200,200,1,300,2.1519039873965085,402.04461693763733,0.14333333333333334,0.589041095890411,0.6214549649920241
300k,32,200,200,1,500,2.1519039873965085,402.04461693763733,0.098,0.6712328767123288,0.6619832021277362
300k,32,200,200,1,1000,2.1519039873965085,402.04461693763733,0.056,0.7671232876712328,0.7070104339962259
300k,32,200,200,2,10,1.4256350114010274,402.04461693763733,0.5,0.07692307692307693,0.5517854393872873
300k,32,200,200,2,50,1.4256350114010274,402.04461693763733,0.34,0.26153846153846155,0.39785328869028586
300k,32,200,200,2,100,1.4256350114010274,402.04461693763733,0.21,0.3230769230769231,0.37444292524379125
300k,32,200,200,2,300,1.4256350114010274,402.04461693763733,0.11,0.5076923076923077,0.48104180934106616
300k,32,200,200,2,500,1.4256350114010274,402.04461693763733,0.08,0.6153846153846154,0.5346396383129564
300k,32,200,200,2,1000,1.4256350114010274,402.04461693763733,0.046,0.7076923076923077,0.5756860452597611
300k,32,200,200,3,10,1.6050470003392547,402.04461693763733,0.2,0.2857142857142857,0.16945984979943973
300k,32,200,200,3,50,1.6050470003392547,402.04461693763733,0.12,0.8571428571428571,0.4306905418177963
300k,32,200,200,3,100,1.6050470003392547,402.04461693763733,0.07,1.0,0.471974351084949
300k,32,200,200,3,300,1.6050470003392547,402.04461693763733,0.023333333333333334,1.0,0.471974351084949
300k,32,200,200,3,500,1.6050470003392547,402.04461693763733,0.014,1.0,0.471974351084949
300k,32,200,200,3,1000,1.6050470003392547,402.04461693763733,0.007,1.0,0.471974351084949
300k,32,200,200,4,10,1.0046850075013936,402.04461693763733,0.9,0.10975609756097561,0.9052116356304493
300k,32,200,200,4,50,1.0046850075013936,402.04461693763733,0.52,0.3170731707317073,0.6126561146626635
300k,32,200,200,4,100,1.0046850075013936,402.04461693763733,0.33,0.4024390243902439,0.49495047477349335
300k,32,200,200,4,300,1.0046850075013936,402.04461693763733,0.18666666666666668,0.6829268292682927,0.6642201663553142
300k,32,200,200,4,500,1.0046850075013936,402.04461693763733,0.14,0.8536585365853658,0.7539810121213312
300k,32,200,200,4,1000,1.0046850075013936,402.04461693763733,0.081,0.9878048780487805,0.8183486269514842
300k,32,200,200,5,10,1.3099779898766428,402.04461693763733,1.0,0.11764705882352941,1.0
300k,32,200,200,5,50,1.3099779898766428,402.04461693763733,0.52,0.3058823529411765,0.636549647229996
300k,32,200,200,5,100,1.3099779898766428,402.04461693763733,0.36,0.4235294117647059,0.526302007956462
300k,32,200,200,5,300,1.3099779898766428,402.04461693763733,0.18666666666666668,0.6588235294117647,0.6763903365775339
300k,32,200,200,5,500,1.3099779898766428,402.04461693763733,0.134,0.788235294117647,0.7448885430616801
300k,32,200,200,5,1000,1.3099779898766428,402.04461693763733,0.079,0.9294117647058824,0.813923468365675
300k,32,200,200,11,10,1.525897008832544,402.04461693763733,0.2,0.06060606060606061,0.22400556151517553
300k,32,200,200,11,50,1.525897008832544,402.04461693763733,0.12,0.18181818181818182,0.18749945268738646
300k,32,200,200,11,100,1.525897008832544,402.04461693763733,0.07,0.21212121212121213,0.20433684598710117
300k,32,200,200,11,300,1.525897008832544,402.04461693763733,0.06666666666666667,0.6060606060606061,0.38842022611929294
300k,32,200,200,11,500,1.525897008832544,402.04461693763733,0.05,0.7575757575757576,0.448224546515446
300k,32,200,200,11,1000,1.525897008832544,402.04461693763733,0.027,0.8181818181818182,0.46992604746334415
300k,32,200,200,12,10,1.7649770015850663,402.04461693763733,0.0,0.0,0.0
300k,32,200,200,12,50,1.7649770015850663,402.04461693763733,0.0,0.0,0.0
300k,32,200,200,12,100,1.7649770015850663,402.04461693763733,0.0,0.0,0.0
300k,32,200,200,12,300,1.7649770015850663,402.04461693763733,0.0033333333333333335,0.07692307692307693,0.02708233507186434
300k,32,200,200,12,500,1.7649770015850663,402.04461693763733,0.002,0.07692307692307693,0.02708233507186434
300k,32,200,200,12,1000,1.7649770015850663,402.04461693763733,0.004,0.3076923076923077,0.08779175748886701
300k,32,200,200,15,10,1.4004830154590309,402.04461693763733,0.0,0.0,0.0
300k,32,200,200,15,50,1.4004830154590309,402.04461693763733,0.0,0.0,0.0
300k,32,200,200,15,100,1.4004830154590309,402.04461693763733,0.0,0.0,0.0
300k,32,200,200,15,300,1.4004830154590309,402.04461693763733,0.013333333333333334,0.10526315789473684,0.048427734393719384
300k,32,200,200,15,500,1.4004830154590309,402.04461693763733,0.02,0.2631578947368421,0.11496942750036732
300k,32,200,200,15,1000,1.4004830154590309,402.04461693763733,0.022,0.5789473684210527,0.23308399962411333
300k,32,200,200,34,10,1.1469479941297323,402.04461693763733,0.0,0.0,0.0
300k,32,200,200,34,50,1.1469479941297323,402.04461693763733,0.0,0.0,0.0
300k,32,200,200,34,100,1.1469479941297323,402.04461693763733,0.03,0.08571428571428572,0.04850385236326618
300k,32,200,200,34,300,1.1469479941297323,402.04461693763733,0.02666666666666667,0.22857142857142856,0.11250278761419814
300k,32,200,200,34,500,1.1469479941297323,402.04461693763733,0.026,0.37142857142857144,0.1696137095170191
300k,32,200,200,34,1000,1.1469479941297323,402.04461693763733,0.025,0.7142857142857143,0.29320899696082253
300k,32,200,200,14,10,1.274749985896051,402.04461693763733,0.0,0.0,0.0
300k,32,200,200,14,50,1.274749985896051,402.04461693763733,0.0,0.0,0.0
300k,32,200,200,14,100,1.274749985896051,402.04461693763733,0.01,0.021739130434782608,0.014192848784677045
300k,32,200,200,14,300,1.274749985896051,402.04461693763733,0.013333333333333334,0.08695652173913043,0.0476227295404277
300k,32,200,200,14,500,1.274749985896051,402.04461693763733,0.02,0.21739130434782608,0.10466321161630132
300k,32,200,200,14,1000,1.274749985896051,402.04461693763733,0.025,0.5434782608695652,0.2334487021851054
300k,32,200,200,27,10,1.063794014044106,402.04461693763733,0.0,0.0,0.0
300k,32,200,200,27,50,1.063794014044106,402.04461693763733,0.0,0.0,0.0
300k,32,200,200,27,100,1.063794014044106,402.04461693763733,0.0,0.0,0.0
300k,32,200,200,27,300,1.063794014044106,402.04461693763733,0.006666666666666667,0.06060606060606061,0.02739138750087688
300k,32,200,200,27,500,1.063794014044106,402.04461693763733,0.012,0.18181818181818182,0.07539533762156142
300k,32,200,200,27,1000,1.063794014044106,402.04461693763733,0.017,0.5151515151515151,0.19314656896960428
300k,32,200,200,66,10,1.0724360181484371,402.04461693763733,0.1,0.01818181818181818,0.06625422345438903
300k,32,200,200,66,50,1.0724360181484371,402.04461693763733,0.02,0.01818181818181818,0.02333976076433925
300k,32,200,200,66,100,1.0724360181484371,402.04461693763733,0.01,0.01818181818181818,0.021866577706041675
300k,32,200,200,66,300,1.0724360181484371,402.04461693763733,0.01,0.05454545454545454,0.04064166986380924
300k,32,200,200,66,500,1.0724360181484371,402.04461693763733,0.018,0.16363636363636364,0.09191952729481913
300k,32,200,200,66,1000,1.0724360181484371,402.04461693763733,0.029,0.5272727272727272,0.2434287528568691
300k,32,200,200,72,10,1.5754140040371567,402.04461693763733,0.0,0.0,0.0
300k,32,200,200,72,50,1.5754140040371567,402.04461693763733,0.02,0.02702702702702703,0.018234411428182194
300k,32,200,200,72,100,1.5754140040371567,402.04461693763733,0.02,0.05405405405405406,0.032595028631870415
300k,32,200,200,72,300,1.5754140040371567,402.04461693763733,0.013333333333333334,0.10810810810810811,0.05631983043115157
300k,32,200,200,72,500,1.5754140040371567,402.04461693763733,0.018,0.24324324324324326,0.11237419454300426
300k,32,200,200,72,1000,1.5754140040371567,402.04461693763733,0.017,0.4594594594594595,0.19257183529719069
300k,32,200,200,99,10,1.2024010065943003,402.04461693763733,0.0,0.0,0.0
300k,32,200,200,99,50,1.2024010065943003,402.04461693763733,0.0,0.0,0.0
300k,32,200,200,99,100,1.2024010065943003,402.04461693763733,0.0,0.0,0.0
300k,32,200,200,99,300,1.2024010065943003,402.04461693763733,0.013333333333333334,0.19047619047619047,0.06992377597090545
300k,32,200,200,99,500,1.2024010065943003,402.04461693763733,0.014,0.3333333333333333,0.11782453231746455
300k,32,200,200,99,1000,1.2024010065943003,402.04461693763733,0.013,0.6190476190476191,0.20500431330660257
300k,32,200,200,101,10,1.1831879965029657,402.04461693763733,0.1,0.023255813953488372,0.22009176629808017
300k,32,200,200,101,50,1.1831879965029657,402.04461693763733,0.08,0.09302325581395349,0.14429839711959375
300k,32,200,200,101,100,1.1831879965029657,402.04461693763733,0.07,0.16279069767441862,0.1852935137287756
300k,32,200,200,101,300,1.1831879965029657,402.04461693763733,0.06,0.4186046511627907,0.31157522424444445
300k,32,200,200,101,500,1.1831879965029657,402.04461693763733,0.054,0.627906976744186,0.4009003328094406
300k,32,200,200,101,1000,1.1831879965029657,402.04461693763733,0.041,0.9534883720930233,0.5283159415902584
300k,32,200,200,56,10,1.3260550040286034,402.04461693763733,0.0,0.0,0.0
300k,32,200,200,56,50,1.3260550040286034,402.04461693763733,0.0,0.0,0.0
300k,32,200,200,56,100,1.3260550040286034,402.04461693763733,0.02,0.0392156862745098,0.02586278489915839
300k,32,200,200,56,300,1.3260550040286034,402.04461693763733,0.03333333333333333,0.19607843137254902,0.10670774799375696
300k,32,200,200,56,500,1.3260550040286034,402.04461693763733,0.042,0.4117647058823529,0.20361390150906586
300k,32,200,200,56,1000,1.3260550040286034,402.04461693763733,0.033,0.6470588235294118,0.29948474444426265
300k,32,200,200,82,10,0.9930589876603335,402.04461693763733,0.1,0.016129032258064516,0.07839826897867533
300k,32,200,200,82,50,0.9930589876603335,402.04461693763733,0.04,0.03225806451612903,0.04857019105727315
300k,32,200,200,82,100,0.9930589876603335,402.04461693763733,0.03,0.04838709677419355,0.0527725616175262
300k,32,200,200,82,300,0.9930589876603335,402.04461693763733,0.03666666666666667,0.1774193548387097,0.12248260915882667
300k,32,200,200,82,500,0.9930589876603335,402.04461693763733,0.042,0.3387096774193548,0.19969040557131765
300k,32,200,200,82,1000,0.9930589876603335,402.04461693763733,0.047,0.7580645161290323,0.3823188623278678
300k,32,200,200,91,10,1.2310899910517037,402.04461693763733,0.0,0.0,0.0
300k,32,200,200,91,50,1.2310899910517037,402.04461693763733,0.0,0.0,0.0
300k,32,200,200,91,100,1.2310899910517037,402.04461693763733,0.0,0.0,0.0
300k,32,200,200,91,300,1.2310899910517037,402.04461693763733,0.01,0.046875,0.024276966109286972
300k,32,200,200,91,500,1.2310899910517037,402.04461693763733,0.012,0.09375,0.04682591907630497
300k,32,200,200,91,1000,1.2310899910517037,402.04461693763733,0.022,0.34375,0.15755991033538486
300k,32,200,200,92,10,1.1197679850738496,402.04461693763733,0.0,0.0,0.0
300k,32,200,200,92,50,1.1197679850738496,402.04461693763733,0.0,0.0,0.0
300k,32,200,200,92,100,1.1197679850738496,402.04461693763733,0.0,0.0,0.0
300k,32,200,200,92,300,1.1197679850738496,402.04461693763733,0.0,0.0,0.0
300k,32,200,200,92,500,1.1197679850738496,402.04461693763733,0.012,0.09523809523809523,0.046563473077230334
300k,32,200,200,92,1000,1.1197679850738496,402.04461693763733,0.023,0.36507936507936506,0.16335948728553248
300k,32,200,500,1,10,3.939829010050744,402.04461693763733,1.0,0.136986301369863,1.0
300k,32,200,500,1,50,3.939829010050744,402.04461693763733,0.48,0.3287671232876712,0.6034034910938353
300k,32,200,500,1,100,3.939829010050744,402.04461693763733,0.28,0.3835616438356164,0.5029625402412407
300k,32,200,500,1,300,3.939829010050744,402.04461693763733,0.14333333333333334,0.589041095890411,0.6211483723650806
300k,32,200,500,1,500,3.939829010050744,402.04461693763733,0.094,0.6438356164383562,0.6490893780081101
300k,32,200,500,1,1000,3.939829010050744,402.04461693763733,0.059,0.8082191780821918,0.7261073772545092
300k,32,200,500,2,10,2.4536509881727397,402.04461693763733,0.5,0.07692307692307693,0.5517854393872873
300k,32,200,500,2,50,2.4536509881727397,402.04461693763733,0.34,0.26153846153846155,0.39785328869028586
300k,32,200,500,2,100,2.4536509881727397,402.04461693763733,0.21,0.3230769230769231,0.37444292524379125
300k,32,200,500,2,300,2.4536509881727397,402.04461693763733,0.11,0.5076923076923077,0.48098981217474335
300k,32,200,500,2,500,2.4536509881727397,402.04461693763733,0.08,0.6153846153846154,0.5341853812512563
300k,32,200,500,2,1000,2.4536509881727397,402.04461693763733,0.046,0.7076923076923077,0.5751149642330405
300k,32,200,500,3,10,3.0375659989658743,402.04461693763733,0.2,0.2857142857142857,0.16945984979943973
300k,32,200,500,3,50,3.0375659989658743,402.04461693763733,0.12,0.8571428571428571,0.4306905418177963
300k,32,200,500,3,100,3.0375659989658743,402.04461693763733,0.07,1.0,0.471974351084949
300k,32,200,500,3,300,3.0375659989658743,402.04461693763733,0.023333333333333334,1.0,0.471974351084949
300k,32,200,500,3,500,3.0375659989658743,402.04461693763733,0.014,1.0,0.471974351084949
300k,32,200,500,3,1000,3.0375659989658743,402.04461693763733,0.007,1.0,0.471974351084949
300k,32,200,500,4,10,1.5666669933125377,402.04461693763733,0.9,0.10975609756097561,0.9052116356304493
300k,32,200,500,4,50,1.5666669933125377,402.04461693763733,0.52,0.3170731707317073,0.6126561146626635
300k,32,200,500,4,100,1.5666669933125377,402.04461693763733,0.33,0.4024390243902439,0.49495047477349335
300k,32,200,500,4,300,1.5666669933125377,402.04461693763733,0.18666666666666668,0.6829268292682927,0.6640292200667155
300k,32,200,500,4,500,1.5666669933125377,402.04461693763733,0.138,0.8414634146341463,0.74750388468019
300k,32,200,500,4,1000,1.5666669933125377,402.04461693763733,0.081,0.9878048780487805,0.8177544561878868
300k,32,200,500,5,10,2.4520409933757037,402.04461693763733,1.0,0.11764705882352941,1.0
300k,32,200,500,5,50,2.4520409933757037,402.04461693763733,0.52,0.3058823529411765,0.636549647229996
300k,32,200,500,5,100,2.4520409933757037,402.04461693763733,0.36,0.4235294117647059,0.526302007956462
300k,32,200,500,5,300,2.4520409933757037,402.04461693763733,0.18666666666666668,0.6588235294117647,0.6763903365775339
300k,32,200,500,5,500,2.4520409933757037,402.04461693763733,0.132,0.7764705882352941,0.7388847372371163
300k,32,200,500,5,1000,2.4520409933757037,402.04461693763733,0.079,0.9294117647058824,0.8135463921537205
300k,32,200,500,11,10,2.8947430255357176,402.04461693763733,0.2,0.06060606060606061,0.22400556151517553
300k,32,200,500,11,50,2.8947430255357176,402.04461693763733,0.12,0.18181818181818182,0.18749945268738646
300k,32,200,500,11,100,2.8947430255357176,402.04461693763733,0.07,0.21212121212121213,0.20433684598710117
300k,32,200,500,11,300,2.8947430255357176,402.04461693763733,0.06666666666666667,0.6060606060606061,0.38836687290474753
300k,32,200,500,11,500,2.8947430255357176,402.04461693763733,0.052,0.7878787878787878,0.45966208277191717
300k,32,200,500,11,1000,2.8947430255357176,402.04461693763733,0.028,0.8484848484848485,0.48108371013715434
300k,32,200,500,12,10,3.0877070093993098,402.04461693763733,0.0,0.0,0.0
300k,32,200,500,12,50,3.0877070093993098,402.04461693763733,0.0,0.0,0.0
300k,32,200,500,12,100,3.0877070093993098,402.04461693763733,0.0,0.0,0.0
300k,32,200,500,12,300,3.0877070093993098,402.04461693763733,0.0033333333333333335,0.07692307692307693,0.02708233507186434
300k,32,200,500,12,500,3.0877070093993098,402.04461693763733,0.002,0.07692307692307693,0.02708233507186434
300k,32,200,500,12,1000,3.0877070093993098,402.04461693763733,0.004,0.3076923076923077,0.08711156796956439
300k,32,200,500,15,10,2.1946150227449834,402.04461693763733,0.0,0.0,0.0
300k,32,200,500,15,50,2.1946150227449834,402.04461693763733,0.0,0.0,0.0
300k,32,200,500,15,100,2.1946150227449834,402.04461693763733,0.0,0.0,0.0
300k,32,200,500,15,300,2.1946150227449834,402.04461693763733,0.013333333333333334,0.10526315789473684,0.048427734393719384
300k,32,200,500,15,500,2.1946150227449834,402.04461693763733,0.02,0.2631578947368421,0.11494996246697034
300k,32,200,500,15,1000,2.1946150227449834,402.04461693763733,0.022,0.5789473684210527,0.23265477591262937
300k,32,200,500,34,10,1.7905299901030958,402.04461693763733,0.0,0.0,0.0
300k,32,200,500,34,50,1.7905299901030958,402.04461693763733,0.0,0.0,0.0
300k,32,200,500,34,100,1.7905299901030958,402.04461693763733,0.03,0.08571428571428572,0.04850385236326618
300k,32,200,500,34,300,1.7905299901030958,402.04461693763733,0.02666666666666667,0.22857142857142856,0.11250278761419814
300k,32,200,500,34,500,1.7905299901030958,402.04461693763733,0.022,0.3142857142857143,0.1475960493551097
300k,32,200,500,34,1000,1.7905299901030958,402.04461693763733,0.024,0.6857142857142857,0.2823818307802858
300k,32,200,500,14,10,2.097516000503674,402.04461693763733,0.0,0.0,0.0
300k,32,200,500,14,50,2.097516000503674,402.04461693763733,0.0,0.0,0.0
300k,32,200,500,14,100,2.097516000503674,402.04461693763733,0.01,0.021739130434782608,0.014192848784677045
300k,32,200,500,14,300,2.097516000503674,402.04461693763733,0.016666666666666666,0.10869565217391304,0.058018460538291655
300k,32,200,500,14,500,2.097516000503674,402.04461693763733,0.022,0.2391304347826087,0.1157355528026927
300k,32,200,500,14,1000,2.097516000503674,402.04461693763733,0.024,0.5217391304347826,0.22793797661644158
300k,32,200,500,27,10,1.9302220025565475,402.04461693763733,0.0,0.0,0.0
300k,32,200,500,27,50,1.9302220025565475,402.04461693763733,0.0,0.0,0.0
300k,32,200,500,27,100,1.9302220025565475,402.04461693763733,0.0,0.0,0.0
300k,32,200,500,27,300,1.9302220025565475,402.04461693763733,0.006666666666666667,0.06060606060606061,0.02739138750087688
300k,32,200,500,27,500,1.9302220025565475,402.04461693763733,0.012,0.18181818181818182,0.07528520288392367
300k,32,200,500,27,1000,1.9302220025565475,402.04461693763733,0.015,0.45454545454545453,0.17167710942690062
300k,32,200,500,66,10,2.0108580065425485,402.04461693763733,0.1,0.01818181818181818,0.06625422345438903
300k,32,200,500,66,50,2.0108580065425485,402.04461693763733,0.02,0.01818181818181818,0.02333976076433925
300k,32,200,500,66,100,2.0108580065425485,402.04461693763733,0.01,0.01818181818181818,0.021866577706041675
300k,32,200,500,66,300,2.0108580065425485,402.04461693763733,0.01,0.05454545454545454,0.04064166986380924
300k,32,200,500,66,500,2.0108580065425485,402.04461693763733,0.018,0.16363636363636364,0.0919063950083371
300k,32,200,500,66,1000,2.0108580065425485,402.04461693763733,0.033,0.6,0.2727092563726429
300k,32,200,500,72,10,2.9159339901525527,402.04461693763733,0.0,0.0,0.0
300k,32,200,500,72,50,2.9159339901525527,402.04461693763733,0.02,0.02702702702702703,0.018234411428182194
300k,32,200,500,72,100,2.9159339901525527,402.04461693763733,0.02,0.05405405405405406,0.032595028631870415
300k,32,200,500,72,300,2.9159339901525527,402.04461693763733,0.013333333333333334,0.10810810810810811,0.05623979487518272
300k,32,200,500,72,500,2.9159339901525527,402.04461693763733,0.016,0.21621621621621623,0.10146348704053813
300k,32,200,500,72,1000,2.9159339901525527,402.04461693763733,0.018,0.4864864864864865,0.20042203744054013
300k,32,200,500,99,10,2.320386003702879,402.04461693763733,0.0,0.0,0.0
300k,32,200,500,99,50,2.320386003702879,402.04461693763733,0.0,0.0,0.0
300k,32,200,500,99,100,2.320386003702879,402.04461693763733,0.0,0.0,0.0
300k,32,200,500,99,300,2.320386003702879,402.04461693763733,0.013333333333333334,0.19047619047619047,0.0697138896031332
300k,32,200,500,99,500,2.320386003702879,402.04461693763733,0.012,0.2857142857142857,0.10199049354077772
300k,32,200,500,99,1000,2.320386003702879,402.04461693763733,0.012,0.5714285714285714,0.1896092921923901
300k,32,200,500,101,10,2.2154739999677986,402.04461693763733,0.1,0.023255813953488372,0.22009176629808017
300k,32,200,500,101,50,2.2154739999677986,402.04461693763733,0.08,0.09302325581395349,0.14429839711959375
300k,32,200,500,101,100,2.2154739999677986,402.04461693763733,0.07,0.16279069767441862,0.1852935137287756
300k,32,200,500,101,300,2.2154739999677986,402.04461693763733,0.06,0.4186046511627907,0.31157522424444445
300k,32,200,500,101,500,2.2154739999677986,402.04461693763733,0.056,0.6511627906976745,0.41082285592863765
300k,32,200,500,101,1000,2.2154739999677986,402.04461693763733,0.041,0.9534883720930233,0.5285132926002254
300k,32,200,500,56,10,2.5426129868719727,402.04461693763733,0.0,0.0,0.0
300k,32,200,500,56,50,2.5426129868719727,402.04461693763733,0.0,0.0,0.0
300k,32,200,500,56,100,2.5426129868719727,402.04461693763733,0.02,0.0392156862745098,0.02586278489915839
300k,32,200,500,56,300,2.5426129868719727,402.04461693763733,0.03333333333333333,0.19607843137254902,0.10670774799375696
300k,32,200,500,56,500,2.5426129868719727,402.04461693763733,0.04,0.39215686274509803,0.19486289650586014
300k,32,200,500,56,1000,2.5426129868719727,402.04461693763733,0.036,0.7058823529411765,0.3222449597644189
300k,32,200,500,82,10,1.70991598861292,402.04461693763733,0.1,0.016129032258064516,0.07839826897867533
300k,32,200,500,82,50,1.70991598861292,402.04461693763733,0.04,0.03225806451612903,0.04857019105727315
300k,32,200,500,82,100,1.70991598861292,402.04461693763733,0.03,0.04838709677419355,0.0527725616175262
300k,32,200,500,82,300,1.70991598861292,402.04461693763733,0.03666666666666667,0.1774193548387097,0.12248260915882667
300k,32,200,500,82,500,1.70991598861292,402.04461693763733,0.042,0.3387096774193548,0.1996799810713687
300k,32,200,500,82,1000,1.70991598861292,402.04461693763733,0.049,0.7903225806451613,0.396211945361523
300k,32,200,500,91,10,2.056481986073777,402.04461693763733,0.0,0.0,0.0
300k,32,200,500,91,50,2.056481986073777,402.04461693763733,0.0,0.0,0.0
300k,32,200,500,91,100,2.056481986073777,402.04461693763733,0.0,0.0,0.0
300k,32,200,500,91,300,2.056481986073777,402.04461693763733,0.01,0.046875,0.024235335153274525
300k,32,200,500,91,500,2.056481986073777,402.04461693763733,0.012,0.09375,0.046712725726224605
300k,32,200,500,91,1000,2.056481986073777,402.04461693763733,0.024,0.375,0.16988395306378734
300k,32,200,500,92,10,1.6584549739491194,402.04461693763733,0.0,0.0,0.0
300k,32,200,500,92,50,1.6584549739491194,402.04461693763733,0.0,0.0,0.0
300k,32,200,500,92,100,1.6584549739491194,402.04461693763733,0.0,0.0,0.0
300k,32,200,500,92,300,1.6584549739491194,402.04461693763733,0.0,0.0,0.0
300k,32,200,500,92,500,1.6584549739491194,402.04461693763733,0.012,0.09523809523809523,0.04652920801115671
300k,32,200,500,92,1000,1.6584549739491194,402.04461693763733,0.022,0.3492063492063492,0.1562611751885606
300k,32,200,1000,1,10,6.048220006050542,402.04461693763733,1.0,0.136986301369863,1.0
300k,32,200,1000,1,50,6.048220006050542,402.04461693763733,0.48,0.3287671232876712,0.6034034910938353
300k,32,200,1000,1,100,6.048220006050542,402.04461693763733,0.28,0.3835616438356164,0.5029625402412407
300k,32,200,1000,1,300,6.048220006050542,402.04461693763733,0.14333333333333334,0.589041095890411,0.6211483723650806
300k,32,200,1000,1,500,6.048220006050542,402.04461693763733,0.094,0.6438356164383562,0.6490705628436566
300k,32,200,1000,1,1000,6.048220006050542,402.04461693763733,0.059,0.8082191780821918,0.7258306746039317
300k,32,200,1000,2,10,4.054638993693516,402.04461693763733,0.5,0.07692307692307693,0.5517854393872873
300k,32,200,1000,2,50,4.054638993693516,402.04461693763733,0.34,0.26153846153846155,0.39785328869028586
300k,32,200,1000,2,100,4.054638993693516,402.04461693763733,0.21,0.3230769230769231,0.37444292524379125
300k,32,200,1000,2,300,4.054638993693516,402.04461693763733,0.11,0.5076923076923077,0.48098981217474335
300k,32,200,1000,2,500,4.054638993693516,402.04461693763733,0.08,0.6153846153846154,0.5341853812512563
300k,32,200,1000,2,1000,4.054638993693516,402.04461693763733,0.047,0.7230769230769231,0.5816073717952939
300k,32,200,1000,3,10,5.095083004562184,402.04461693763733,0.2,0.2857142857142857,0.16945984979943973
300k,32,200,1000,3,50,5.095083004562184,402.04461693763733,0.12,0.8571428571428571,0.4306905418177963
300k,32,200,1000,3,100,5.095083004562184,402.04461693763733,0.07,1.0,0.471974351084949
300k,32,200,1000,3,300,5.095083004562184,402.04461693763733,0.023333333333333334,1.0,0.471974351084949
300k,32,200,1000,3,500,5.095083004562184,402.04461693763733,0.014,1.0,0.471974351084949
300k,32,200,1000,3,1000,5.095083004562184,402.04461693763733,0.007,1.0,0.471974351084949
300k,32,200,1000,4,10,2.7090289804618806,402.04461693763733,0.9,0.10975609756097561,0.9052116356304493
300k,32,200,1000,4,50,2.7090289804618806,402.04461693763733,0.52,0.3170731707317073,0.6126561146626635
300k,32,200,1000,4,100,2.7090289804618806,402.04461693763733,0.33,0.4024390243902439,0.49495047477349335
300k,32,200,1000,4,300,2.7090289804618806,402.04461693763733,0.18666666666666668,0.6829268292682927,0.6640292200667155
300k,32,200,1000,4,500,2.7090289804618806,402.04461693763733,0.138,0.8414634146341463,0.74750388468019
300k,32,200,1000,4,1000,2.7090289804618806,402.04461693763733,0.081,0.9878048780487805,0.8177460147817498
300k,32,200,1000,5,10,4.081782011780888,402.04461693763733,1.0,0.11764705882352941,1.0
300k,32,200,1000,5,50,4.081782011780888,402.04461693763733,0.52,0.3058823529411765,0.636549647229996
300k,32,200,1000,5,100,4.081782011780888,402.04461693763733,0.36,0.4235294117647059,0.526302007956462
300k,32,200,1000,5,300,4.081782011780888,402.04461693763733,0.18666666666666668,0.6588235294117647,0.6763903365775339
300k,32,200,1000,5,500,4.081782011780888,402.04461693763733,0.134,0.788235294117647,0.7452732891764089
300k,32,200,1000,5,1000,4.081782011780888,402.04461693763733,0.079,0.9294117647058824,0.814482925204452
300k,32,200,1000,11,10,4.959458980010822,402.04461693763733,0.2,0.06060606060606061,0.22400556151517553
300k,32,200,1000,11,50,4.959458980010822,402.04461693763733,0.12,0.18181818181818182,0.18749945268738646
300k,32,200,1000,11,100,4.959458980010822,402.04461693763733,0.07,0.21212121212121213,0.20433684598710117
300k,32,200,1000,11,300,4.959458980010822,402.04461693763733,0.06666666666666667,0.6060606060606061,0.38836687290474753
300k,32,200,1000,11,500,4.959458980010822,402.04461693763733,0.052,0.7878787878787878,0.45966208277191717
300k,32,200,1000,11,1000,4.959458980010822,402.04461693763733,0.028,0.8484848484848485,0.48105893008788053
300k,32,200,1000,12,10,5.17543702153489,402.04461693763733,0.0,0.0,0.0
300k,32,200,1000,12,50,5.17543702153489,402.04461693763733,0.0,0.0,0.0
300k,32,200,1000,12,100,5.17543702153489,402.04461693763733,0.0,0.0,0.0
300k,32,200,1000,12,300,5.17543702153489,402.04461693763733,0.0033333333333333335,0.07692307692307693,0.02708233507186434
300k,32,200,1000,12,500,5.17543702153489,402.04461693763733,0.002,0.07692307692307693,0.02708233507186434
300k,32,200,1000,12,1000,5.17543702153489,402.04461693763733,0.005,0.38461538461538464,0.10715296715080681
300k,32,200,1000,15,10,3.0813680205028504,402.04461693763733,0.0,0.0,0.0
300k,32,200,1000,15,50,3.0813680205028504,402.04461693763733,0.0,0.0,0.0
300k,32,200,1000,15,100,3.0813680205028504,402.04461693763733,0.0,0.0,0.0
300k,32,200,1000,15,300,3.0813680205028504,402.04461693763733,0.013333333333333334,0.10526315789473684,0.048427734393719384
300k,32,200,1000,15,500,3.0813680205028504,402.04461693763733,0.02,0.2631578947368421,0.11494996246697034
300k,32,200,1000,15,1000,3.0813680205028504,402.04461693763733,0.022,0.5789473684210527,0.23263730075240768
300k,32,200,1000,34,10,2.612281998153776,402.04461693763733,0.0,0.0,0.0
300k,32,200,1000,34,50,2.612281998153776,402.04461693763733,0.0,0.0,0.0
300k,32,200,1000,34,100,2.612281998153776,402.04461693763733,0.03,0.08571428571428572,0.04850385236326618
300k,32,200,1000,34,300,2.612281998153776,402.04461693763733,0.02666666666666667,0.22857142857142856,0.11250278761419814
300k,32,200,1000,34,500,2.612281998153776,402.04461693763733,0.022,0.3142857142857143,0.1475960493551097
300k,32,200,1000,34,1000,2.612281998153776,402.04461693763733,0.024,0.6857142857142857,0.2823818307802858
300k,32,200,1000,14,10,3.3357480133417994,402.04461693763733,0.0,0.0,0.0
300k,32,200,1000,14,50,3.3357480133417994,402.04461693763733,0.0,0.0,0.0
300k,32,200,1000,14,100,3.3357480133417994,402.04461693763733,0.01,0.021739130434782608,0.014192848784677045
300k,32,200,1000,14,300,3.3357480133417994,402.04461693763733,0.016666666666666666,0.10869565217391304,0.058018460538291655
300k,32,200,1000,14,500,3.3357480133417994,402.04461693763733,0.022,0.2391304347826087,0.1157355528026927
300k,32,200,1000,14,1000,3.3357480133417994,402.04461693763733,0.024,0.5217391304347826,0.22788227098557137
300k,32,200,1000,27,10,3.347877995111048,402.04461693763733,0.0,0.0,0.0
300k,32,200,1000,27,50,3.347877995111048,402.04461693763733,0.0,0.0,0.0
300k,32,200,1000,27,100,3.347877995111048,402.04461693763733,0.0,0.0,0.0
300k,32,200,1000,27,300,3.347877995111048,402.04461693763733,0.006666666666666667,0.06060606060606061,0.02739138750087688
300k,32,200,1000,27,500,3.347877995111048,402.04461693763733,0.012,0.18181818181818182,0.07528520288392367
300k,32,200,1000,27,1000,3.347877995111048,402.04461693763733,0.015,0.45454545454545453,0.17180602010289298
300k,32,200,1000,66,10,4.008928983239457,402.04461693763733,0.1,0.01818181818181818,0.06625422345438903
300k,32,200,1000,66,50,4.008928983239457,402.04461693763733,0.02,0.01818181818181818,0.02333976076433925
300k,32,200,1000,66,100,4.008928983239457,402.04461693763733,0.01,0.01818181818181818,0.021866577706041675
300k,32,200,1000,66,300,4.008928983239457,402.04461693763733,0.01,0.05454545454545454,0.04064166986380924
300k,32,200,1000,66,500,4.008928983239457,402.04461693763733,0.018,0.16363636363636364,0.0919063950083371
300k,32,200,1000,66,1000,4.008928983239457,402.04461693763733,0.034,0.6181818181818182,0.28022177195813885
300k,32,200,1000,72,10,5.127330019604415,402.04461693763733,0.0,0.0,0.0
300k,32,200,1000,72,50,5.127330019604415,402.04461693763733,0.02,0.02702702702702703,0.018234411428182194
300k,32,200,1000,72,100,5.127330019604415,402.04461693763733,0.02,0.05405405405405406,0.032595028631870415
300k,32,200,1000,72,300,5.127330019604415,402.04461693763733,0.013333333333333334,0.10810810810810811,0.05623979487518272
300k,32,200,1000,72,500,5.127330019604415,402.04461693763733,0.016,0.21621621621621623,0.10143243138145355
300k,32,200,1000,72,1000,5.127330019604415,402.04461693763733,0.017,0.4594594594594595,0.1902675804250436
300k,32,200,1000,99,10,3.701370005728677,402.04461693763733,0.0,0.0,0.0
300k,32,200,1000,99,50,3.701370005728677,402.04461693763733,0.0,0.0,0.0
300k,32,200,1000,99,100,3.701370005728677,402.04461693763733,0.0,0.0,0.0
300k,32,200,1000,99,300,3.701370005728677,402.04461693763733,0.013333333333333334,0.19047619047619047,0.0697138896031332
300k,32,200,1000,99,500,3.701370005728677,402.04461693763733,0.012,0.2857142857142857,0.10199049354077772
300k,32,200,1000,99,1000,3.701370005728677,402.04461693763733,0.012,0.5714285714285714,0.18951828711170085
300k,32,200,1000,101,10,3.85520001873374,402.04461693763733,0.1,0.023255813953488372,0.22009176629808017
300k,32,200,1000,101,50,3.85520001873374,402.04461693763733,0.08,0.09302325581395349,0.14429839711959375
300k,32,200,1000,101,100,3.85520001873374,402.04461693763733,0.07,0.16279069767441862,0.1852935137287756
300k,32,200,1000,101,300,3.85520001873374,402.04461693763733,0.06,0.4186046511627907,0.31157522424444445
300k,32,200,1000,101,500,3.85520001873374,402.04461693763733,0.056,0.6511627906976745,0.41082285592863765
300k,32,200,1000,101,1000,3.85520001873374,402.04461693763733,0.041,0.9534883720930233,0.528430564337242
300k,32,200,1000,56,10,4.869327996857464,402.04461693763733,0.0,0.0,0.0
300k,32,200,1000,56,50,4.869327996857464,402.04461693763733,0.0,0.0,0.0
300k,32,200,1000,56,100,4.869327996857464,402.04461693763733,0.02,0.0392156862745098,0.02586278489915839
300k,32,200,1000,56,300,4.869327996857464,402.04461693763733,0.03333333333333333,0.19607843137254902,0.10670774799375696
300k,32,200,1000,56,500,4.869327996857464,402.04461693763733,0.04,0.39215686274509803,0.1948573686309441
300k,32,200,1000,56,1000,4.869327996857464,402.04461693763733,0.033,0.6470588235294118,0.2989744935194059
300k,32,200,1000,82,10,3.038235998246819,402.04461693763733,0.1,0.016129032258064516,0.07839826897867533
300k,32,200,1000,82,50,3.038235998246819,402.04461693763733,0.04,0.03225806451612903,0.04857019105727315
300k,32,200,1000,82,100,3.038235998246819,402.04461693763733,0.03,0.04838709677419355,0.0527725616175262
300k,32,200,1000,82,300,3.038235998246819,402.04461693763733,0.03666666666666667,0.1774193548387097,0.12248260915882667
300k,32,200,1000,82,500,3.038235998246819,402.04461693763733,0.042,0.3387096774193548,0.19966958596123777
300k,32,200,1000,82,1000,3.038235998246819,402.04461693763733,0.049,0.7903225806451613,0.396148579148263
300k,32,200,1000,91,10,3.0239000043366104,402.04461693763733,0.0,0.0,0.0
300k,32,200,1000,91,50,3.0239000043366104,402.04461693763733,0.0,0.0,0.0
300k,32,200,1000,91,100,3.0239000043366104,402.04461693763733,0.0,0.0,0.0
300k,32,200,1000,91,300,3.0239000043366104,402.04461693763733,0.01,0.046875,0.024235335153274525
300k,32,200,1000,91,500,3.0239000043366104,402.04461693763733,0.012,0.09375,0.046712725726224605
300k,32,200,1000,91,1000,3.0239000043366104,402.04461693763733,0.024,0.375,0.1698427351022115
300k,32,200,1000,92,10,2.377402997808531,402.04461693763733,0.0,0.0,0.0
300k,32,200,1000,92,50,2.377402997808531,402.04461693763733,0.0,0.0,0.0
300k,32,200,1000,92,100,2.377402997808531,402.04461693763733,0.0,0.0,0.0
300k,32,200,1000,92,300,2.377402997808531,402.04461693763733,0.0,0.0,0.0
300k,32,200,1000,92,500,2.377402997808531,402.04461693763733,0.012,0.09523809523809523,0.04652920801115671
300k,32,200,1000,92,1000,2.377402997808531,402.04461693763733,0.022,0.3492063492063492,0.15620409672057226
400k,16,40,10,1,10,0.5015060014557093,88.83496832847595,0.4,0.0547945205479452,0.5352543167750639
400k,16,40,10,1,50,0.5015060014557093,88.83496832847595,0.18,0.1232876712328767,0.2728565076758305
400k,16,40,10,1,100,0.5015060014557093,88.83496832847595,0.09,0.1232876712328767,0.21006079097861352
400k,16,40,10,1,300,0.5015060014557093,88.83496832847595,0.03333333333333333,0.136986301369863,0.21808935827000098
400k,16,40,10,1,500,0.5015060014557093,88.83496832847595,0.02,0.136986301369863,0.21808935827000098
400k,16,40,10,1,1000,0.5015060014557093,88.83496832847595,0.01,0.136986301369863,0.21808935827000098
400k,16,40,10,2,10,0.21259402274154127,88.83496832847595,0.4,0.06153846153846154,0.3683756341388872
400k,16,40,10,2,50,0.21259402274154127,88.83496832847595,0.22,0.16923076923076924,0.26113709612963937
400k,16,40,10,2,100,0.21259402274154127,88.83496832847595,0.16,0.24615384615384617,0.27261976563844237
400k,16,40,10,2,300,0.21259402274154127,88.83496832847595,0.056666666666666664,0.26153846153846155,0.28154982126806916
400k,16,40,10,2,500,0.21259402274154127,88.83496832847595,0.034,0.26153846153846155,0.28154982126806916
400k,16,40,10,2,1000,0.21259402274154127,88.83496832847595,0.017,0.26153846153846155,0.28154982126806916
400k,16,40,10,3,10,0.18976401770487428,88.83496832847595,0.1,0.14285714285714285,0.08274602130532002
400k,16,40,10,3,50,0.18976401770487428,88.83496832847595,0.06,0.42857142857142855,0.21600325774695958
400k,16,40,10,3,100,0.18976401770487428,88.83496832847595,0.04,0.5714285714285714,0.2618159798993414
400k,16,40,10,3,300,0.18976401770487428,88.83496832847595,0.013333333333333334,0.5714285714285714,0.2618159798993414
400k,16,40,10,3,500,0.18976401770487428,88.83496832847595,0.008,0.5714285714285714,0.2618159798993414
400k,16,40,10,3,1000,0.18976401770487428,88.83496832847595,0.004,0.5714285714285714,0.2618159798993414
400k,16,40,10,4,10,0.20792399300262332,88.83496832847595,1.0,0.12195121951219512,1.0
400k,16,40,10,4,50,0.20792399300262332,88.83496832847595,0.42,0.25609756097560976,0.5412044371693578
400k,16,40,10,4,100,0.20792399300262332,88.83496832847595,0.32,0.3902439024390244,0.47975145205202957
400k,16,40,10,4,300,0.20792399300262332,88.83496832847595,0.12,0.43902439024390244,0.51063900915232
400k,16,40,10,4,500,0.20792399300262332,88.83496832847595,0.072,0.43902439024390244,0.51063900915232
400k,16,40,10,4,1000,0.20792399300262332,88.83496832847595,0.036,0.43902439024390244,0.51063900915232
400k,16,40,10,5,10,0.1795779971871525,88.83496832847595,1.0,0.11764705882352941,1.0
400k,16,40,10,5,50,0.1795779971871525,88.83496832847595,0.44,0.25882352941176473,0.5707482542893786
400k,16,40,10,5,100,0.1795779971871525,88.83496832847595,0.25,0.29411764705882354,0.42071137201648184
400k,16,40,10,5,300,0.1795779971871525,88.83496832847595,0.09333333333333334,0.32941176470588235,0.44409361737643555
400k,16,40,10,5,500,0.1795779971871525,88.83496832847595,0.056,0.32941176470588235,0.44409361737643555
400k,16,40,10,5,1000,0.1795779971871525,88.83496832847595,0.028,0.32941176470588235,0.44409361737643555
400k,16,40,10,11,10,0.21437200484797359,88.83496832847595,0.2,0.06060606060606061,0.22400556151517553
400k,16,40,10,11,50,0.21437200484797359,88.83496832847595,0.1,0.15151515151515152,0.1732040005731604
400k,16,40,10,11,100,0.21437200484797359,88.83496832847595,0.09,0.2727272727272727,0.24235445159152405
400k,16,40,10,11,300,0.21437200484797359,88.83496832847595,0.03,0.2727272727272727,0.24235445159152405
400k,16,40,10,11,500,0.21437200484797359,88.83496832847595,0.018,0.2727272727272727,0.24235445159152405
400k,16,40,10,11,1000,0.21437200484797359,88.83496832847595,0.009,0.2727272727272727,0.24235445159152405
400k,16,40,10,12,10,0.19237800734117627,88.83496832847595,0.0,0.0,0.0
400k,16,40,10,12,50,0.19237800734117627,88.83496832847595,0.02,0.07692307692307693,0.03441184191455828
400k,16,40,10,12,100,0.19237800734117627,88.83496832847595,0.01,0.07692307692307693,0.03441184191455828
400k,16,40,10,12,300,0.19237800734117627,88.83496832847595,0.0033333333333333335,0.07692307692307693,0.03441184191455828
400k,16,40,10,12,500,0.19237800734117627,88.83496832847595,0.002,0.07692307692307693,0.03441184191455828
400k,16,40,10,12,1000,0.19237800734117627,88.83496832847595,0.001,0.07692307692307693,0.03441184191455828
400k,16,40,10,15,10,0.1996189821511507,88.83496832847595,0.0,0.0,0.0
400k,16,40,10,15,50,0.1996189821511507,88.83496832847595,0.0,0.0,0.0
400k,16,40,10,15,100,0.1996189821511507,88.83496832847595,0.0,0.0,0.0
400k,16,40,10,15,300,0.1996189821511507,88.83496832847595,0.01,0.07894736842105263,0.03947213549488051
400k,16,40,10,15,500,0.1996189821511507,88.83496832847595,0.006,0.07894736842105263,0.03947213549488051
400k,16,40,10,15,1000,0.1996189821511507,88.83496832847595,0.003,0.07894736842105263,0.03947213549488051
400k,16,40,10,34,10,0.16915000742301345,88.83496832847595,0.0,0.0,0.0
400k,16,40,10,34,50,0.16915000742301345,88.83496832847595,0.0,0.0,0.0
400k,16,40,10,34,100,0.16915000742301345,88.83496832847595,0.01,0.02857142857142857,0.01522190190727328
400k,16,40,10,34,300,0.16915000742301345,88.83496832847595,0.013333333333333334,0.11428571428571428,0.05730902723837201
400k,16,40,10,34,500,0.16915000742301345,88.83496832847595,0.008,0.11428571428571428,0.05730902723837201
400k,16,40,10,34,1000,0.16915000742301345,88.83496832847595,0.004,0.11428571428571428,0.05730902723837201
400k,16,40,10,14,10,0.17072900664061308,88.83496832847595,0.0,0.0,0.0
400k,16,40,10,14,50,0.17072900664061308,88.83496832847595,0.0,0.0,0.0
400k,16,40,10,14,100,0.17072900664061308,88.83496832847595,0.01,0.021739130434782608,0.013054687882604955
400k,16,40,10,14,300,0.17072900664061308,88.83496832847595,0.01,0.06521739130434782,0.03677384213910371
400k,16,40,10,14,500,0.17072900664061308,88.83496832847595,0.006,0.06521739130434782,0.03677384213910371
400k,16,40,10,14,1000,0.17072900664061308,88.83496832847595,0.003,0.06521739130434782,0.03677384213910371
400k,16,40,10,27,10,0.1899639901239425,88.83496832847595,0.0,0.0,0.0
400k,16,40,10,27,50,0.1899639901239425,88.83496832847595,0.0,0.0,0.0
400k,16,40,10,27,100,0.1899639901239425,88.83496832847595,0.0,0.0,0.0
400k,16,40,10,27,300,0.1899639901239425,88.83496832847595,0.0033333333333333335,0.030303030303030304,0.015000535036134351
400k,16,40,10,27,500,0.1899639901239425,88.83496832847595,0.002,0.030303030303030304,0.015000535036134351
400k,16,40,10,27,1000,0.1899639901239425,88.83496832847595,0.001,0.030303030303030304,0.015000535036134351
400k,16,40,10,66,10,0.1800860045477748,88.83496832847595,0.1,0.01818181818181818,0.06625422345438903
400k,16,40,10,66,50,0.1800860045477748,88.83496832847595,0.02,0.01818181818181818,0.02333976076433925
400k,16,40,10,66,100,0.1800860045477748,88.83496832847595,0.01,0.01818181818181818,0.021866577706041675
400k,16,40,10,66,300,0.1800860045477748,88.83496832847595,0.0033333333333333335,0.01818181818181818,0.021866577706041675
400k,16,40,10,66,500,0.1800860045477748,88.83496832847595,0.002,0.01818181818181818,0.021866577706041675
400k,16,40,10,66,1000,0.1800860045477748,88.83496832847595,0.001,0.01818181818181818,0.021866577706041675
400k,16,40,10,72,10,0.1673070073593408,88.83496832847595,0.0,0.0,0.0
400k,16,40,10,72,50,0.1673070073593408,88.83496832847595,0.0,0.0,0.0
400k,16,40,10,72,100,0.1673070073593408,88.83496832847595,0.0,0.0,0.0
400k,16,40,10,72,300,0.1673070073593408,88.83496832847595,0.0,0.0,0.0
400k,16,40,10,72,500,0.1673070073593408,88.83496832847595,0.0,0.0,0.0
400k,16,40,10,72,1000,0.1673070073593408,88.83496832847595,0.0,0.0,0.0
400k,16,40,10,99,10,0.1612619962543249,88.83496832847595,0.0,0.0,0.0
400k,16,40,10,99,50,0.1612619962543249,88.83496832847595,0.0,0.0,0.0
400k,16,40,10,99,100,0.1612619962543249,88.83496832847595,0.0,0.0,0.0
400k,16,40,10,99,300,0.1612619962543249,88.83496832847595,0.0033333333333333335,0.047619047619047616,0.02058707558342158
400k,16,40,10,99,500,0.1612619962543249,88.83496832847595,0.002,0.047619047619047616,0.02058707558342158
400k,16,40,10,99,1000,0.1612619962543249,88.83496832847595,0.001,0.047619047619047616,0.02058707558342158
400k,16,40,10,101,10,0.18504602485336363,88.83496832847595,0.1,0.023255813953488372,0.22009176629808017
400k,16,40,10,101,50,0.18504602485336363,88.83496832847595,0.08,0.09302325581395349,0.14849487029758673
400k,16,40,10,101,100,0.18504602485336363,88.83496832847595,0.07,0.16279069767441862,0.19131349268239378
400k,16,40,10,101,300,0.18504602485336363,88.83496832847595,0.04,0.27906976744186046,0.25281076845651224
400k,16,40,10,101,500,0.18504602485336363,88.83496832847595,0.024,0.27906976744186046,0.25281076845651224
400k,16,40,10,101,1000,0.18504602485336363,88.83496832847595,0.012,0.27906976744186046,0.25281076845651224
400k,16,40,10,56,10,0.21918900893069804,88.83496832847595,0.0,0.0,0.0
400k,16,40,10,56,50,0.21918900893069804,88.83496832847595,0.04,0.0392156862745098,0.02807619257562998
400k,16,40,10,56,100,0.21918900893069804,88.83496832847595,0.02,0.0392156862745098,0.02769944596581426
400k,16,40,10,56,300,0.21918900893069804,88.83496832847595,0.02666666666666667,0.1568627450980392,0.09081901639038789
400k,16,40,10,56,500,0.21918900893069804,88.83496832847595,0.016,0.1568627450980392,0.09081901639038789
400k,16,40,10,56,1000,0.21918900893069804,88.83496832847595,0.008,0.1568627450980392,0.09081901639038789
400k,16,40,10,82,10,0.24029400083236396,88.83496832847595,0.2,0.03225806451612903,0.14465249243306436
400k,16,40,10,82,50,0.24029400083236396,88.83496832847595,0.04,0.03225806451612903,0.050957575099757076
400k,16,40,10,82,100,0.24029400083236396,88.83496832847595,0.03,0.04838709677419355,0.0543913849021744
400k,16,40,10,82,300,0.24029400083236396,88.83496832847595,0.03666666666666667,0.1774193548387097,0.12570958142442076
400k,16,40,10,82,500,0.24029400083236396,88.83496832847595,0.022,0.1774193548387097,0.12570958142442076
400k,16,40,10,82,1000,0.24029400083236396,88.83496832847595,0.011,0.1774193548387097,0.12570958142442076
400k,16,40,10,91,10,0.20181899890303612,88.83496832847595,0.0,0.0,0.0
400k,16,40,10,91,50,0.20181899890303612,88.83496832847595,0.0,0.0,0.0
400k,16,40,10,91,100,0.20181899890303612,88.83496832847595,0.0,0.0,0.0
400k,16,40,10,91,300,0.20181899890303612,88.83496832847595,0.0,0.0,0.0
400k,16,40,10,91,500,0.20181899890303612,88.83496832847595,0.0,0.0,0.0
400k,16,40,10,91,1000,0.20181899890303612,88.83496832847595,0.0,0.0,0.0
400k,16,40,10,92,10,0.19564601825550199,88.83496832847595,0.0,0.0,0.0
400k,16,40,10,92,50,0.19564601825550199,88.83496832847595,0.0,0.0,0.0
400k,16,40,10,92,100,0.19564601825550199,88.83496832847595,0.0,0.0,0.0
400k,16,40,10,92,300,0.19564601825550199,88.83496832847595,0.006666666666666667,0.031746031746031744,0.01718100081997116
400k,16,40,10,92,500,0.19564601825550199,88.83496832847595,0.004,0.031746031746031744,0.01718100081997116
400k,16,40,10,92,1000,0.19564601825550199,88.83496832847595,0.002,0.031746031746031744,0.01718100081997116
400k,16,40,50,1,10,0.44195001828484237,88.83496832847595,1.0,0.136986301369863,1.0
400k,16,40,50,1,50,0.44195001828484237,88.83496832847595,0.28,0.1917808219178082,0.41658833649779015
400k,16,40,50,1,100,0.44195001828484237,88.83496832847595,0.17,0.2328767123287671,0.3495486841683385
400k,16,40,50,1,300,0.44195001828484237,88.83496832847595,0.07,0.2876712328767123,0.3818087575972056
400k,16,40,50,1,500,0.44195001828484237,88.83496832847595,0.044,0.3013698630136986,0.3885785799721271
400k,16,40,50,1,1000,0.44195001828484237,88.83496832847595,0.023,0.3150684931506849,0.39501817402215766
400k,16,40,50,2,10,0.3593970031943172,88.83496832847595,0.5,0.07692307692307693,0.5517854393872873
400k,16,40,50,2,50,0.3593970031943172,88.83496832847595,0.34,0.26153846153846155,0.3983042044635362
400k,16,40,50,2,100,0.3593970031943172,88.83496832847595,0.19,0.2923076923076923,0.354569278346228
400k,16,40,50,2,300,0.3593970031943172,88.83496832847595,0.09666666666666666,0.4461538461538462,0.4446752840443161
400k,16,40,50,2,500,0.3593970031943172,88.83496832847595,0.062,0.47692307692307695,0.4595827952419399
400k,16,40,50,2,1000,0.3593970031943172,88.83496832847595,0.031,0.47692307692307695,0.4595827952419399
400k,16,40,50,3,10,0.3852460067719221,88.83496832847595,0.2,0.2857142857142857,0.16220310073808747
400k,16,40,50,3,50,0.3852460067719221,88.83496832847595,0.12,0.8571428571428571,0.4180857409493623
400k,16,40,50,3,100,0.3852460067719221,88.83496832847595,0.07,1.0,0.4600222131117523
400k,16,40,50,3,300,0.3852460067719221,88.83496832847595,0.023333333333333334,1.0,0.4600222131117523
400k,16,40,50,3,500,0.3852460067719221,88.83496832847595,0.014,1.0,0.4600222131117523
400k,16,40,50,3,1000,0.3852460067719221,88.83496832847595,0.007,1.0,0.4600222131117523
400k,16,40,50,4,10,0.35904900869354606,88.83496832847595,0.9,0.10975609756097561,0.9052116356304493
400k,16,40,50,4,50,0.35904900869354606,88.83496832847595,0.54,0.32926829268292684,0.6263937090314708
400k,16,40,50,4,100,0.35904900869354606,88.83496832847595,0.32,0.3902439024390244,0.48707629037453637
400k,16,40,50,4,300,0.35904900869354606,88.83496832847595,0.18666666666666668,0.6829268292682927,0.6652485431275498
400k,16,40,50,4,500,0.35904900869354606,88.83496832847595,0.124,0.7560975609756098,0.7038120436194005
400k,16,40,50,4,1000,0.35904900869354606,88.83496832847595,0.062,0.7560975609756098,0.7038120436194005
400k,16,40,50,5,10,0.3604859812185168,88.83496832847595,1.0,0.11764705882352941,1.0
400k,16,40,50,5,50,0.3604859812185168,88.83496832847595,0.54,0.3176470588235294,0.6505821545614708
400k,16,40,50,5,100,0.3604859812185168,88.83496832847595,0.38,0.4470588235294118,0.5436535263442606
400k,16,40,50,5,300,0.3604859812185168,88.83496832847595,0.16333333333333333,0.5764705882352941,0.6239541308952322
400k,16,40,50,5,500,0.3604859812185168,88.83496832847595,0.102,0.6,0.6363594716053138
400k,16,40,50,5,1000,0.3604859812185168,88.83496832847595,0.051,0.6,0.6363594716053138
400k,16,40,50,11,10,0.39019601535983384,88.83496832847595,0.2,0.06060606060606061,0.22400556151517553
400k,16,40,50,11,50,0.39019601535983384,88.83496832847595,0.12,0.18181818181818182,0.19376737804095914
400k,16,40,50,11,100,0.39019601535983384,88.83496832847595,0.1,0.30303030303030304,0.2572105711872173
400k,16,40,50,11,300,0.39019601535983384,88.83496832847595,0.05333333333333334,0.48484848484848486,0.34326358221254144
400k,16,40,50,11,500,0.39019601535983384,88.83496832847595,0.034,0.5151515151515151,0.3549012426636755
400k,16,40,50,11,1000,0.39019601535983384,88.83496832847595,0.017,0.5151515151515151,0.3549012426636755
400k,16,40,50,12,10,0.4170429892838001,88.83496832847595,0.0,0.0,0.0
400k,16,40,50,12,50,0.4170429892838001,88.83496832847595,0.0,0.0,0.0
400k,16,40,50,12,100,0.4170429892838001,88.83496832847595,0.01,0.07692307692307693,0.029796413794021204
400k,16,40,50,12,300,0.4170429892838001,88.83496832847595,0.0033333333333333335,0.07692307692307693,0.029796413794021204
400k,16,40,50,12,500,0.4170429892838001,88.83496832847595,0.002,0.07692307692307693,0.029796413794021204
400k,16,40,50,12,1000,0.4170429892838001,88.83496832847595,0.001,0.07692307692307693,0.029796413794021204
400k,16,40,50,15,10,0.4153359914198518,88.83496832847595,0.0,0.0,0.0
400k,16,40,50,15,50,0.4153359914198518,88.83496832847595,0.0,0.0,0.0
400k,16,40,50,15,100,0.4153359914198518,88.83496832847595,0.0,0.0,0.0
400k,16,40,50,15,300,0.4153359914198518,88.83496832847595,0.023333333333333334,0.18421052631578946,0.08582879541417937
400k,16,40,50,15,500,0.4153359914198518,88.83496832847595,0.024,0.3157894736842105,0.14047471689221258
400k,16,40,50,15,1000,0.4153359914198518,88.83496832847595,0.015,0.39473684210526316,0.1710141287338808
400k,16,40,50,34,10,0.35225600004196167,88.83496832847595,0.0,0.0,0.0
400k,16,40,50,34,50,0.35225600004196167,88.83496832847595,0.0,0.0,0.0
400k,16,40,50,34,100,0.35225600004196167,88.83496832847595,0.03,0.08571428571428572,0.04961457735417617
400k,16,40,50,34,300,0.35225600004196167,88.83496832847595,0.02,0.17142857142857143,0.0877815924804702
400k,16,40,50,34,500,0.35225600004196167,88.83496832847595,0.022,0.3142857142857143,0.1455568072947632
400k,16,40,50,34,1000,0.35225600004196167,88.83496832847595,0.012,0.34285714285714286,0.15648557136317087
400k,16,40,50,14,10,0.3707490104716271,88.83496832847595,0.0,0.0,0.0
400k,16,40,50,14,50,0.3707490104716271,88.83496832847595,0.0,0.0,0.0
400k,16,40,50,14,100,0.3707490104716271,88.83496832847595,0.0,0.0,0.0
400k,16,40,50,14,300,0.3707490104716271,88.83496832847595,0.013333333333333334,0.08695652173913043,0.04246695784491653
400k,16,40,50,14,500,0.3707490104716271,88.83496832847595,0.02,0.21739130434782608,0.09998913546213264
400k,16,40,50,14,1000,0.3707490104716271,88.83496832847595,0.01,0.21739130434782608,0.09998913546213264
400k,16,40,50,27,10,0.36369700683280826,88.83496832847595,0.0,0.0,0.0
400k,16,40,50,27,50,0.36369700683280826,88.83496832847595,0.0,0.0,0.0
400k,16,40,50,27,100,0.36369700683280826,88.83496832847595,0.0,0.0,0.0
400k,16,40,50,27,300,0.36369700683280826,88.83496832847595,0.01,0.09090909090909091,0.03837211901399662
400k,16,40,50,27,500,0.36369700683280826,88.83496832847595,0.014,0.21212121212121213,0.0860032832294288
400k,16,40,50,27,1000,0.36369700683280826,88.83496832847595,0.007,0.21212121212121213,0.0860032832294288
400k,16,40,50,66,10,0.3201879735570401,88.83496832847595,0.1,0.01818181818181818,0.06625422345438903
400k,16,40,50,66,50,0.3201879735570401,88.83496832847595,0.02,0.01818181818181818,0.02333976076433925
400k,16,40,50,66,100,0.3201879735570401,88.83496832847595,0.01,0.01818181818181818,0.021866577706041675
400k,16,40,50,66,300,0.3201879735570401,88.83496832847595,0.016666666666666666,0.09090909090909091,0.05858772090911897
400k,16,40,50,66,500,0.3201879735570401,88.83496832847595,0.018,0.16363636363636364,0.0925265241899407
400k,16,40,50,66,1000,0.3201879735570401,88.83496832847595,0.009,0.16363636363636364,0.0925265241899407
400k,16,40,50,72,10,0.5741259956266731,88.83496832847595,0.0,0.0,0.0
400k,16,40,50,72,50,0.5741259956266731,88.83496832847595,0.02,0.02702702702702703,0.01867164811791742
400k,16,40,50,72,100,0.5741259956266731,88.83496832847595,0.02,0.05405405405405406,0.03374059162650563
400k,16,40,50,72,300,0.5741259956266731,88.83496832847595,0.013333333333333334,0.10810810810810811,0.05867816891203558
400k,16,40,50,72,500,0.5741259956266731,88.83496832847595,0.01,0.13513513513513514,0.06983301440785193
400k,16,40,50,72,1000,0.5741259956266731,88.83496832847595,0.005,0.13513513513513514,0.06983301440785193
400k,16,40,50,99,10,0.3012160013895482,88.83496832847595,0.0,0.0,0.0
400k,16,40,50,99,50,0.3012160013895482,88.83496832847595,0.0,0.0,0.0
400k,16,40,50,99,100,0.3012160013895482,88.83496832847595,0.0,0.0,0.0
400k,16,40,50,99,300,0.3012160013895482,88.83496832847595,0.01,0.14285714285714285,0.0546408312871568
400k,16,40,50,99,500,0.3012160013895482,88.83496832847595,0.008,0.19047619047619047,0.0707982689589553
400k,16,40,50,99,1000,0.3012160013895482,88.83496832847595,0.004,0.19047619047619047,0.0707982689589553
400k,16,40,50,101,10,0.33912499202415347,88.83496832847595,0.1,0.023255813953488372,0.22009176629808017
400k,16,40,50,101,50,0.33912499202415347,88.83496832847595,0.08,0.09302325581395349,0.14429839711959375
400k,16,40,50,101,100,0.33912499202415347,88.83496832847595,0.07,0.16279069767441862,0.18560535531691416
400k,16,40,50,101,300,0.33912499202415347,88.83496832847595,0.06333333333333334,0.4418604651162791,0.3213601919898408
400k,16,40,50,101,500,0.33912499202415347,88.83496832847595,0.044,0.5116279069767442,0.3511297710072412
400k,16,40,50,101,1000,0.33912499202415347,88.83496832847595,0.022,0.5116279069767442,0.3511297710072412
400k,16,40,50,56,10,0.3400379791855812,88.83496832847595,0.0,0.0,0.0
400k,16,40,50,56,50,0.3400379791855812,88.83496832847595,0.0,0.0,0.0
400k,16,40,50,56,100,0.3400379791855812,88.83496832847595,0.02,0.0392156862745098,0.026349611066849885
400k,16,40,50,56,300,0.3400379791855812,88.83496832847595,0.03666666666666667,0.21568627450980393,0.11348162594752009
400k,16,40,50,56,500,0.3400379791855812,88.83496832847595,0.028,0.27450980392156865,0.14060500089931943
400k,16,40,50,56,1000,0.3400379791855812,88.83496832847595,0.014,0.27450980392156865,0.14060500089931943
400k,16,40,50,82,10,0.33365399576723576,88.83496832847595,0.2,0.03225806451612903,0.14201905717762703
400k,16,40,50,82,50,0.33365399576723576,88.83496832847595,0.04,0.03225806451612903,0.05002987954095852
400k,16,40,50,82,100,0.33365399576723576,88.83496832847595,0.03,0.04838709677419355,0.05434550093846606
400k,16,40,50,82,300,0.33365399576723576,88.83496832847595,0.04,0.1935483870967742,0.13377834447379083
400k,16,40,50,82,500,0.33365399576723576,88.83496832847595,0.036,0.2903225806451613,0.18079495938355666
400k,16,40,50,82,1000,0.33365399576723576,88.83496832847595,0.019,0.3064516129032258,0.18823082771596536
400k,16,40,50,91,10,0.3682450042106211,88.83496832847595,0.0,0.0,0.0
400k,16,40,50,91,50,0.3682450042106211,88.83496832847595,0.0,0.0,0.0
400k,16,40,50,91,100,0.3682450042106211,88.83496832847595,0.0,0.0,0.0
400k,16,40,50,91,300,0.3682450042106211,88.83496832847595,0.0033333333333333335,0.015625,0.008012948368283672
400k,16,40,50,91,500,0.3682450042106211,88.83496832847595,0.014,0.109375,0.05365797221654468
400k,16,40,50,91,1000,0.3682450042106211,88.83496832847595,0.009,0.140625,0.06811262312386221
400k,16,40,50,92,10,0.39160900632850826,88.83496832847595,0.0,0.0,0.0
400k,16,40,50,92,50,0.39160900632850826,88.83496832847595,0.0,0.0,0.0
400k,16,40,50,92,100,0.39160900632850826,88.83496832847595,0.0,0.0,0.0
400k,16,40,50,92,300,0.39160900632850826,88.83496832847595,0.01,0.047619047619047616,0.024517964547737445
400k,16,40,50,92,500,0.39160900632850826,88.83496832847595,0.008,0.06349206349206349,0.03209930832225177
400k,16,40,50,92,1000,0.39160900632850826,88.83496832847595,0.013,0.20634920634920634,0.09674706721127217
400k,16,40,100,1,10,0.7233470096252859,88.83496832847595,1.0,0.136986301369863,1.0
400k,16,40,100,1,50,0.7233470096252859,88.83496832847595,0.28,0.1917808219178082,0.42220961540772284
400k,16,40,100,1,100,0.7233470096252859,88.83496832847595,0.18,0.2465753424657534,0.36406097888294603
400k,16,40,100,1,300,0.7233470096252859,88.83496832847595,0.08666666666666667,0.3561643835616438,0.429133712183331
400k,16,40,100,1,500,0.7233470096252859,88.83496832847595,0.054,0.3698630136986301,0.43619998718188024
400k,16,40,100,1,1000,0.7233470096252859,88.83496832847595,0.028,0.3835616438356164,0.44248186844868115
400k,16,40,100,2,10,0.5636819987557828,88.83496832847595,0.5,0.07692307692307693,0.5517854393872873
400k,16,40,100,2,50,0.5636819987557828,88.83496832847595,0.32,0.24615384615384617,0.3838096123290789
400k,16,40,100,2,100,0.5636819987557828,88.83496832847595,0.19,0.2923076923076923,0.3531614478034176
400k,16,40,100,2,300,0.5636819987557828,88.83496832847595,0.10666666666666667,0.49230769230769234,0.46594852509807655
400k,16,40,100,2,500,0.5636819987557828,88.83496832847595,0.064,0.49230769230769234,0.46594852509807655
400k,16,40,100,2,1000,0.5636819987557828,88.83496832847595,0.035,0.5384615384615384,0.4869991254130772
400k,16,40,100,3,10,0.5262820050120354,88.83496832847595,0.2,0.2857142857142857,0.16220310073808747
400k,16,40,100,3,50,0.5262820050120354,88.83496832847595,0.12,0.8571428571428571,0.4180857409493623
400k,16,40,100,3,100,0.5262820050120354,88.83496832847595,0.07,1.0,0.4594587516020223
400k,16,40,100,3,300,0.5262820050120354,88.83496832847595,0.023333333333333334,1.0,0.4594587516020223
400k,16,40,100,3,500,0.5262820050120354,88.83496832847595,0.014,1.0,0.4594587516020223
400k,16,40,100,3,1000,0.5262820050120354,88.83496832847595,0.007,1.0,0.4594587516020223
400k,16,40,100,4,10,0.4721549921669066,88.83496832847595,0.9,0.10975609756097561,0.9052116356304493
400k,16,40,100,4,50,0.4721549921669066,88.83496832847595,0.52,0.3170731707317073,0.6126561146626635
400k,16,40,100,4,100,0.4721549921669066,88.83496832847595,0.33,0.4024390243902439,0.49495047477349335
400k,16,40,100,4,300,0.4721549921669066,88.83496832847595,0.18333333333333332,0.6707317073170732,0.6572657261181472
400k,16,40,100,4,500,0.4721549921669066,88.83496832847595,0.126,0.7682926829268293,0.7092378940391136
400k,16,40,100,4,1000,0.4721549921669066,88.83496832847595,0.067,0.8170731707317073,0.7334789095694332
400k,16,40,100,5,10,0.49776400555856526,88.83496832847595,1.0,0.11764705882352941,1.0
400k,16,40,100,5,50,0.49776400555856526,88.83496832847595,0.52,0.3058823529411765,0.636549647229996
400k,16,40,100,5,100,0.49776400555856526,88.83496832847595,0.37,0.43529411764705883,0.5346393272835089
400k,16,40,100,5,300,0.49776400555856526,88.83496832847595,0.18,0.6352941176470588,0.6601202301299993
400k,16,40,100,5,500,0.49776400555856526,88.83496832847595,0.122,0.7176470588235294,0.7036137541711295
400k,16,40,100,5,1000,0.49776400555856526,88.83496832847595,0.064,0.7529411764705882,0.7213682528074413
400k,16,40,100,11,10,0.5714029830414802,88.83496832847595,0.2,0.06060606060606061,0.22400556151517553
400k,16,40,100,11,50,0.5714029830414802,88.83496832847595,0.12,0.18181818181818182,0.19261893390940318
400k,16,40,100,11,100,0.5714029830414802,88.83496832847595,0.1,0.30303030303030304,0.25507448432410235
400k,16,40,100,11,300,0.5714029830414802,88.83496832847595,0.05333333333333334,0.48484848484848486,0.3394550848146274
400k,16,40,100,11,500,0.5714029830414802,88.83496832847595,0.034,0.5151515151515151,0.35183974713195687
400k,16,40,100,11,1000,0.5714029830414802,88.83496832847595,0.019,0.5757575757575758,0.3734592001470102
400k,16,40,100,12,10,0.6237130146473646,88.83496832847595,0.0,0.0,0.0
400k,16,40,100,12,50,0.6237130146473646,88.83496832847595,0.0,0.0,0.0
400k,16,40,100,12,100,0.6237130146473646,88.83496832847595,0.01,0.07692307692307693,0.028166800434263804
400k,16,40,100,12,300,0.6237130146473646,88.83496832847595,0.0033333333333333335,0.07692307692307693,0.028166800434263804
400k,16,40,100,12,500,0.6237130146473646,88.83496832847595,0.004,0.15384615384615385,0.05015584838494667
400k,16,40,100,12,1000,0.6237130146473646,88.83496832847595,0.002,0.15384615384615385,0.05015584838494667
400k,16,40,100,15,10,0.5896740185562521,88.83496832847595,0.0,0.0,0.0
400k,16,40,100,15,50,0.5896740185562521,88.83496832847595,0.0,0.0,0.0
400k,16,40,100,15,100,0.5896740185562521,88.83496832847595,0.0,0.0,0.0
400k,16,40,100,15,300,0.5896740185562521,88.83496832847595,0.02666666666666667,0.21052631578947367,0.09579782283605878
400k,16,40,100,15,500,0.5896740185562521,88.83496832847595,0.026,0.34210526315789475,0.1492589920734389
400k,16,40,100,15,1000,0.5896740185562521,88.83496832847595,0.02,0.5263157894736842,0.21838177089105038
400k,16,40,100,34,10,0.4967199929524213,88.83496832847595,0.0,0.0,0.0
400k,16,40,100,34,50,0.4967199929524213,88.83496832847595,0.0,0.0,0.0
400k,16,40,100,34,100,0.4967199929524213,88.83496832847595,0.03,0.08571428571428572,0.049099376315144556
400k,16,40,100,34,300,0.4967199929524213,88.83496832847595,0.02666666666666667,0.22857142857142856,0.1120564482882459
400k,16,40,100,34,500,0.4967199929524213,88.83496832847595,0.024,0.34285714285714286,0.15794196396312218
400k,16,40,100,34,1000,0.4967199929524213,88.83496832847595,0.017,0.4857142857142857,0.2103132642754859
400k,16,40,100,14,10,0.5618410068564117,88.83496832847595,0.0,0.0,0.0
400k,16,40,100,14,50,0.5618410068564117,88.83496832847595,0.0,0.0,0.0
400k,16,40,100,14,100,0.5618410068564117,88.83496832847595,0.0,0.0,0.0
400k,16,40,100,14,300,0.5618410068564117,88.83496832847595,0.006666666666666667,0.043478260869565216,0.023256057763016667
400k,16,40,100,14,500,0.5618410068564117,88.83496832847595,0.018,0.1956521739130435,0.09064525398030288
400k,16,40,100,14,1000,0.5618410068564117,88.83496832847595,0.017,0.3695652173913043,0.16124300911923803
400k,16,40,100,27,10,0.5244720086921006,88.83496832847595,0.0,0.0,0.0
400k,16,40,100,27,50,0.5244720086921006,88.83496832847595,0.0,0.0,0.0
400k,16,40,100,27,100,0.5244720086921006,88.83496832847595,0.0,0.0,0.0
400k,16,40,100,27,300,0.5244720086921006,88.83496832847595,0.013333333333333334,0.12121212121212122,0.05242371390966878
400k,16,40,100,27,500,0.5244720086921006,88.83496832847595,0.014,0.21212121212121213,0.0877562938268492
400k,16,40,100,27,1000,0.5244720086921006,88.83496832847595,0.012,0.36363636363636365,0.1431130030060706
400k,16,40,100,66,10,0.4280339926481247,88.83496832847595,0.1,0.01818181818181818,0.06625422345438903
400k,16,40,100,66,50,0.4280339926481247,88.83496832847595,0.02,0.01818181818181818,0.02333976076433925
400k,16,40,100,66,100,0.4280339926481247,88.83496832847595,0.01,0.01818181818181818,0.021866577706041675
400k,16,40,100,66,300,0.4280339926481247,88.83496832847595,0.013333333333333334,0.07272727272727272,0.049060381389299884
400k,16,40,100,66,500,0.4280339926481247,88.83496832847595,0.014,0.12727272727272726,0.07431901471103111
400k,16,40,100,66,1000,0.4280339926481247,88.83496832847595,0.011,0.2,0.10618114500275444
400k,16,40,100,72,10,0.8510240004397929,88.83496832847595,0.0,0.0,0.0
400k,16,40,100,72,50,0.8510240004397929,88.83496832847595,0.02,0.02702702702702703,0.018373828625812934
400k,16,40,100,72,100,0.8510240004397929,88.83496832847595,0.02,0.05405405405405406,0.03300621703252416
400k,16,40,100,72,300,0.8510240004397929,88.83496832847595,0.02,0.16216216216216217,0.08095446860366753
400k,16,40,100,72,500,0.8510240004397929,88.83496832847595,0.014,0.1891891891891892,0.09196239424250044
400k,16,40,100,72,1000,0.8510240004397929,88.83496832847595,0.008,0.21621621621621623,0.10242458656359046
400k,16,40,100,99,10,0.42499101255089045,88.83496832847595,0.0,0.0,0.0
400k,16,40,100,99,50,0.42499101255089045,88.83496832847595,0.0,0.0,0.0
400k,16,40,100,99,100,0.42499101255089045,88.83496832847595,0.0,0.0,0.0
400k,16,40,100,99,300,0.42499101255089045,88.83496832847595,0.01,0.14285714285714285,0.05381402860974958
400k,16,40,100,99,500,0.42499101255089045,88.83496832847595,0.014,0.3333333333333333,0.11755856952926189
400k,16,40,100,99,1000,0.42499101255089045,88.83496832847595,0.007,0.3333333333333333,0.11755856952926189
400k,16,40,100,101,10,0.49572798889130354,88.83496832847595,0.1,0.023255813953488372,0.22009176629808017
400k,16,40,100,101,50,0.49572798889130354,88.83496832847595,0.08,0.09302325581395349,0.14429839711959375
400k,16,40,100,101,100,0.49572798889130354,88.83496832847595,0.07,0.16279069767441862,0.1853230570729691
400k,16,40,100,101,300,0.49572798889130354,88.83496832847595,0.06333333333333334,0.4418604651162791,0.3234998531235514
400k,16,40,100,101,500,0.49572798889130354,88.83496832847595,0.058,0.6744186046511628,0.42440821836862547
400k,16,40,100,101,1000,0.49572798889130354,88.83496832847595,0.033,0.7674418604651163,0.46205886709689564
400k,16,40,100,56,10,0.5152670200914145,88.83496832847595,0.0,0.0,0.0
400k,16,40,100,56,50,0.5152670200914145,88.83496832847595,0.0,0.0,0.0
400k,16,40,100,56,100,0.5152670200914145,88.83496832847595,0.02,0.0392156862745098,0.0260185196915542
400k,16,40,100,56,300,0.5152670200914145,88.83496832847595,0.03,0.17647058823529413,0.09665646052129233
400k,16,40,100,56,500,0.5152670200914145,88.83496832847595,0.04,0.39215686274509803,0.19504269473308028
400k,16,40,100,56,1000,0.5152670200914145,88.83496832847595,0.021,0.4117647058823529,0.20341444559090419
400k,16,40,100,82,10,0.48116801190190017,88.83496832847595,0.1,0.016129032258064516,0.07839826897867533
400k,16,40,100,82,50,0.48116801190190017,88.83496832847595,0.04,0.03225806451612903,0.04857019105727315
400k,16,40,100,82,100,0.48116801190190017,88.83496832847595,0.03,0.04838709677419355,0.0527725616175262
400k,16,40,100,82,300,0.48116801190190017,88.83496832847595,0.03333333333333333,0.16129032258064516,0.11405977094509998
400k,16,40,100,82,500,0.48116801190190017,88.83496832847595,0.04,0.3225806451612903,0.191735468801465
400k,16,40,100,82,1000,0.48116801190190017,88.83496832847595,0.035,0.5645161290322581,0.2999276145669879
400k,16,40,100,91,10,0.5434149934444577,88.83496832847595,0.0,0.0,0.0
400k,16,40,100,91,50,0.5434149934444577,88.83496832847595,0.0,0.0,0.0
400k,16,40,100,91,100,0.5434149934444577,88.83496832847595,0.0,0.0,0.0
400k,16,40,100,91,300,0.5434149934444577,88.83496832847595,0.006666666666666667,0.03125,0.01633939987794417
400k,16,40,100,91,500,0.5434149934444577,88.83496832847595,0.014,0.109375,0.053897237824172634
400k,16,40,100,91,1000,0.5434149934444577,88.83496832847595,0.016,0.25,0.11658657307276851
400k,16,40,100,92,10,0.5482400010805577,88.83496832847595,0.0,0.0,0.0
400k,16,40,100,92,50,0.5482400010805577,88.83496832847595,0.0,0.0,0.0
400k,16,40,100,92,100,0.5482400010805577,88.83496832847595,0.0,0.0,0.0
400k,16,40,100,92,300,0.5482400010805577,88.83496832847595,0.006666666666666667,0.031746031746031744,0.016099697395868355
400k,16,40,100,92,500,0.5482400010805577,88.83496832847595,0.01,0.07936507936507936,0.03940425179461793
400k,16,40,100,92,1000,0.5482400010805577,88.83496832847595,0.023,0.36507936507936506,0.16339169036889467
400k,16,40,200,1,10,1.1730969999916852,88.83496832847595,1.0,0.136986301369863,1.0
400k,16,40,200,1,50,1.1730969999916852,88.83496832847595,0.34,0.2328767123287671,0.47749897976154276
400k,16,40,200,1,100,1.1730969999916852,88.83496832847595,0.21,0.2876712328767123,0.4056746336403231
400k,16,40,200,1,300,1.1730969999916852,88.83496832847595,0.10333333333333333,0.4246575342465753,0.48580005989736064
400k,16,40,200,1,500,1.1730969999916852,88.83496832847595,0.072,0.4931506849315068,0.5205183811687217
400k,16,40,200,1,1000,1.1730969999916852,88.83496832847595,0.037,0.5068493150684932,0.5267950189424726
400k,16,40,200,2,10,0.8617880230303854,88.83496832847595,0.5,0.07692307692307693,0.5517854393872873
400k,16,40,200,2,50,0.8617880230303854,88.83496832847595,0.32,0.24615384615384617,0.3838096123290789
400k,16,40,200,2,100,0.8617880230303854,88.83496832847595,0.2,0.3076923076923077,0.3643315818584938
400k,16,40,200,2,300,0.8617880230303854,88.83496832847595,0.11333333333333333,0.5230769230769231,0.4876401029705742
400k,16,40,200,2,500,0.8617880230303854,88.83496832847595,0.078,0.6,0.5257157896563903
400k,16,40,200,2,1000,0.8617880230303854,88.83496832847595,0.043,0.6615384615384615,0.5527686591026632
400k,16,40,200,3,10,0.8706329972483218,88.83496832847595,0.2,0.2857142857142857,0.16220310073808747
400k,16,40,200,3,50,0.8706329972483218,88.83496832847595,0.12,0.8571428571428571,0.4180857409493623
400k,16,40,200,3,100,0.8706329972483218,88.83496832847595,0.06,0.8571428571428571,0.4180857409493623
400k,16,40,200,3,300,0.8706329972483218,88.83496832847595,0.023333333333333334,1.0,0.4592816058450306
400k,16,40,200,3,500,0.8706329972483218,88.83496832847595,0.014,1.0,0.4592816058450306
400k,16,40,200,3,1000,0.8706329972483218,88.83496832847595,0.007,1.0,0.4592816058450306
400k,16,40,200,4,10,0.6555640138685703,88.83496832847595,0.9,0.10975609756097561,0.9052116356304493
400k,16,40,200,4,50,0.6555640138685703,88.83496832847595,0.52,0.3170731707317073,0.6126561146626635
400k,16,40,200,4,100,0.6555640138685703,88.83496832847595,0.33,0.4024390243902439,0.49495047477349335
400k,16,40,200,4,300,0.6555640138685703,88.83496832847595,0.18666666666666668,0.6829268292682927,0.6645021148294048
400k,16,40,200,4,500,0.6555640138685703,88.83496832847595,0.136,0.8292682926829268,0.7419823628773856
400k,16,40,200,4,1000,0.6555640138685703,88.83496832847595,0.076,0.926829268292683,0.7888210062239829
400k,16,40,200,5,10,0.7855620060581714,88.83496832847595,1.0,0.11764705882352941,1.0
400k,16,40,200,5,50,0.7855620060581714,88.83496832847595,0.52,0.3058823529411765,0.636549647229996
400k,16,40,200,5,100,0.7855620060581714,88.83496832847595,0.36,0.4235294117647059,0.526302007956462
400k,16,40,200,5,300,0.7855620060581714,88.83496832847595,0.18333333333333332,0.6470588235294118,0.6690674024248954
400k,16,40,200,5,500,0.7855620060581714,88.83496832847595,0.126,0.7411764705882353,0.7190685080083361
400k,16,40,200,5,1000,0.7855620060581714,88.83496832847595,0.071,0.8352941176470589,0.7653368066042401
400k,16,40,200,11,10,0.8995879907160997,88.83496832847595,0.2,0.06060606060606061,0.22400556151517553
400k,16,40,200,11,50,0.8995879907160997,88.83496832847595,0.12,0.18181818181818182,0.1915444276914861
400k,16,40,200,11,100,0.8995879907160997,88.83496832847595,0.09,0.2727272727272727,0.23978415662118696
400k,16,40,200,11,300,0.8995879907160997,88.83496832847595,0.06,0.5454545454545454,0.3678214697304517
400k,16,40,200,11,500,0.8995879907160997,88.83496832847595,0.044,0.6666666666666666,0.41643758123390173
400k,16,40,200,11,1000,0.8995879907160997,88.83496832847595,0.023,0.696969696969697,0.426839873527593
400k,16,40,200,12,10,0.9576099982950836,88.83496832847595,0.0,0.0,0.0
400k,16,40,200,12,50,0.9576099982950836,88.83496832847595,0.0,0.0,0.0
400k,16,40,200,12,100,0.9576099982950836,88.83496832847595,0.0,0.0,0.0
400k,16,40,200,12,300,0.9576099982950836,88.83496832847595,0.0033333333333333335,0.07692307692307693,0.027589048401323257
400k,16,40,200,12,500,0.9576099982950836,88.83496832847595,0.004,0.15384615384615385,0.048574776446230795
400k,16,40,200,12,1000,0.9576099982950836,88.83496832847595,0.003,0.23076923076923078,0.0687097646425599
400k,16,40,200,15,10,0.905554014025256,88.83496832847595,0.0,0.0,0.0
400k,16,40,200,15,50,0.905554014025256,88.83496832847595,0.0,0.0,0.0
400k,16,40,200,15,100,0.905554014025256,88.83496832847595,0.0,0.0,0.0
400k,16,40,200,15,300,0.905554014025256,88.83496832847595,0.016666666666666666,0.13157894736842105,0.0599454931214276
400k,16,40,200,15,500,0.905554014025256,88.83496832847595,0.02,0.2631578947368421,0.11554365311488932
400k,16,40,200,15,1000,0.905554014025256,88.83496832847595,0.021,0.5526315789473685,0.22466212054603274
400k,16,40,200,34,10,0.7884470105636865,88.83496832847595,0.0,0.0,0.0
400k,16,40,200,34,50,0.7884470105636865,88.83496832847595,0.0,0.0,0.0
400k,16,40,200,34,100,0.7884470105636865,88.83496832847595,0.03,0.08571428571428572,0.0486354161242546
400k,16,40,200,34,300,0.7884470105636865,88.83496832847595,0.02666666666666667,0.22857142857142856,0.11261227662538477
400k,16,40,200,34,500,0.7884470105636865,88.83496832847595,0.022,0.3142857142857143,0.147334500973857
400k,16,40,200,34,1000,0.7884470105636865,88.83496832847595,0.021,0.6,0.2515951762570217
400k,16,40,200,14,10,0.779478024924174,88.83496832847595,0.0,0.0,0.0
400k,16,40,200,14,50,0.779478024924174,88.83496832847595,0.0,0.0,0.0
400k,16,40,200,14,100,0.779478024924174,88.83496832847595,0.01,0.021739130434782608,0.01378086309326738
400k,16,40,200,14,300,0.779478024924174,88.83496832847595,0.013333333333333334,0.08695652173913043,0.046790478486568414
400k,16,40,200,14,500,0.779478024924174,88.83496832847595,0.02,0.21739130434782608,0.1032430954331611
400k,16,40,200,14,1000,0.779478024924174,88.83496832847595,0.021,0.45652173913043476,0.19720002227828465
400k,16,40,200,27,10,0.7232869975268841,88.83496832847595,0.0,0.0,0.0
400k,16,40,200,27,50,0.7232869975268841,88.83496832847595,0.0,0.0,0.0
400k,16,40,200,27,100,0.7232869975268841,88.83496832847595,0.0,0.0,0.0
400k,16,40,200,27,300,0.7232869975268841,88.83496832847595,0.006666666666666667,0.06060606060606061,0.027308341849936555
400k,16,40,200,27,500,0.7232869975268841,88.83496832847595,0.01,0.15151515151515152,0.06371551273086541
400k,16,40,200,27,1000,0.7232869975268841,88.83496832847595,0.014,0.42424242424242425,0.16087654297471493
400k,16,40,200,66,10,0.5667220102623105,88.83496832847595,0.1,0.01818181818181818,0.06625422345438903
400k,16,40,200,66,50,0.5667220102623105,88.83496832847595,0.02,0.01818181818181818,0.02333976076433925
400k,16,40,200,66,100,0.5667220102623105,88.83496832847595,0.01,0.01818181818181818,0.021866577706041675
400k,16,40,200,66,300,0.5667220102623105,88.83496832847595,0.013333333333333334,0.07272727272727272,0.04948039304123551
400k,16,40,200,66,500,0.5667220102623105,88.83496832847595,0.016,0.14545454545454545,0.08303658930508982
400k,16,40,200,66,1000,0.5667220102623105,88.83496832847595,0.021,0.38181818181818183,0.1832998524145404
400k,16,40,200,72,10,1.0697900142986327,88.83496832847595,0.0,0.0,0.0
400k,16,40,200,72,50,1.0697900142986327,88.83496832847595,0.02,0.02702702702702703,0.018373828625812934
400k,16,40,200,72,100,1.0697900142986327,88.83496832847595,0.02,0.05405405405405406,0.03290036311270222
400k,16,40,200,72,300,1.0697900142986327,88.83496832847595,0.016666666666666666,0.13513513513513514,0.06851892658946869
400k,16,40,200,72,500,1.0697900142986327,88.83496832847595,0.016,0.21621621621621623,0.1015714509672024
400k,16,40,200,72,1000,1.0697900142986327,88.83496832847595,0.012,0.32432432432432434,0.14297064352931546
400k,16,40,200,99,10,0.6585550145246089,88.83496832847595,0.0,0.0,0.0
400k,16,40,200,99,50,0.6585550145246089,88.83496832847595,0.0,0.0,0.0
400k,16,40,200,99,100,0.6585550145246089,88.83496832847595,0.0,0.0,0.0
400k,16,40,200,99,300,0.6585550145246089,88.83496832847595,0.013333333333333334,0.19047619047619047,0.07049209472552069
400k,16,40,200,99,500,0.6585550145246089,88.83496832847595,0.016,0.38095238095238093,0.13348028470630507
400k,16,40,200,99,1000,0.6585550145246089,88.83496832847595,0.011,0.5238095238095238,0.17759067401695222
400k,16,40,200,101,10,0.7526069821324199,88.83496832847595,0.1,0.023255813953488372,0.22009176629808017
400k,16,40,200,101,50,0.7526069821324199,88.83496832847595,0.08,0.09302325581395349,0.14429839711959375
400k,16,40,200,101,100,0.7526069821324199,88.83496832847595,0.07,0.16279069767441862,0.1852935137287756
400k,16,40,200,101,300,0.7526069821324199,88.83496832847595,0.06,0.4186046511627907,0.3118364983329492
400k,16,40,200,101,500,0.7526069821324199,88.83496832847595,0.056,0.6511627906976745,0.4116744853632469
400k,16,40,200,101,1000,0.7526069821324199,88.83496832847595,0.039,0.9069767441860465,0.5129410087485637
400k,16,40,200,56,10,0.766363984439522,88.83496832847595,0.0,0.0,0.0
400k,16,40,200,56,50,0.766363984439522,88.83496832847595,0.0,0.0,0.0
400k,16,40,200,56,100,0.766363984439522,88.83496832847595,0.02,0.0392156862745098,0.02586278489915839
400k,16,40,200,56,300,0.766363984439522,88.83496832847595,0.03,0.17647058823529413,0.0971126522603093
400k,16,40,200,56,500,0.766363984439522,88.83496832847595,0.04,0.39215686274509803,0.19455591107275655
400k,16,40,200,56,1000,0.766363984439522,88.83496832847595,0.028,0.5490196078431373,0.25963979135911314
400k,16,40,200,82,10,0.68015800206922,88.83496832847595,0.1,0.016129032258064516,0.07839826897867533
400k,16,40,200,82,50,0.68015800206922,88.83496832847595,0.04,0.03225806451612903,0.04857019105727315
400k,16,40,200,82,100,0.68015800206922,88.83496832847595,0.03,0.04838709677419355,0.0527725616175262
400k,16,40,200,82,300,0.68015800206922,88.83496832847595,0.03666666666666667,0.1774193548387097,0.12264074716320093
400k,16,40,200,82,500,0.68015800206922,88.83496832847595,0.04,0.3225806451612903,0.19206210554975986
400k,16,40,200,82,1000,0.68015800206922,88.83496832847595,0.043,0.6935483870967742,0.35432928749651327
400k,16,40,200,91,10,0.7922869990579784,88.83496832847595,0.0,0.0,0.0
400k,16,40,200,91,50,0.7922869990579784,88.83496832847595,0.0,0.0,0.0
400k,16,40,200,91,100,0.7922869990579784,88.83496832847595,0.0,0.0,0.0
400k,16,40,200,91,300,0.7922869990579784,88.83496832847595,0.006666666666666667,0.03125,0.01601143055414337
400k,16,40,200,91,500,0.7922869990579784,88.83496832847595,0.01,0.078125,0.03825921424527198
400k,16,40,200,91,1000,0.7922869990579784,88.83496832847595,0.017,0.265625,0.12074792873108184
400k,16,40,200,92,10,0.7670939958188683,88.83496832847595,0.0,0.0,0.0
400k,16,40,200,92,50,0.7670939958188683,88.83496832847595,0.0,0.0,0.0
400k,16,40,200,92,100,0.7670939958188683,88.83496832847595,0.0,0.0,0.0
400k,16,40,200,92,300,0.7670939958188683,88.83496832847595,0.0,0.0,0.0
400k,16,40,200,92,500,0.7670939958188683,88.83496832847595,0.012,0.09523809523809523,0.04636370360605753
400k,16,40,200,92,1000,0.7670939958188683,88.83496832847595,0.023,0.36507936507936506,0.16239671781713283
400k,16,40,500,1,10,2.3731300025247037,88.83496832847595,1.0,0.136986301369863,1.0
400k,16,40,500,1,50,2.3731300025247037,88.83496832847595,0.42,0.2876712328767123,0.5504898460977189
400k,16,40,500,1,100,2.3731300025247037,88.83496832847595,0.25,0.3424657534246575,0.4621742113462162
400k,16,40,500,1,300,2.3731300025247037,88.83496832847595,0.12666666666666668,0.5205479452054794,0.563449640846435
400k,16,40,500,1,500,2.3731300025247037,88.83496832847595,0.084,0.5753424657534246,0.5914763742379134
400k,16,40,500,1,1000,2.3731300025247037,88.83496832847595,0.05,0.684931506849315,0.643178809509676
400k,16,40,500,2,10,1.4962509740144014,88.83496832847595,0.5,0.07692307692307693,0.5517854393872873
400k,16,40,500,2,50,1.4962509740144014,88.83496832847595,0.3,0.23076923076923078,0.3699838161871114
400k,16,40,500,2,100,1.4962509740144014,88.83496832847595,0.2,0.3076923076923077,0.36396310967578455
400k,16,40,500,2,300,1.4962509740144014,88.83496832847595,0.11,0.5076923076923077,0.4786993850329685
400k,16,40,500,2,500,1.4962509740144014,88.83496832847595,0.08,0.6153846153846154,0.5314837357334069
400k,16,40,500,2,1000,1.4962509740144014,88.83496832847595,0.045,0.6923076923076923,0.5650215885457799
400k,16,40,500,3,10,1.6429300012532622,88.83496832847595,0.2,0.2857142857142857,0.16220310073808747
400k,16,40,500,3,50,1.6429300012532622,88.83496832847595,0.12,0.8571428571428571,0.4180857409493623
400k,16,40,500,3,100,1.6429300012532622,88.83496832847595,0.06,0.8571428571428571,0.4180857409493623
400k,16,40,500,3,300,1.6429300012532622,88.83496832847595,0.023333333333333334,1.0,0.4592816058450306
400k,16,40,500,3,500,1.6429300012532622,88.83496832847595,0.014,1.0,0.4592816058450306
400k,16,40,500,3,1000,1.6429300012532622,88.83496832847595,0.007,1.0,0.4592816058450306
400k,16,40,500,4,10,0.9917339775711298,88.83496832847595,0.9,0.10975609756097561,0.9052116356304493
400k,16,40,500,4,50,0.9917339775711298,88.83496832847595,0.52,0.3170731707317073,0.6126561146626635
400k,16,40,500,4,100,0.9917339775711298,88.83496832847595,0.33,0.4024390243902439,0.49495047477349335
400k,16,40,500,4,300,0.9917339775711298,88.83496832847595,0.18666666666666668,0.6829268292682927,0.66389472355729
400k,16,40,500,4,500,0.9917339775711298,88.83496832847595,0.138,0.8414634146341463,0.7472816946772806
400k,16,40,500,4,1000,0.9917339775711298,88.83496832847595,0.08,0.975609756097561,0.8116589136166097
400k,16,40,500,5,10,1.671020989306271,88.83496832847595,1.0,0.11764705882352941,1.0
400k,16,40,500,5,50,1.671020989306271,88.83496832847595,0.52,0.3058823529411765,0.636549647229996
400k,16,40,500,5,100,1.671020989306271,88.83496832847595,0.36,0.4235294117647059,0.526302007956462
400k,16,40,500,5,300,1.671020989306271,88.83496832847595,0.18666666666666668,0.6588235294117647,0.6763424278694028
400k,16,40,500,5,500,1.671020989306271,88.83496832847595,0.134,0.788235294117647,0.7452614302997373
400k,16,40,500,5,1000,1.671020989306271,88.83496832847595,0.078,0.9176470588235294,0.8082257035067398
400k,16,40,500,11,10,1.6543630044907331,88.83496832847595,0.2,0.06060606060606061,0.22400556151517553
400k,16,40,500,11,50,1.6543630044907331,88.83496832847595,0.12,0.18181818181818182,0.1895871970462292
400k,16,40,500,11,100,1.6543630044907331,88.83496832847595,0.09,0.2727272727272727,0.2376943529078418
400k,16,40,500,11,300,1.6543630044907331,88.83496832847595,0.06666666666666667,0.6060606060606061,0.392917454866702
400k,16,40,500,11,500,1.6543630044907331,88.83496832847595,0.052,0.7878787878787878,0.46480942306580536
400k,16,40,500,11,1000,1.6543630044907331,88.83496832847595,0.028,0.8484848484848485,0.48599688758483606
400k,16,40,500,12,10,1.7499109962955117,88.83496832847595,0.0,0.0,0.0
400k,16,40,500,12,50,1.7499109962955117,88.83496832847595,0.0,0.0,0.0
400k,16,40,500,12,100,1.7499109962955117,88.83496832847595,0.0,0.0,0.0
400k,16,40,500,12,300,1.7499109962955117,88.83496832847595,0.0033333333333333335,0.07692307692307693,0.02708233507186434
400k,16,40,500,12,500,1.7499109962955117,88.83496832847595,0.002,0.07692307692307693,0.02708233507186434
400k,16,40,500,12,1000,1.7499109962955117,88.83496832847595,0.004,0.3076923076923077,0.0872060181479245
400k,16,40,500,15,10,1.4849489962216467,88.83496832847595,0.0,0.0,0.0
400k,16,40,500,15,50,1.4849489962216467,88.83496832847595,0.0,0.0,0.0
400k,16,40,500,15,100,1.4849489962216467,88.83496832847595,0.0,0.0,0.0
400k,16,40,500,15,300,1.4849489962216467,88.83496832847595,0.013333333333333334,0.10526315789473684,0.04828636960212795
400k,16,40,500,15,500,1.4849489962216467,88.83496832847595,0.02,0.2631578947368421,0.11465353747655996
400k,16,40,500,15,1000,1.4849489962216467,88.83496832847595,0.022,0.5789473684210527,0.232429960557892
400k,16,40,500,34,10,1.3042780046816915,88.83496832847595,0.0,0.0,0.0
400k,16,40,500,34,50,1.3042780046816915,88.83496832847595,0.0,0.0,0.0
400k,16,40,500,34,100,1.3042780046816915,88.83496832847595,0.03,0.08571428571428572,0.04859503337511385
400k,16,40,500,34,300,1.3042780046816915,88.83496832847595,0.02666666666666667,0.22857142857142856,0.11239495733970742
400k,16,40,500,34,500,1.3042780046816915,88.83496832847595,0.022,0.3142857142857143,0.14744234796471817
400k,16,40,500,34,1000,1.3042780046816915,88.83496832847595,0.023,0.6571428571428571,0.27196662272517863
400k,16,40,500,14,10,1.257647993043065,88.83496832847595,0.0,0.0,0.0
400k,16,40,500,14,50,1.257647993043065,88.83496832847595,0.0,0.0,0.0
400k,16,40,500,14,100,1.257647993043065,88.83496832847595,0.01,0.021739130434782608,0.01378086309326738
400k,16,40,500,14,300,1.257647993043065,88.83496832847595,0.016666666666666666,0.10869565217391304,0.0569428021815065
400k,16,40,500,14,500,1.257647993043065,88.83496832847595,0.022,0.2391304347826087,0.11400269337284388
400k,16,40,500,14,1000,1.257647993043065,88.83496832847595,0.02,0.43478260869565216,0.19151172308689918
400k,16,40,500,27,10,1.162144006229937,88.83496832847595,0.0,0.0,0.0
400k,16,40,500,27,50,1.162144006229937,88.83496832847595,0.0,0.0,0.0
400k,16,40,500,27,100,1.162144006229937,88.83496832847595,0.0,0.0,0.0
400k,16,40,500,27,300,1.162144006229937,88.83496832847595,0.006666666666666667,0.06060606060606061,0.02725594839824257
400k,16,40,500,27,500,1.162144006229937,88.83496832847595,0.012,0.18181818181818182,0.07479072612893693
400k,16,40,500,27,1000,1.162144006229937,88.83496832847595,0.013,0.3939393939393939,0.1500812253296925
400k,16,40,500,66,10,1.0012869897764176,88.83496832847595,0.1,0.01818181818181818,0.06625422345438903
400k,16,40,500,66,50,1.0012869897764176,88.83496832847595,0.02,0.01818181818181818,0.02333976076433925
400k,16,40,500,66,100,1.0012869897764176,88.83496832847595,0.01,0.01818181818181818,0.021866577706041675
400k,16,40,500,66,300,1.0012869897764176,88.83496832847595,0.01,0.05454545454545454,0.04065812511140027
400k,16,40,500,66,500,1.0012869897764176,88.83496832847595,0.018,0.16363636363636364,0.09194380488836794
400k,16,40,500,66,1000,1.0012869897764176,88.83496832847595,0.034,0.6181818181818182,0.28109993066228445
400k,16,40,500,72,10,1.8471059738658369,88.83496832847595,0.0,0.0,0.0
400k,16,40,500,72,50,1.8471059738658369,88.83496832847595,0.02,0.02702702702702703,0.018234411428182194
400k,16,40,500,72,100,1.8471059738658369,88.83496832847595,0.02,0.05405405405405406,0.032659902230051406
400k,16,40,500,72,300,1.8471059738658369,88.83496832847595,0.016666666666666666,0.13513513513513514,0.06794552126126711
400k,16,40,500,72,500,1.8471059738658369,88.83496832847595,0.016,0.21621621621621623,0.1013611039538606
400k,16,40,500,72,1000,1.8471059738658369,88.83496832847595,0.015,0.40540540540540543,0.17125955660842648
400k,16,40,500,99,10,1.4146469766274095,88.83496832847595,0.0,0.0,0.0
400k,16,40,500,99,50,1.4146469766274095,88.83496832847595,0.0,0.0,0.0
400k,16,40,500,99,100,1.4146469766274095,88.83496832847595,0.0,0.0,0.0
400k,16,40,500,99,300,1.4146469766274095,88.83496832847595,0.013333333333333334,0.19047619047619047,0.06982825218375818
400k,16,40,500,99,500,1.4146469766274095,88.83496832847595,0.012,0.2857142857142857,0.10218668839968442
400k,16,40,500,99,1000,1.4146469766274095,88.83496832847595,0.013,0.6190476190476191,0.20413626780158028
400k,16,40,500,101,10,1.3472340069711208,88.83496832847595,0.1,0.023255813953488372,0.22009176629808017
400k,16,40,500,101,50,1.3472340069711208,88.83496832847595,0.08,0.09302325581395349,0.14429839711959375
400k,16,40,500,101,100,1.3472340069711208,88.83496832847595,0.07,0.16279069767441862,0.18526440489673604
400k,16,40,500,101,300,1.3472340069711208,88.83496832847595,0.06,0.4186046511627907,0.3114174309780895
400k,16,40,500,101,500,1.3472340069711208,88.83496832847595,0.056,0.6511627906976745,0.410532948386799
400k,16,40,500,101,1000,1.3472340069711208,88.83496832847595,0.041,0.9534883720930233,0.5280621413196924
400k,16,40,500,56,10,1.3799379812553525,88.83496832847595,0.0,0.0,0.0
400k,16,40,500,56,50,1.3799379812553525,88.83496832847595,0.0,0.0,0.0
400k,16,40,500,56,100,1.3799379812553525,88.83496832847595,0.02,0.0392156862745098,0.02586278489915839
400k,16,40,500,56,300,1.3799379812553525,88.83496832847595,0.03333333333333333,0.19607843137254902,0.10646229402477464
400k,16,40,500,56,500,1.3799379812553525,88.83496832847595,0.04,0.39215686274509803,0.1946241981823108
400k,16,40,500,56,1000,1.3799379812553525,88.83496832847595,0.033,0.6470588235294118,0.29907876162729546
400k,16,40,500,82,10,0.988835992757231,88.83496832847595,0.1,0.016129032258064516,0.07839826897867533
400k,16,40,500,82,50,0.988835992757231,88.83496832847595,0.04,0.03225806451612903,0.04857019105727315
400k,16,40,500,82,100,0.988835992757231,88.83496832847595,0.03,0.04838709677419355,0.0527725616175262
400k,16,40,500,82,300,0.988835992757231,88.83496832847595,0.03666666666666667,0.1774193548387097,0.12237745607207119
400k,16,40,500,82,500,0.988835992757231,88.83496832847595,0.04,0.3225806451612903,0.19195085496640174
400k,16,40,500,82,1000,0.988835992757231,88.83496832847595,0.045,0.7258064516129032,0.36791268512152336
400k,16,40,500,91,10,1.3960320211481303,88.83496832847595,0.0,0.0,0.0
400k,16,40,500,91,50,1.3960320211481303,88.83496832847595,0.0,0.0,0.0
400k,16,40,500,91,100,1.3960320211481303,88.83496832847595,0.0,0.0,0.0
400k,16,40,500,91,300,1.3960320211481303,88.83496832847595,0.006666666666666667,0.03125,0.016149754046164984
400k,16,40,500,91,500,1.3960320211481303,88.83496832847595,0.012,0.09375,0.046484594180430494
400k,16,40,500,91,1000,1.3960320211481303,88.83496832847595,0.019,0.296875,0.13584668158415097
400k,16,40,500,92,10,1.2380930129438639,88.83496832847595,0.0,0.0,0.0
400k,16,40,500,92,50,1.2380930129438639,88.83496832847595,0.0,0.0,0.0
400k,16,40,500,92,100,1.2380930129438639,88.83496832847595,0.0,0.0,0.0
400k,16,40,500,92,300,1.2380930129438639,88.83496832847595,0.0,0.0,0.0
400k,16,40,500,92,500,1.2380930129438639,88.83496832847595,0.012,0.09523809523809523,0.046025822911771944
400k,16,40,500,92,1000,1.2380930129438639,88.83496832847595,0.019,0.30158730158730157,0.13515804662627978
400k,16,40,1000,1,10,3.6933019873686135,88.83496832847595,1.0,0.136986301369863,1.0
400k,16,40,1000,1,50,3.6933019873686135,88.83496832847595,0.44,0.3013698630136986,0.56837682207257
400k,16,40,1000,1,100,3.6933019873686135,88.83496832847595,0.26,0.3561643835616438,0.47582271898851747
400k,16,40,1000,1,300,3.6933019873686135,88.83496832847595,0.13,0.5342465753424658,0.5766528929893178
400k,16,40,1000,1,500,3.6933019873686135,88.83496832847595,0.086,0.589041095890411,0.604506507101287
400k,16,40,1000,1,1000,3.6933019873686135,88.83496832847595,0.054,0.7397260273972602,0.6746434779708105
400k,16,40,1000,2,10,2.456682996125892,88.83496832847595,0.5,0.07692307692307693,0.5517854393872873
400k,16,40,1000,2,50,2.456682996125892,88.83496832847595,0.3,0.23076923076923078,0.3699838161871114
400k,16,40,1000,2,100,2.456682996125892,88.83496832847595,0.2,0.3076923076923077,0.36393070305603303
400k,16,40,1000,2,300,2.456682996125892,88.83496832847595,0.11,0.5076923076923077,0.47818332688840454
400k,16,40,1000,2,500,2.456682996125892,88.83496832847595,0.08,0.6153846153846154,0.5305902912203172
400k,16,40,1000,2,1000,2.456682996125892,88.83496832847595,0.044,0.676923076923077,0.5576257798495537
400k,16,40,1000,3,10,2.770430000964552,88.83496832847595,0.2,0.2857142857142857,0.16220310073808747
400k,16,40,1000,3,50,2.770430000964552,88.83496832847595,0.12,0.8571428571428571,0.4180857409493623
400k,16,40,1000,3,100,2.770430000964552,88.83496832847595,0.06,0.8571428571428571,0.4180857409493623
400k,16,40,1000,3,300,2.770430000964552,88.83496832847595,0.023333333333333334,1.0,0.45919488792345015
400k,16,40,1000,3,500,2.770430000964552,88.83496832847595,0.014,1.0,0.45919488792345015
400k,16,40,1000,3,1000,2.770430000964552,88.83496832847595,0.007,1.0,0.45919488792345015
400k,16,40,1000,4,10,1.5636009920854121,88.83496832847595,0.9,0.10975609756097561,0.9052116356304493
400k,16,40,1000,4,50,1.5636009920854121,88.83496832847595,0.52,0.3170731707317073,0.6126561146626635
400k,16,40,1000,4,100,1.5636009920854121,88.83496832847595,0.33,0.4024390243902439,0.49495047477349335
400k,16,40,1000,4,300,1.5636009920854121,88.83496832847595,0.18666666666666668,0.6829268292682927,0.66389472355729
400k,16,40,1000,4,500,1.5636009920854121,88.83496832847595,0.138,0.8414634146341463,0.747236249081723
400k,16,40,1000,4,1000,1.5636009920854121,88.83496832847595,0.081,0.9878048780487805,0.8172299820124066
400k,16,40,1000,5,10,2.388442982919514,88.83496832847595,1.0,0.11764705882352941,1.0
400k,16,40,1000,5,50,2.388442982919514,88.83496832847595,0.52,0.3058823529411765,0.636549647229996
400k,16,40,1000,5,100,2.388442982919514,88.83496832847595,0.36,0.4235294117647059,0.526302007956462
400k,16,40,1000,5,300,2.388442982919514,88.83496832847595,0.18666666666666668,0.6588235294117647,0.6762981465271662
400k,16,40,1000,5,500,2.388442982919514,88.83496832847595,0.134,0.788235294117647,0.7450929927154141
400k,16,40,1000,5,1000,2.388442982919514,88.83496832847595,0.077,0.9058823529411765,0.8024566419996567
400k,16,40,1000,11,10,2.753220993326977,88.83496832847595,0.2,0.06060606060606061,0.22400556151517553
400k,16,40,1000,11,50,2.753220993326977,88.83496832847595,0.12,0.18181818181818182,0.18684477637170732
400k,16,40,1000,11,100,2.753220993326977,88.83496832847595,0.07,0.21212121212121213,0.20368216967142203
400k,16,40,1000,11,300,2.753220993326977,88.83496832847595,0.06666666666666667,0.6060606060606061,0.38801113256246567
400k,16,40,1000,11,500,2.753220993326977,88.83496832847595,0.052,0.7878787878787878,0.4594878650538615
400k,16,40,1000,11,1000,2.753220993326977,88.83496832847595,0.028,0.8484848484848485,0.4808595298448152
400k,16,40,1000,12,10,2.9754670104011893,88.83496832847595,0.0,0.0,0.0
400k,16,40,1000,12,50,2.9754670104011893,88.83496832847595,0.0,0.0,0.0
400k,16,40,1000,12,100,2.9754670104011893,88.83496832847595,0.0,0.0,0.0
400k,16,40,1000,12,300,2.9754670104011893,88.83496832847595,0.0033333333333333335,0.07692307692307693,0.027034996767441435
400k,16,40,1000,12,500,2.9754670104011893,88.83496832847595,0.002,0.07692307692307693,0.027034996767441435
400k,16,40,1000,12,1000,2.9754670104011893,88.83496832847595,0.004,0.3076923076923077,0.08647020258456403
400k,16,40,1000,15,10,2.1969729859847575,88.83496832847595,0.0,0.0,0.0
400k,16,40,1000,15,50,2.1969729859847575,88.83496832847595,0.0,0.0,0.0
400k,16,40,1000,15,100,2.1969729859847575,88.83496832847595,0.0,0.0,0.0
400k,16,40,1000,15,300,2.1969729859847575,88.83496832847595,0.013333333333333334,0.10526315789473684,0.04828636960212795
400k,16,40,1000,15,500,2.1969729859847575,88.83496832847595,0.02,0.2631578947368421,0.11461973259519316
400k,16,40,1000,15,1000,2.1969729859847575,88.83496832847595,0.022,0.5789473684210527,0.231851888271212
400k,16,40,1000,34,10,1.826153020374477,88.83496832847595,0.0,0.0,0.0
400k,16,40,1000,34,50,1.826153020374477,88.83496832847595,0.0,0.0,0.0
400k,16,40,1000,34,100,1.826153020374477,88.83496832847595,0.03,0.08571428571428572,0.04842376159578359
400k,16,40,1000,34,300,1.826153020374477,88.83496832847595,0.02666666666666667,0.22857142857142856,0.11215726970579645
400k,16,40,1000,34,500,1.826153020374477,88.83496832847595,0.022,0.3142857142857143,0.14715301840817052
400k,16,40,1000,34,1000,1.826153020374477,88.83496832847595,0.023,0.6571428571428571,0.271742167180861
400k,16,40,1000,14,10,1.946392992977053,88.83496832847595,0.0,0.0,0.0
400k,16,40,1000,14,50,1.946392992977053,88.83496832847595,0.0,0.0,0.0
400k,16,40,1000,14,100,1.946392992977053,88.83496832847595,0.01,0.021739130434782608,0.01378086309326738
400k,16,40,1000,14,300,1.946392992977053,88.83496832847595,0.016666666666666666,0.10869565217391304,0.056936600415565614
400k,16,40,1000,14,500,1.946392992977053,88.83496832847595,0.022,0.2391304347826087,0.11395510532077081
400k,16,40,1000,14,1000,1.946392992977053,88.83496832847595,0.023,0.5,0.21677738077608566
400k,16,40,1000,27,10,1.886320998892188,88.83496832847595,0.0,0.0,0.0
400k,16,40,1000,27,50,1.886320998892188,88.83496832847595,0.0,0.0,0.0
400k,16,40,1000,27,100,1.886320998892188,88.83496832847595,0.0,0.0,0.0
400k,16,40,1000,27,300,1.886320998892188,88.83496832847595,0.006666666666666667,0.06060606060606061,0.02725594839824257
400k,16,40,1000,27,500,1.886320998892188,88.83496832847595,0.012,0.18181818181818182,0.07479072612893693
400k,16,40,1000,27,1000,1.886320998892188,88.83496832847595,0.013,0.3939393939393939,0.14989683792817793
400k,16,40,1000,66,10,2.0352069986984134,88.83496832847595,0.1,0.01818181818181818,0.06625422345438903
400k,16,40,1000,66,50,2.0352069986984134,88.83496832847595,0.02,0.01818181818181818,0.02333976076433925
400k,16,40,1000,66,100,2.0352069986984134,88.83496832847595,0.01,0.01818181818181818,0.021866577706041675
400k,16,40,1000,66,300,2.0352069986984134,88.83496832847595,0.01,0.05454545454545454,0.04065812511140027
400k,16,40,1000,66,500,2.0352069986984134,88.83496832847595,0.018,0.16363636363636364,0.09194380488836794
400k,16,40,1000,66,1000,2.0352069986984134,88.83496832847595,0.032,0.5818181818181818,0.26554135712349
400k,16,40,1000,72,10,3.0860220140311867,88.83496832847595,0.0,0.0,0.0
400k,16,40,1000,72,50,3.0860220140311867,88.83496832847595,0.02,0.02702702702702703,0.018234411428182194
400k,16,40,1000,72,100,3.0860220140311867,88.83496832847595,0.02,0.05405405405405406,0.03262722512984432
400k,16,40,1000,72,300,3.0860220140311867,88.83496832847595,0.01,0.08108108108108109,0.04473498581375118
400k,16,40,1000,72,500,3.0860220140311867,88.83496832847595,0.016,0.21621621621621623,0.10147587129268493
400k,16,40,1000,72,1000,3.0860220140311867,88.83496832847595,0.017,0.4594594594594595,0.1905520219684633
400k,16,40,1000,99,10,2.3189210041891783,88.83496832847595,0.0,0.0,0.0
400k,16,40,1000,99,50,2.3189210041891783,88.83496832847595,0.0,0.0,0.0
400k,16,40,1000,99,100,2.3189210041891783,88.83496832847595,0.0,0.0,0.0
400k,16,40,1000,99,300,2.3189210041891783,88.83496832847595,0.013333333333333334,0.19047619047619047,0.06980787783566055
400k,16,40,1000,99,500,2.3189210041891783,88.83496832847595,0.012,0.2857142857142857,0.10213882050500858
400k,16,40,1000,99,1000,2.3189210041891783,88.83496832847595,0.012,0.5714285714285714,0.18962369814453006
400k,16,40,1000,101,10,2.270593016874045,88.83496832847595,0.1,0.023255813953488372,0.22009176629808017
400k,16,40,1000,101,50,2.270593016874045,88.83496832847595,0.08,0.09302325581395349,0.14429839711959375
400k,16,40,1000,101,100,2.270593016874045,88.83496832847595,0.07,0.16279069767441862,0.18526440489673604
400k,16,40,1000,101,300,2.270593016874045,88.83496832847595,0.06,0.4186046511627907,0.31132072421341833
400k,16,40,1000,101,500,2.270593016874045,88.83496832847595,0.056,0.6511627906976745,0.41026082080073545
400k,16,40,1000,101,1000,2.270593016874045,88.83496832847595,0.038,0.8837209302325582,0.5012890862120262
400k,16,40,1000,56,10,2.4698349880054593,88.83496832847595,0.0,0.0,0.0
400k,16,40,1000,56,50,2.4698349880054593,88.83496832847595,0.0,0.0,0.0
400k,16,40,1000,56,100,2.4698349880054593,88.83496832847595,0.02,0.0392156862745098,0.02586278489915839
400k,16,40,1000,56,300,2.4698349880054593,88.83496832847595,0.03333333333333333,0.19607843137254902,0.10646229402477464
400k,16,40,1000,56,500,2.4698349880054593,88.83496832847595,0.036,0.35294117647058826,0.17743788429887297
400k,16,40,1000,56,1000,2.4698349880054593,88.83496832847595,0.033,0.6470588235294118,0.29839968573579534
400k,16,40,1000,82,10,1.5775900101289153,88.83496832847595,0.1,0.016129032258064516,0.07839826897867533
400k,16,40,1000,82,50,1.5775900101289153,88.83496832847595,0.04,0.03225806451612903,0.04857019105727315
400k,16,40,1000,82,100,1.5775900101289153,88.83496832847595,0.03,0.04838709677419355,0.0527725616175262
400k,16,40,1000,82,300,1.5775900101289153,88.83496832847595,0.03666666666666667,0.1774193548387097,0.12237745607207119
400k,16,40,1000,82,500,1.5775900101289153,88.83496832847595,0.04,0.3225806451612903,0.19194021141647613
400k,16,40,1000,82,1000,1.5775900101289153,88.83496832847595,0.048,0.7741935483870968,0.3883179001333464
400k,16,40,1000,91,10,2.1985539933666587,88.83496832847595,0.0,0.0,0.0
400k,16,40,1000,91,50,2.1985539933666587,88.83496832847595,0.0,0.0,0.0
400k,16,40,1000,91,100,2.1985539933666587,88.83496832847595,0.0,0.0,0.0
400k,16,40,1000,91,300,2.1985539933666587,88.83496832847595,0.006666666666666667,0.03125,0.01612419941028066
400k,16,40,1000,91,500,2.1985539933666587,88.83496832847595,0.01,0.078125,0.03909309478319787
400k,16,40,1000,91,1000,2.1985539933666587,88.83496832847595,0.022,0.34375,0.15568707076036797
400k,16,40,1000,92,10,1.7556220118422061,88.83496832847595,0.0,0.0,0.0
400k,16,40,1000,92,50,1.7556220118422061,88.83496832847595,0.0,0.0,0.0
400k,16,40,1000,92,100,1.7556220118422061,88.83496832847595,0.0,0.0,0.0
400k,16,40,1000,92,300,1.7556220118422061,88.83496832847595,0.0,0.0,0.0
400k,16,40,1000,92,500,1.7556220118422061,88.83496832847595,0.012,0.09523809523809523,0.04597760800955912
400k,16,40,1000,92,1000,1.7556220118422061,88.83496832847595,0.016,0.25396825396825395,0.11493937314179017
400k,32,200,10,1,10,38.00096598570235,556.469789981842,0.7,0.0958904109589041,0.800693766409882
400k,32,200,10,1,50,38.00096598570235,556.469789981842,0.22,0.1506849315068493,0.3441493374080528
400k,32,200,10,1,100,38.00096598570235,556.469789981842,0.18,0.2465753424657534,0.3331614694994613
400k,32,200,10,1,300,38.00096598570235,556.469789981842,0.06666666666666667,0.273972602739726,0.3492802908863202
400k,32,200,10,1,500,38.00096598570235,556.469789981842,0.04,0.273972602739726,0.3492802908863202
400k,32,200,10,1,1000,38.00096598570235,556.469789981842,0.02,0.273972602739726,0.3492802908863202
400k,32,200,10,2,10,0.6043169996701181,556.469789981842,0.4,0.06153846153846154,0.35359815335916356
400k,32,200,10,2,50,0.6043169996701181,556.469789981842,0.26,0.2,0.28144662399075165
400k,32,200,10,2,100,0.6043169996701181,556.469789981842,0.18,0.27692307692307694,0.2869991846970301
400k,32,200,10,2,300,0.6043169996701181,556.469789981842,0.06666666666666667,0.3076923076923077,0.30420270500568763
400k,32,200,10,2,500,0.6043169996701181,556.469789981842,0.04,0.3076923076923077,0.30420270500568763
400k,32,200,10,2,1000,0.6043169996701181,556.469789981842,0.02,0.3076923076923077,0.30420270500568763
400k,32,200,10,3,10,0.5417799984570593,556.469789981842,0.2,0.2857142857142857,0.16220310073808747
400k,32,200,10,3,50,0.5417799984570593,556.469789981842,0.08,0.5714285714285714,0.2905153143004007
400k,32,200,10,3,100,0.5417799984570593,556.469789981842,0.05,0.7142857142857143,0.33492308875338567
400k,32,200,10,3,300,0.5417799984570593,556.469789981842,0.016666666666666666,0.7142857142857143,0.33492308875338567
400k,32,200,10,3,500,0.5417799984570593,556.469789981842,0.01,0.7142857142857143,0.33492308875338567
400k,32,200,10,3,1000,0.5417799984570593,556.469789981842,0.005,0.7142857142857143,0.33492308875338567
400k,32,200,10,4,10,0.2721769851632416,556.469789981842,0.9,0.10975609756097561,0.9052116356304493
400k,32,200,10,4,50,0.2721769851632416,556.469789981842,0.4,0.24390243902439024,0.5182596017975254
400k,32,200,10,4,100,0.2721769851632416,556.469789981842,0.26,0.3170731707317073,0.4215370522328854
400k,32,200,10,4,300,0.2721769851632416,556.469789981842,0.12666666666666668,0.4634146341463415,0.5125633581762227
400k,32,200,10,4,500,0.2721769851632416,556.469789981842,0.076,0.4634146341463415,0.5125633581762227
400k,32,200,10,4,1000,0.2721769851632416,556.469789981842,0.038,0.4634146341463415,0.5125633581762227
400k,32,200,10,5,10,0.2560699940659106,556.469789981842,1.0,0.11764705882352941,1.0
400k,32,200,10,5,50,0.2560699940659106,556.469789981842,0.46,0.27058823529411763,0.5890157624775082
400k,32,200,10,5,100,0.2560699940659106,556.469789981842,0.25,0.29411764705882354,0.42440303372246724
400k,32,200,10,5,300,0.2560699940659106,556.469789981842,0.1,0.35294117647058826,0.4611648770567203
400k,32,200,10,5,500,0.2560699940659106,556.469789981842,0.06,0.35294117647058826,0.4611648770567203
400k,32,200,10,5,1000,0.2560699940659106,556.469789981842,0.03,0.35294117647058826,0.4611648770567203
400k,32,200,10,11,10,0.34314001095481217,556.469789981842,0.2,0.06060606060606061,0.22400556151517553
400k,32,200,10,11,50,0.34314001095481217,556.469789981842,0.08,0.12121212121212122,0.14602278103154143
400k,32,200,10,11,100,0.34314001095481217,556.469789981842,0.08,0.24242424242424243,0.21006131063810046
400k,32,200,10,11,300,0.34314001095481217,556.469789981842,0.04666666666666667,0.42424242424242425,0.2946793936204867
400k,32,200,10,11,500,0.34314001095481217,556.469789981842,0.028,0.42424242424242425,0.2946793936204867
400k,32,200,10,11,1000,0.34314001095481217,556.469789981842,0.014,0.42424242424242425,0.2946793936204867
400k,32,200,10,12,10,0.2696209994610399,556.469789981842,0.0,0.0,0.0
400k,32,200,10,12,50,0.2696209994610399,556.469789981842,0.0,0.0,0.0
400k,32,200,10,12,100,0.2696209994610399,556.469789981842,0.0,0.0,0.0
400k,32,200,10,12,300,0.2696209994610399,556.469789981842,0.0,0.0,0.0
400k,32,200,10,12,500,0.2696209994610399,556.469789981842,0.0,0.0,0.0
400k,32,200,10,12,1000,0.2696209994610399,556.469789981842,0.0,0.0,0.0
400k,32,200,10,15,10,0.3277569776400924,556.469789981842,0.0,0.0,0.0
400k,32,200,10,15,50,0.3277569776400924,556.469789981842,0.0,0.0,0.0
400k,32,200,10,15,100,0.3277569776400924,556.469789981842,0.01,0.02631578947368421,0.014374052316283626
400k,32,200,10,15,300,0.3277569776400924,556.469789981842,0.023333333333333334,0.18421052631578946,0.08958138494889428
400k,32,200,10,15,500,0.3277569776400924,556.469789981842,0.018,0.23684210526315788,0.11172520688122502
400k,32,200,10,15,1000,0.3277569776400924,556.469789981842,0.009,0.23684210526315788,0.11172520688122502
400k,32,200,10,34,10,0.28652901528403163,556.469789981842,0.0,0.0,0.0
400k,32,200,10,34,50,0.28652901528403163,556.469789981842,0.02,0.02857142857142857,0.0179489468007983
400k,32,200,10,34,100,0.28652901528403163,556.469789981842,0.01,0.02857142857142857,0.0179489468007983
400k,32,200,10,34,300,0.28652901528403163,556.469789981842,0.02,0.17142857142857143,0.08401889916916147
400k,32,200,10,34,500,0.28652901528403163,556.469789981842,0.014,0.2,0.0957948709948038
400k,32,200,10,34,1000,0.28652901528403163,556.469789981842,0.007,0.2,0.0957948709948038
400k,32,200,10,14,10,0.28977898182347417,556.469789981842,0.0,0.0,0.0
400k,32,200,10,14,50,0.28977898182347417,556.469789981842,0.0,0.0,0.0
400k,32,200,10,14,100,0.28977898182347417,556.469789981842,0.0,0.0,0.0
400k,32,200,10,14,300,0.28977898182347417,556.469789981842,0.02,0.13043478260869565,0.06509152011752754
400k,32,200,10,14,500,0.28977898182347417,556.469789981842,0.012,0.13043478260869565,0.06509152011752754
400k,32,200,10,14,1000,0.28977898182347417,556.469789981842,0.006,0.13043478260869565,0.06509152011752754
400k,32,200,10,27,10,0.2736790047492832,556.469789981842,0.0,0.0,0.0
400k,32,200,10,27,50,0.2736790047492832,556.469789981842,0.0,0.0,0.0
400k,32,200,10,27,100,0.2736790047492832,556.469789981842,0.0,0.0,0.0
400k,32,200,10,27,300,0.2736790047492832,556.469789981842,0.02,0.18181818181818182,0.07848321625493208
400k,32,200,10,27,500,0.2736790047492832,556.469789981842,0.012,0.18181818181818182,0.07848321625493208
400k,32,200,10,27,1000,0.2736790047492832,556.469789981842,0.006,0.18181818181818182,0.07848321625493208
400k,32,200,10,66,10,0.23184600286185741,556.469789981842,0.1,0.01818181818181818,0.06625422345438903
400k,32,200,10,66,50,0.23184600286185741,556.469789981842,0.02,0.01818181818181818,0.02333976076433925
400k,32,200,10,66,100,0.23184600286185741,556.469789981842,0.01,0.01818181818181818,0.021866577706041675
400k,32,200,10,66,300,0.23184600286185741,556.469789981842,0.01,0.05454545454545454,0.041396134059163384
400k,32,200,10,66,500,0.23184600286185741,556.469789981842,0.006,0.05454545454545454,0.041396134059163384
400k,32,200,10,66,1000,0.23184600286185741,556.469789981842,0.003,0.05454545454545454,0.041396134059163384
400k,32,200,10,72,10,0.2745389938354492,556.469789981842,0.0,0.0,0.0
400k,32,200,10,72,50,0.2745389938354492,556.469789981842,0.0,0.0,0.0
400k,32,200,10,72,100,0.2745389938354492,556.469789981842,0.01,0.02702702702702703,0.015892064149671915
400k,32,200,10,72,300,0.2745389938354492,556.469789981842,0.016666666666666666,0.13513513513513514,0.06910036099520736
400k,32,200,10,72,500,0.2745389938354492,556.469789981842,0.01,0.13513513513513514,0.06910036099520736
400k,32,200,10,72,1000,0.2745389938354492,556.469789981842,0.005,0.13513513513513514,0.06910036099520736
400k,32,200,10,99,10,0.270372984232381,556.469789981842,0.0,0.0,0.0
400k,32,200,10,99,50,0.270372984232381,556.469789981842,0.0,0.0,0.0
400k,32,200,10,99,100,0.270372984232381,556.469789981842,0.0,0.0,0.0
400k,32,200,10,99,300,0.270372984232381,556.469789981842,0.006666666666666667,0.09523809523809523,0.036837395012174146
400k,32,200,10,99,500,0.270372984232381,556.469789981842,0.004,0.09523809523809523,0.036837395012174146
400k,32,200,10,99,1000,0.270372984232381,556.469789981842,0.002,0.09523809523809523,0.036837395012174146
400k,32,200,10,101,10,0.2816299966070801,556.469789981842,0.1,0.023255813953488372,0.22009176629808017
400k,32,200,10,101,50,0.2816299966070801,556.469789981842,0.06,0.06976744186046512,0.12830947034239443
400k,32,200,10,101,100,0.2816299966070801,556.469789981842,0.07,0.16279069767441862,0.18428695323188657
400k,32,200,10,101,300,0.2816299966070801,556.469789981842,0.03333333333333333,0.23255813953488372,0.21859212284837407
400k,32,200,10,101,500,0.2816299966070801,556.469789981842,0.02,0.23255813953488372,0.21859212284837407
400k,32,200,10,101,1000,0.2816299966070801,556.469789981842,0.01,0.23255813953488372,0.21859212284837407
400k,32,200,10,56,10,0.278599007287994,556.469789981842,0.0,0.0,0.0
400k,32,200,10,56,50,0.278599007287994,556.469789981842,0.02,0.0196078431372549,0.014669272800906774
400k,32,200,10,56,100,0.278599007287994,556.469789981842,0.03,0.058823529411764705,0.03879429675946503
400k,32,200,10,56,300,0.278599007287994,556.469789981842,0.016666666666666666,0.09803921568627451,0.059737165530770395
400k,32,200,10,56,500,0.278599007287994,556.469789981842,0.01,0.09803921568627451,0.059737165530770395
400k,32,200,10,56,1000,0.278599007287994,556.469789981842,0.005,0.09803921568627451,0.059737165530770395
400k,32,200,10,82,10,0.2788359997794032,556.469789981842,0.2,0.03225806451612903,0.15139734109601002
400k,32,200,10,82,50,0.2788359997794032,556.469789981842,0.06,0.04838709677419355,0.06707121654869065
400k,32,200,10,82,100,0.2788359997794032,556.469789981842,0.04,0.06451612903225806,0.0679899645228749
400k,32,200,10,82,300,0.2788359997794032,556.469789981842,0.05333333333333334,0.25806451612903225,0.17128032850767697
400k,32,200,10,82,500,0.2788359997794032,556.469789981842,0.032,0.25806451612903225,0.17128032850767697
400k,32,200,10,82,1000,0.2788359997794032,556.469789981842,0.016,0.25806451612903225,0.17128032850767697
400k,32,200,10,91,10,0.26636800612322986,556.469789981842,0.0,0.0,0.0
400k,32,200,10,91,50,0.26636800612322986,556.469789981842,0.0,0.0,0.0
400k,32,200,10,91,100,0.26636800612322986,556.469789981842,0.0,0.0,0.0
400k,32,200,10,91,300,0.26636800612322986,556.469789981842,0.03333333333333333,0.15625,0.0869933980077876
400k,32,200,10,91,500,0.26636800612322986,556.469789981842,0.02,0.15625,0.0869933980077876
400k,32,200,10,91,1000,0.26636800612322986,556.469789981842,0.01,0.15625,0.0869933980077876
400k,32,200,10,92,10,0.2921459963545203,556.469789981842,0.0,0.0,0.0
400k,32,200,10,92,50,0.2921459963545203,556.469789981842,0.0,0.0,0.0
400k,32,200,10,92,100,0.2921459963545203,556.469789981842,0.0,0.0,0.0
400k,32,200,10,92,300,0.2921459963545203,556.469789981842,0.006666666666666667,0.031746031746031744,0.017235845965919937
400k,32,200,10,92,500,0.2921459963545203,556.469789981842,0.014,0.1111111111111111,0.05667245246134397
400k,32,200,10,92,1000,0.2921459963545203,556.469789981842,0.007,0.1111111111111111,0.05667245246134397
400k,32,200,50,1,10,1.6968529962468892,556.469789981842,1.0,0.136986301369863,1.0
400k,32,200,50,1,50,1.6968529962468892,556.469789981842,0.32,0.2191780821917808,0.4617019190462187
400k,32,200,50,1,100,1.6968529962468892,556.469789981842,0.2,0.273972602739726,0.3936477631672188
400k,32,200,50,1,300,1.6968529962468892,556.469789981842,0.10333333333333333,0.4246575342465753,0.4820511296232465
400k,32,200,50,1,500,1.6968529962468892,556.469789981842,0.07,0.4794520547945205,0.5101155164453222
400k,32,200,50,1,1000,1.6968529962468892,556.469789981842,0.037,0.5068493150684932,0.5226798443866361
400k,32,200,50,2,10,0.9666289843153208,556.469789981842,0.5,0.07692307692307693,0.5517854393872873
400k,32,200,50,2,50,0.9666289843153208,556.469789981842,0.32,0.24615384615384617,0.38372577197754654
400k,32,200,50,2,100,0.9666289843153208,556.469789981842,0.21,0.3230769230769231,0.37413418197547177
400k,32,200,50,2,300,0.9666289843153208,556.469789981842,0.10666666666666667,0.49230769230769234,0.4703442498113948
400k,32,200,50,2,500,0.9666289843153208,556.469789981842,0.066,0.5076923076923077,0.47817370029689305
400k,32,200,50,2,1000,0.9666289843153208,556.469789981842,0.036,0.5538461538461539,0.49877284644496633
400k,32,200,50,3,10,0.6566109950654209,556.469789981842,0.2,0.2857142857142857,0.16220310073808747
400k,32,200,50,3,50,0.6566109950654209,556.469789981842,0.12,0.8571428571428571,0.4180857409493623
400k,32,200,50,3,100,0.6566109950654209,556.469789981842,0.07,1.0,0.45964105318408344
400k,32,200,50,3,300,0.6566109950654209,556.469789981842,0.023333333333333334,1.0,0.45964105318408344
400k,32,200,50,3,500,0.6566109950654209,556.469789981842,0.014,1.0,0.45964105318408344
400k,32,200,50,3,1000,0.6566109950654209,556.469789981842,0.007,1.0,0.45964105318408344
400k,32,200,50,4,10,0.5555320240091532,556.469789981842,0.9,0.10975609756097561,0.9052116356304493
400k,32,200,50,4,50,0.5555320240091532,556.469789981842,0.52,0.3170731707317073,0.6125758410688514
400k,32,200,50,4,100,0.5555320240091532,556.469789981842,0.32,0.3902439024390244,0.4856242166490658
400k,32,200,50,4,300,0.5555320240091532,556.469789981842,0.18,0.6585365853658537,0.6487066460649865
400k,32,200,50,4,500,0.5555320240091532,556.469789981842,0.132,0.8048780487804879,0.7264921299926702
400k,32,200,50,4,1000,0.5555320240091532,556.469789981842,0.073,0.8902439024390244,0.7688211328805944
400k,32,200,50,5,10,0.558424013433978,556.469789981842,1.0,0.11764705882352941,1.0
400k,32,200,50,5,50,0.558424013433978,556.469789981842,0.54,0.3176470588235294,0.6505821545614708
400k,32,200,50,5,100,0.558424013433978,556.469789981842,0.38,0.4470588235294118,0.5431460932703941
400k,32,200,50,5,300,0.558424013433978,556.469789981842,0.18,0.6352941176470588,0.6608475579815297
400k,32,200,50,5,500,0.558424013433978,556.469789981842,0.116,0.6823529411764706,0.6854692387887418
400k,32,200,50,5,1000,0.558424013433978,556.469789981842,0.06,0.7058823529411765,0.697130176925473
400k,32,200,50,11,10,0.6686410051770508,556.469789981842,0.2,0.06060606060606061,0.22400556151517553
400k,32,200,50,11,50,0.6686410051770508,556.469789981842,0.12,0.18181818181818182,0.18670629749341963
400k,32,200,50,11,100,0.6686410051770508,556.469789981842,0.07,0.21212121212121213,0.2021673764381061
400k,32,200,50,11,300,0.6686410051770508,556.469789981842,0.06,0.5454545454545454,0.3575946696677058
400k,32,200,50,11,500,0.6686410051770508,556.469789981842,0.044,0.6666666666666666,0.40564572998382553
400k,32,200,50,11,1000,0.6686410051770508,556.469789981842,0.022,0.6666666666666666,0.40564572998382553
400k,32,200,50,12,10,0.7656620000489056,556.469789981842,0.0,0.0,0.0
400k,32,200,50,12,50,0.7656620000489056,556.469789981842,0.0,0.0,0.0
400k,32,200,50,12,100,0.7656620000489056,556.469789981842,0.0,0.0,0.0
400k,32,200,50,12,300,0.7656620000489056,556.469789981842,0.0033333333333333335,0.07692307692307693,0.02792608243523307
400k,32,200,50,12,500,0.7656620000489056,556.469789981842,0.002,0.07692307692307693,0.02792608243523307
400k,32,200,50,12,1000,0.7656620000489056,556.469789981842,0.001,0.07692307692307693,0.02792608243523307
400k,32,200,50,15,10,0.70486098411493,556.469789981842,0.0,0.0,0.0
400k,32,200,50,15,50,0.70486098411493,556.469789981842,0.0,0.0,0.0
400k,32,200,50,15,100,0.70486098411493,556.469789981842,0.0,0.0,0.0
400k,32,200,50,15,300,0.70486098411493,556.469789981842,0.023333333333333334,0.18421052631578946,0.0835543083501681
400k,32,200,50,15,500,0.70486098411493,556.469789981842,0.022,0.2894736842105263,0.12638093395861544
400k,32,200,50,15,1000,0.70486098411493,556.469789981842,0.019,0.5,0.2057348618880162
400k,32,200,50,34,10,0.5524119769688696,556.469789981842,0.0,0.0,0.0
400k,32,200,50,34,50,0.5524119769688696,556.469789981842,0.0,0.0,0.0
400k,32,200,50,34,100,0.5524119769688696,556.469789981842,0.03,0.08571428571428572,0.04881132516230249
400k,32,200,50,34,300,0.5524119769688696,556.469789981842,0.03,0.2571428571428571,0.12490280627906371
400k,32,200,50,34,500,0.5524119769688696,556.469789981842,0.028,0.4,0.1814621997286106
400k,32,200,50,34,1000,0.5524119769688696,556.469789981842,0.021,0.6,0.25512283412282205
400k,32,200,50,14,10,0.6002929876558483,556.469789981842,0.0,0.0,0.0
400k,32,200,50,14,50,0.6002929876558483,556.469789981842,0.0,0.0,0.0
400k,32,200,50,14,100,0.6002929876558483,556.469789981842,0.0,0.0,0.0
400k,32,200,50,14,300,0.6002929876558483,556.469789981842,0.01,0.06521739130434782,0.03165964438895318
400k,32,200,50,14,500,0.6002929876558483,556.469789981842,0.016,0.17391304347826086,0.07987413803396237
400k,32,200,50,14,1000,0.6002929876558483,556.469789981842,0.014,0.30434782608695654,0.1335136092908183
400k,32,200,50,27,10,0.5362099909689277,556.469789981842,0.0,0.0,0.0
400k,32,200,50,27,50,0.5362099909689277,556.469789981842,0.0,0.0,0.0
400k,32,200,50,27,100,0.5362099909689277,556.469789981842,0.0,0.0,0.0
400k,32,200,50,27,300,0.5362099909689277,556.469789981842,0.01,0.09090909090909091,0.03902152256040439
400k,32,200,50,27,500,0.5362099909689277,556.469789981842,0.012,0.18181818181818182,0.0741384458224681
400k,32,200,50,27,1000,0.5362099909689277,556.469789981842,0.011,0.3333333333333333,0.1294062337419928
400k,32,200,50,66,10,0.48858000081963837,556.469789981842,0.1,0.01818181818181818,0.06625422345438903
400k,32,200,50,66,50,0.48858000081963837,556.469789981842,0.02,0.01818181818181818,0.02333976076433925
400k,32,200,50,66,100,0.48858000081963837,556.469789981842,0.01,0.01818181818181818,0.021866577706041675
400k,32,200,50,66,300,0.48858000081963837,556.469789981842,0.02,0.10909090909090909,0.06748430099569115
400k,32,200,50,66,500,0.48858000081963837,556.469789981842,0.02,0.18181818181818182,0.10145517066945327
400k,32,200,50,66,1000,0.48858000081963837,556.469789981842,0.019,0.34545454545454546,0.1727904435147523
400k,32,200,50,72,10,0.6168840045575052,556.469789981842,0.0,0.0,0.0
400k,32,200,50,72,50,0.6168840045575052,556.469789981842,0.02,0.02702702702702703,0.018234411428182194
400k,32,200,50,72,100,0.6168840045575052,556.469789981842,0.02,0.05405405405405406,0.033094642812548224
400k,32,200,50,72,300,0.6168840045575052,556.469789981842,0.016666666666666666,0.13513513513513514,0.06925292841797565
400k,32,200,50,72,500,0.6168840045575052,556.469789981842,0.014,0.1891891891891892,0.09170503528979136
400k,32,200,50,72,1000,0.6168840045575052,556.469789981842,0.008,0.21621621621621623,0.10225962595476988
400k,32,200,50,99,10,0.5157989799045026,556.469789981842,0.0,0.0,0.0
400k,32,200,50,99,50,0.5157989799045026,556.469789981842,0.0,0.0,0.0
400k,32,200,50,99,100,0.5157989799045026,556.469789981842,0.0,0.0,0.0
400k,32,200,50,99,300,0.5157989799045026,556.469789981842,0.01,0.14285714285714285,0.05369546830502117
400k,32,200,50,99,500,0.5157989799045026,556.469789981842,0.012,0.2857142857142857,0.10019589881449749
400k,32,200,50,99,1000,0.5157989799045026,556.469789981842,0.009,0.42857142857142855,0.14428193875046066
400k,32,200,50,101,10,0.5212269898038357,556.469789981842,0.1,0.023255813953488372,0.22009176629808017
400k,32,200,50,101,50,0.5212269898038357,556.469789981842,0.08,0.09302325581395349,0.14429839711959375
400k,32,200,50,101,100,0.5212269898038357,556.469789981842,0.07,0.16279069767441862,0.1852935137287756
400k,32,200,50,101,300,0.5212269898038357,556.469789981842,0.05333333333333334,0.37209302325581395,0.28807399516192583
400k,32,200,50,101,500,0.5212269898038357,556.469789981842,0.042,0.4883720930232558,0.3388322376122431
400k,32,200,50,101,1000,0.5212269898038357,556.469789981842,0.023,0.5348837209302325,0.35771412861351065
400k,32,200,50,56,10,0.5955390224698931,556.469789981842,0.0,0.0,0.0
400k,32,200,50,56,50,0.5955390224698931,556.469789981842,0.0,0.0,0.0
400k,32,200,50,56,100,0.5955390224698931,556.469789981842,0.02,0.0392156862745098,0.025968906571411033
400k,32,200,50,56,300,0.5955390224698931,556.469789981842,0.02666666666666667,0.1568627450980392,0.08708971799277432
400k,32,200,50,56,500,0.5955390224698931,556.469789981842,0.036,0.35294117647058826,0.17634823995380278
400k,32,200,50,56,1000,0.5955390224698931,556.469789981842,0.02,0.39215686274509803,0.19319779526761796
400k,32,200,50,82,10,0.5578210111707449,556.469789981842,0.1,0.016129032258064516,0.07839826897867533
400k,32,200,50,82,50,0.5578210111707449,556.469789981842,0.04,0.03225806451612903,0.04857019105727315
400k,32,200,50,82,100,0.5578210111707449,556.469789981842,0.03,0.04838709677419355,0.05292254484696117
400k,32,200,50,82,300,0.5578210111707449,556.469789981842,0.03333333333333333,0.16129032258064516,0.11548950621158659
400k,32,200,50,82,500,0.5578210111707449,556.469789981842,0.04,0.3225806451612903,0.1931724558180459
400k,32,200,50,82,1000,0.5578210111707449,556.469789981842,0.035,0.5645161290322581,0.3019233288495736
400k,32,200,50,91,10,0.5757389881182462,556.469789981842,0.0,0.0,0.0
400k,32,200,50,91,50,0.5757389881182462,556.469789981842,0.0,0.0,0.0
400k,32,200,50,91,100,0.5757389881182462,556.469789981842,0.0,0.0,0.0
400k,32,200,50,91,300,0.5757389881182462,556.469789981842,0.01,0.046875,0.02482413251213405
400k,32,200,50,91,500,0.5757389881182462,556.469789981842,0.018,0.140625,0.06977713888218472
400k,32,200,50,91,1000,0.5757389881182462,556.469789981842,0.022,0.34375,0.1611123601231051
400k,32,200,50,92,10,0.6213790038600564,556.469789981842,0.0,0.0,0.0
400k,32,200,50,92,50,0.6213790038600564,556.469789981842,0.0,0.0,0.0
400k,32,200,50,92,100,0.6213790038600564,556.469789981842,0.0,0.0,0.0
400k,32,200,50,92,300,0.6213790038600564,556.469789981842,0.0,0.0,0.0
400k,32,200,50,92,500,0.6213790038600564,556.469789981842,0.004,0.031746031746031744,0.015642659592145204
400k,32,200,50,92,1000,0.6213790038600564,556.469789981842,0.018,0.2857142857142857,0.1263869726719171
400k,32,200,100,1,10,1.3617619988508523,556.469789981842,1.0,0.136986301369863,1.0
400k,32,200,100,1,50,1.3617619988508523,556.469789981842,0.4,0.273972602739726,0.536213999108692
400k,32,200,100,1,100,1.3617619988508523,556.469789981842,0.22,0.3013698630136986,0.43194494363147673
400k,32,200,100,1,300,1.3617619988508523,556.469789981842,0.12666666666666668,0.5205479452054794,0.5592923430505271
400k,32,200,100,1,500,1.3617619988508523,556.469789981842,0.092,0.6301369863013698,0.6142939516812527
400k,32,200,100,1,1000,1.3617619988508523,556.469789981842,0.05,0.684931506849315,0.6400060438186504
400k,32,200,100,2,10,1.014288020087406,556.469789981842,0.5,0.07692307692307693,0.5517854393872873
400k,32,200,100,2,50,1.014288020087406,556.469789981842,0.3,0.23076923076923078,0.3699838161871114
400k,32,200,100,2,100,1.014288020087406,556.469789981842,0.2,0.3076923076923077,0.3638395860712507
400k,32,200,100,2,300,1.014288020087406,556.469789981842,0.10333333333333333,0.47692307692307695,0.46158779421044954
400k,32,200,100,2,500,1.014288020087406,556.469789981842,0.076,0.5846153846153846,0.5149363639818256
400k,32,200,100,2,1000,1.014288020087406,556.469789981842,0.043,0.6615384615384615,0.5485509112040069
400k,32,200,100,3,10,0.972586014540866,556.469789981842,0.2,0.2857142857142857,0.16220310073808747
400k,32,200,100,3,50,0.972586014540866,556.469789981842,0.12,0.8571428571428571,0.4180857409493623
400k,32,200,100,3,100,0.972586014540866,556.469789981842,0.06,0.8571428571428571,0.4180857409493623
400k,32,200,100,3,300,0.972586014540866,556.469789981842,0.023333333333333334,1.0,0.4592816058450306
400k,32,200,100,3,500,0.972586014540866,556.469789981842,0.014,1.0,0.4592816058450306
400k,32,200,100,3,1000,0.972586014540866,556.469789981842,0.007,1.0,0.4592816058450306
400k,32,200,100,4,10,0.7427609816659242,556.469789981842,0.9,0.10975609756097561,0.9052116356304493
400k,32,200,100,4,50,0.7427609816659242,556.469789981842,0.52,0.3170731707317073,0.6126561146626635
400k,32,200,100,4,100,0.7427609816659242,556.469789981842,0.33,0.4024390243902439,0.49495047477349335
400k,32,200,100,4,300,0.7427609816659242,556.469789981842,0.18666666666666668,0.6829268292682927,0.6641887487759227
400k,32,200,100,4,500,0.7427609816659242,556.469789981842,0.138,0.8414634146341463,0.7474551980001538
400k,32,200,100,4,1000,0.7427609816659242,556.469789981842,0.077,0.9390243902439024,0.7946378641240337
400k,32,200,100,5,10,0.8326740062329918,556.469789981842,1.0,0.11764705882352941,1.0
400k,32,200,100,5,50,0.8326740062329918,556.469789981842,0.52,0.3058823529411765,0.636549647229996
400k,32,200,100,5,100,0.8326740062329918,556.469789981842,0.36,0.4235294117647059,0.526302007956462
400k,32,200,100,5,300,0.8326740062329918,556.469789981842,0.19,0.6705882352941176,0.6829832367503519
400k,32,200,100,5,500,0.8326740062329918,556.469789981842,0.132,0.7764705882352941,0.7387340719981416
400k,32,200,100,5,1000,0.8326740062329918,556.469789981842,0.077,0.9058823529411765,0.8022538789882915
400k,32,200,100,11,10,1.0526799887884408,556.469789981842,0.2,0.06060606060606061,0.22400556151517553
400k,32,200,100,11,50,1.0526799887884408,556.469789981842,0.12,0.18181818181818182,0.18670629749341963
400k,32,200,100,11,100,1.0526799887884408,556.469789981842,0.06,0.18181818181818182,0.18670629749341963
400k,32,200,100,11,300,1.0526799887884408,556.469789981842,0.056666666666666664,0.5151515151515151,0.34349993491634107
400k,32,200,100,11,500,1.0526799887884408,556.469789981842,0.044,0.6666666666666666,0.4036889567766309
400k,32,200,100,11,1000,1.0526799887884408,556.469789981842,0.024,0.7272727272727273,0.4250681041982063
400k,32,200,100,12,10,1.190611015772447,556.469789981842,0.0,0.0,0.0
400k,32,200,100,12,50,1.190611015772447,556.469789981842,0.0,0.0,0.0
400k,32,200,100,12,100,1.190611015772447,556.469789981842,0.0,0.0,0.0
400k,32,200,100,12,300,1.190611015772447,556.469789981842,0.0033333333333333335,0.07692307692307693,0.027034996767441435
400k,32,200,100,12,500,1.190611015772447,556.469789981842,0.002,0.07692307692307693,0.027034996767441435
400k,32,200,100,12,1000,1.190611015772447,556.469789981842,0.002,0.15384615384615385,0.04703235443358372
400k,32,200,100,15,10,1.0425590153317899,556.469789981842,0.0,0.0,0.0
400k,32,200,100,15,50,1.0425590153317899,556.469789981842,0.0,0.0,0.0
400k,32,200,100,15,100,1.0425590153317899,556.469789981842,0.0,0.0,0.0
400k,32,200,100,15,300,1.0425590153317899,556.469789981842,0.016666666666666666,0.13157894736842105,0.05995519274372502
400k,32,200,100,15,500,1.0425590153317899,556.469789981842,0.02,0.2631578947368421,0.11564019233906923
400k,32,200,100,15,1000,1.0425590153317899,556.469789981842,0.02,0.5263157894736842,0.2140068647261298
400k,32,200,100,34,10,0.8510210027452558,556.469789981842,0.0,0.0,0.0
400k,32,200,100,34,50,0.8510210027452558,556.469789981842,0.0,0.0,0.0
400k,32,200,100,34,100,0.8510210027452558,556.469789981842,0.03,0.08571428571428572,0.04859503337511385
400k,32,200,100,34,300,0.8510210027452558,556.469789981842,0.02666666666666667,0.22857142857142856,0.1126064344364622
400k,32,200,100,34,500,0.8510210027452558,556.469789981842,0.026,0.37142857142857144,0.16998407977771177
400k,32,200,100,34,1000,0.8510210027452558,556.469789981842,0.021,0.6,0.2538202767319244
400k,32,200,100,14,10,0.8959820261225104,556.469789981842,0.0,0.0,0.0
400k,32,200,100,14,50,0.8959820261225104,556.469789981842,0.0,0.0,0.0
400k,32,200,100,14,100,0.8959820261225104,556.469789981842,0.0,0.0,0.0
400k,32,200,100,14,300,0.8959820261225104,556.469789981842,0.01,0.06521739130434782,0.03303097604792325
400k,32,200,100,14,500,0.8959820261225104,556.469789981842,0.02,0.21739130434782608,0.09910852039822712
400k,32,200,100,14,1000,0.8959820261225104,556.469789981842,0.019,0.41304347826086957,0.17649085028887185
400k,32,200,100,27,10,0.7762239838484675,556.469789981842,0.0,0.0,0.0
400k,32,200,100,27,50,0.7762239838484675,556.469789981842,0.0,0.0,0.0
400k,32,200,100,27,100,0.7762239838484675,556.469789981842,0.0,0.0,0.0
400k,32,200,100,27,300,0.7762239838484675,556.469789981842,0.006666666666666667,0.06060606060606061,0.027379358495721928
400k,32,200,100,27,500,0.7762239838484675,556.469789981842,0.012,0.18181818181818182,0.07535860698359644
400k,32,200,100,27,1000,0.7762239838484675,556.469789981842,0.016,0.48484848484848486,0.1818727824616573
400k,32,200,100,66,10,0.7320310105569661,556.469789981842,0.1,0.01818181818181818,0.06625422345438903
400k,32,200,100,66,50,0.7320310105569661,556.469789981842,0.02,0.01818181818181818,0.02333976076433925
400k,32,200,100,66,100,0.7320310105569661,556.469789981842,0.01,0.01818181818181818,0.021866577706041675
400k,32,200,100,66,300,0.7320310105569661,556.469789981842,0.013333333333333334,0.07272727272727272,0.04952394270714977
400k,32,200,100,66,500,0.7320310105569661,556.469789981842,0.02,0.18181818181818182,0.10029219538784465
400k,32,200,100,66,1000,0.7320310105569661,556.469789981842,0.025,0.45454545454545453,0.21550461139168509
400k,32,200,100,72,10,1.0297049884684384,556.469789981842,0.0,0.0,0.0
400k,32,200,100,72,50,1.0297049884684384,556.469789981842,0.02,0.02702702702702703,0.018234411428182194
400k,32,200,100,72,100,1.0297049884684384,556.469789981842,0.02,0.05405405405405406,0.032659902230051406
400k,32,200,100,72,300,1.0297049884684384,556.469789981842,0.02,0.16216216216216217,0.07962806437247845
400k,32,200,100,72,500,1.0297049884684384,556.469789981842,0.016,0.21621621621621623,0.10176492422558857
400k,32,200,100,72,1000,1.0297049884684384,556.469789981842,0.014,0.3783783783783784,0.1635857178943288
400k,32,200,100,99,10,0.7709460041951388,556.469789981842,0.0,0.0,0.0
400k,32,200,100,99,50,0.7709460041951388,556.469789981842,0.0,0.0,0.0
400k,32,200,100,99,100,0.7709460041951388,556.469789981842,0.0,0.0,0.0
400k,32,200,100,99,300,0.7709460041951388,556.469789981842,0.013333333333333334,0.19047619047619047,0.07017333710845808
400k,32,200,100,99,500,0.7709460041951388,556.469789981842,0.01,0.23809523809523808,0.08556167269689625
400k,32,200,100,99,1000,0.7709460041951388,556.469789981842,0.01,0.47619047619047616,0.1591858986533579
400k,32,200,100,101,10,0.8090189949143678,556.469789981842,0.1,0.023255813953488372,0.22009176629808017
400k,32,200,100,101,50,0.8090189949143678,556.469789981842,0.08,0.09302325581395349,0.14429839711959375
400k,32,200,100,101,100,0.8090189949143678,556.469789981842,0.07,0.16279069767441862,0.18526440489673604
400k,32,200,100,101,300,0.8090189949143678,556.469789981842,0.06,0.4186046511627907,0.3117549159761981
400k,32,200,100,101,500,0.8090189949143678,556.469789981842,0.05,0.5813953488372093,0.3822017060595537
400k,32,200,100,101,1000,0.8090189949143678,556.469789981842,0.032,0.7441860465116279,0.4468367474327844
400k,32,200,100,56,10,0.9547350055072457,556.469789981842,0.0,0.0,0.0
400k,32,200,100,56,50,0.9547350055072457,556.469789981842,0.0,0.0,0.0
400k,32,200,100,56,100,0.9547350055072457,556.469789981842,0.02,0.0392156862745098,0.02586278489915839
400k,32,200,100,56,300,0.9547350055072457,556.469789981842,0.03666666666666667,0.21568627450980393,0.11632159249886602
400k,32,200,100,56,500,0.9547350055072457,556.469789981842,0.042,0.4117647058823529,0.20482422908087042
400k,32,200,100,56,1000,0.9547350055072457,556.469789981842,0.031,0.6078431372549019,0.2860902514134388
400k,32,200,100,82,10,0.7638699898961931,556.469789981842,0.1,0.016129032258064516,0.07839826897867533
400k,32,200,100,82,50,0.7638699898961931,556.469789981842,0.04,0.03225806451612903,0.04857019105727315
400k,32,200,100,82,100,0.7638699898961931,556.469789981842,0.03,0.04838709677419355,0.0527725616175262
400k,32,200,100,82,300,0.7638699898961931,556.469789981842,0.03333333333333333,0.16129032258064516,0.11439017615378705
400k,32,200,100,82,500,0.7638699898961931,556.469789981842,0.04,0.3225806451612903,0.19143267653880752
400k,32,200,100,82,1000,0.7638699898961931,556.469789981842,0.043,0.6935483870967742,0.3547044011074308
400k,32,200,100,91,10,0.8481520053464919,556.469789981842,0.0,0.0,0.0
400k,32,200,100,91,50,0.8481520053464919,556.469789981842,0.0,0.0,0.0
400k,32,200,100,91,100,0.8481520053464919,556.469789981842,0.0,0.0,0.0
400k,32,200,100,91,300,0.8481520053464919,556.469789981842,0.01,0.046875,0.024240469406821737
400k,32,200,100,91,500,0.8481520053464919,556.469789981842,0.012,0.09375,0.04643579226849508
400k,32,200,100,91,1000,0.8481520053464919,556.469789981842,0.023,0.359375,0.16387189195488838
400k,32,200,100,92,10,0.8197469869628549,556.469789981842,0.0,0.0,0.0
400k,32,200,100,92,50,0.8197469869628549,556.469789981842,0.0,0.0,0.0
400k,32,200,100,92,100,0.8197469869628549,556.469789981842,0.0,0.0,0.0
400k,32,200,100,92,300,0.8197469869628549,556.469789981842,0.0,0.0,0.0
400k,32,200,100,92,500,0.8197469869628549,556.469789981842,0.006,0.047619047619047616,0.02296168638498853
400k,32,200,100,92,1000,0.8197469869628549,556.469789981842,0.017,0.2698412698412698,0.11850892441612042
400k,32,200,200,1,10,2.2485759982373565,556.469789981842,1.0,0.136986301369863,1.0
400k,32,200,200,1,50,2.2485759982373565,556.469789981842,0.46,0.3150684931506849,0.5896615353034003
400k,32,200,200,1,100,2.2485759982373565,556.469789981842,0.28,0.3835616438356164,0.5024435790970684
400k,32,200,200,1,300,2.2485759982373565,556.469789981842,0.14333333333333334,0.589041095890411,0.619811625118108
400k,32,200,200,1,500,2.2485759982373565,556.469789981842,0.096,0.6575342465753424,0.6545611908975482
400k,32,200,200,1,1000,2.2485759982373565,556.469789981842,0.058,0.7945205479452054,0.7192051962591207
400k,32,200,200,2,10,1.5866280009504408,556.469789981842,0.5,0.07692307692307693,0.5517854393872873
400k,32,200,200,2,50,1.5866280009504408,556.469789981842,0.3,0.23076923076923078,0.3699838161871114
400k,32,200,200,2,100,1.5866280009504408,556.469789981842,0.2,0.3076923076923077,0.36380780560457515
400k,32,200,200,2,300,1.5866280009504408,556.469789981842,0.11,0.5076923076923077,0.4781007148964058
400k,32,200,200,2,500,1.5866280009504408,556.469789981842,0.078,0.6,0.5233239426953644
400k,32,200,200,2,1000,1.5866280009504408,556.469789981842,0.045,0.6923076923076923,0.5639153652789562
400k,32,200,200,3,10,1.6029709950089455,556.469789981842,0.2,0.2857142857142857,0.16220310073808747
400k,32,200,200,3,50,1.6029709950089455,556.469789981842,0.12,0.8571428571428571,0.4180857409493623
400k,32,200,200,3,100,1.6029709950089455,556.469789981842,0.06,0.8571428571428571,0.4180857409493623
400k,32,200,200,3,300,1.6029709950089455,556.469789981842,0.023333333333333334,1.0,0.45919488792345015
400k,32,200,200,3,500,1.6029709950089455,556.469789981842,0.014,1.0,0.45919488792345015
400k,32,200,200,3,1000,1.6029709950089455,556.469789981842,0.007,1.0,0.45919488792345015
400k,32,200,200,4,10,1.0536900081206113,556.469789981842,0.9,0.10975609756097561,0.9052116356304493
400k,32,200,200,4,50,1.0536900081206113,556.469789981842,0.52,0.3170731707317073,0.6126561146626635
400k,32,200,200,4,100,1.0536900081206113,556.469789981842,0.33,0.4024390243902439,0.49495047477349335
400k,32,200,200,4,300,1.0536900081206113,556.469789981842,0.18666666666666668,0.6829268292682927,0.66389472355729
400k,32,200,200,4,500,1.0536900081206113,556.469789981842,0.138,0.8414634146341463,0.7472446020512441
400k,32,200,200,4,1000,1.0536900081206113,556.469789981842,0.081,0.9878048780487805,0.8174488755933514
400k,32,200,200,5,10,1.2969989911653101,556.469789981842,1.0,0.11764705882352941,1.0
400k,32,200,200,5,50,1.2969989911653101,556.469789981842,0.52,0.3058823529411765,0.636549647229996
400k,32,200,200,5,100,1.2969989911653101,556.469789981842,0.36,0.4235294117647059,0.526302007956462
400k,32,200,200,5,300,1.2969989911653101,556.469789981842,0.18666666666666668,0.6588235294117647,0.6762981465271662
400k,32,200,200,5,500,1.2969989911653101,556.469789981842,0.13,0.7647058823529411,0.7325424619698443
400k,32,200,200,5,1000,1.2969989911653101,556.469789981842,0.077,0.9058823529411765,0.8016883186398839
400k,32,200,200,11,10,1.6712310025468469,556.469789981842,0.2,0.06060606060606061,0.22400556151517553
400k,32,200,200,11,50,1.6712310025468469,556.469789981842,0.12,0.18181818181818182,0.18670629749341963
400k,32,200,200,11,100,1.6712310025468469,556.469789981842,0.07,0.21212121212121213,0.20348563705091252
400k,32,200,200,11,300,1.6712310025468469,556.469789981842,0.06666666666666667,0.6060606060606061,0.38697014578345296
400k,32,200,200,11,500,1.6712310025468469,556.469789981842,0.052,0.7878787878787878,0.4582751890803704
400k,32,200,200,11,1000,1.6712310025468469,556.469789981842,0.027,0.8181818181818182,0.46911532223149255
400k,32,200,200,12,10,1.8446769972797483,556.469789981842,0.0,0.0,0.0
400k,32,200,200,12,50,1.8446769972797483,556.469789981842,0.0,0.0,0.0
400k,32,200,200,12,100,1.8446769972797483,556.469789981842,0.0,0.0,0.0
400k,32,200,200,12,300,1.8446769972797483,556.469789981842,0.0033333333333333335,0.07692307692307693,0.02694197685336155
400k,32,200,200,12,500,1.8446769972797483,556.469789981842,0.002,0.07692307692307693,0.02694197685336155
400k,32,200,200,12,1000,1.8446769972797483,556.469789981842,0.004,0.3076923076923077,0.08708837028870862
400k,32,200,200,15,10,1.508662011474371,556.469789981842,0.0,0.0,0.0
400k,32,200,200,15,50,1.508662011474371,556.469789981842,0.0,0.0,0.0
400k,32,200,200,15,100,1.508662011474371,556.469789981842,0.0,0.0,0.0
400k,32,200,200,15,300,1.508662011474371,556.469789981842,0.013333333333333334,0.10526315789473684,0.04828636960212795
400k,32,200,200,15,500,1.508662011474371,556.469789981842,0.02,0.2631578947368421,0.11464686367692829
400k,32,200,200,15,1000,1.508662011474371,556.469789981842,0.02,0.5263157894736842,0.21230164012383293
400k,32,200,200,34,10,1.1944840080104768,556.469789981842,0.0,0.0,0.0
400k,32,200,200,34,50,1.1944840080104768,556.469789981842,0.0,0.0,0.0
400k,32,200,200,34,100,1.1944840080104768,556.469789981842,0.03,0.08571428571428572,0.04842376159578359
400k,32,200,200,34,300,1.1944840080104768,556.469789981842,0.02666666666666667,0.22857142857142856,0.11215726970579645
400k,32,200,200,34,500,1.1944840080104768,556.469789981842,0.022,0.3142857142857143,0.14714122721009723
400k,32,200,200,34,1000,1.1944840080104768,556.469789981842,0.024,0.6857142857142857,0.28237672593076735
400k,32,200,200,14,10,1.3442460040096194,556.469789981842,0.0,0.0,0.0
400k,32,200,200,14,50,1.3442460040096194,556.469789981842,0.0,0.0,0.0
400k,32,200,200,14,100,1.3442460040096194,556.469789981842,0.01,0.021739130434782608,0.01378086309326738
400k,32,200,200,14,300,1.3442460040096194,556.469789981842,0.013333333333333334,0.08695652173913043,0.046656844440176634
400k,32,200,200,14,500,1.3442460040096194,556.469789981842,0.018,0.1956521739130435,0.09421181795513482
400k,32,200,200,14,1000,1.3442460040096194,556.469789981842,0.02,0.43478260869565216,0.18903447538648135
400k,32,200,200,27,10,1.1541930143721402,556.469789981842,0.0,0.0,0.0
400k,32,200,200,27,50,1.1541930143721402,556.469789981842,0.0,0.0,0.0
400k,32,200,200,27,100,1.1541930143721402,556.469789981842,0.0,0.0,0.0
400k,32,200,200,27,300,1.1541930143721402,556.469789981842,0.006666666666666667,0.06060606060606061,0.02725594839824257
400k,32,200,200,27,500,1.1541930143721402,556.469789981842,0.012,0.18181818181818182,0.07489357462737745
400k,32,200,200,27,1000,1.1541930143721402,556.469789981842,0.015,0.45454545454545453,0.17119751719036178
400k,32,200,200,66,10,1.1030769965145737,556.469789981842,0.1,0.01818181818181818,0.06625422345438903
400k,32,200,200,66,50,1.1030769965145737,556.469789981842,0.02,0.01818181818181818,0.02333976076433925
400k,32,200,200,66,100,1.1030769965145737,556.469789981842,0.01,0.01818181818181818,0.021866577706041675
400k,32,200,200,66,300,1.1030769965145737,556.469789981842,0.01,0.05454545454545454,0.04064166986380924
400k,32,200,200,66,500,1.1030769965145737,556.469789981842,0.018,0.16363636363636364,0.09191310659560757
400k,32,200,200,66,1000,1.1030769965145737,556.469789981842,0.036,0.6545454545454545,0.29613651429671894
400k,32,200,200,72,10,1.5928369830362499,556.469789981842,0.0,0.0,0.0
400k,32,200,200,72,50,1.5928369830362499,556.469789981842,0.02,0.02702702702702703,0.018234411428182194
400k,32,200,200,72,100,1.5928369830362499,556.469789981842,0.02,0.05405405405405406,0.032595028631870415
400k,32,200,200,72,300,1.5928369830362499,556.469789981842,0.01,0.08108108108108109,0.044693137662578195
400k,32,200,200,72,500,1.5928369830362499,556.469789981842,0.016,0.21621621621621623,0.1008770248708816
400k,32,200,200,72,1000,1.5928369830362499,556.469789981842,0.017,0.4594594594594595,0.19016730446661606
400k,32,200,200,99,10,1.2006380129605532,556.469789981842,0.0,0.0,0.0
400k,32,200,200,99,50,1.2006380129605532,556.469789981842,0.0,0.0,0.0
400k,32,200,200,99,100,1.2006380129605532,556.469789981842,0.0,0.0,0.0
400k,32,200,200,99,300,1.2006380129605532,556.469789981842,0.013333333333333334,0.19047619047619047,0.07007695312610665
400k,32,200,200,99,500,1.2006380129605532,556.469789981842,0.014,0.3333333333333333,0.11809384688430431
400k,32,200,200,99,1000,1.2006380129605532,556.469789981842,0.013,0.6190476190476191,0.2062484547391354
400k,32,200,200,101,10,1.2835609959438443,556.469789981842,0.1,0.023255813953488372,0.22009176629808017
400k,32,200,200,101,50,1.2835609959438443,556.469789981842,0.08,0.09302325581395349,0.14429839711959375
400k,32,200,200,101,100,1.2835609959438443,556.469789981842,0.07,0.16279069767441862,0.18526440489673604
400k,32,200,200,101,300,1.2835609959438443,556.469789981842,0.06,0.4186046511627907,0.3114425815905924
400k,32,200,200,101,500,1.2835609959438443,556.469789981842,0.056,0.6511627906976745,0.41059414792830734
400k,32,200,200,101,1000,1.2835609959438443,556.469789981842,0.039,0.9069767441860465,0.510301938571842
400k,32,200,200,56,10,1.4441630046349019,556.469789981842,0.0,0.0,0.0
400k,32,200,200,56,50,1.4441630046349019,556.469789981842,0.0,0.0,0.0
400k,32,200,200,56,100,1.4441630046349019,556.469789981842,0.02,0.0392156862745098,0.02586278489915839
400k,32,200,200,56,300,1.4441630046349019,556.469789981842,0.03333333333333333,0.19607843137254902,0.10647419406335971
400k,32,200,200,56,500,1.4441630046349019,556.469789981842,0.04,0.39215686274509803,0.19459765358298226
400k,32,200,200,56,1000,1.4441630046349019,556.469789981842,0.033,0.6470588235294118,0.2983431935257408
400k,32,200,200,82,10,1.0603010014165193,556.469789981842,0.1,0.016129032258064516,0.07839826897867533
400k,32,200,200,82,50,1.0603010014165193,556.469789981842,0.04,0.03225806451612903,0.04857019105727315
400k,32,200,200,82,100,1.0603010014165193,556.469789981842,0.03,0.04838709677419355,0.0527725616175262
400k,32,200,200,82,300,1.0603010014165193,556.469789981842,0.03666666666666667,0.1774193548387097,0.12237745607207119
400k,32,200,200,82,500,1.0603010014165193,556.469789981842,0.04,0.3225806451612903,0.19199272830215075
400k,32,200,200,82,1000,1.0603010014165193,556.469789981842,0.046,0.7419354838709677,0.3749963032934809
400k,32,200,200,91,10,1.2473219831008464,556.469789981842,0.0,0.0,0.0
400k,32,200,200,91,50,1.2473219831008464,556.469789981842,0.0,0.0,0.0
400k,32,200,200,91,100,1.2473219831008464,556.469789981842,0.0,0.0,0.0
400k,32,200,200,91,300,1.2473219831008464,556.469789981842,0.006666666666666667,0.03125,0.016127746637394035
400k,32,200,200,91,500,1.2473219831008464,556.469789981842,0.01,0.078125,0.03870338836387887
400k,32,200,200,91,1000,1.2473219831008464,556.469789981842,0.02,0.3125,0.14154121737692824
400k,32,200,200,92,10,1.1421350063756108,556.469789981842,0.0,0.0,0.0
400k,32,200,200,92,50,1.1421350063756108,556.469789981842,0.0,0.0,0.0
400k,32,200,200,92,100,1.1421350063756108,556.469789981842,0.0,0.0,0.0
400k,32,200,200,92,300,1.1421350063756108,556.469789981842,0.0,0.0,0.0
400k,32,200,200,92,500,1.1421350063756108,556.469789981842,0.01,0.07936507936507936,0.038197872397440276
400k,32,200,200,92,1000,1.1421350063756108,556.469789981842,0.018,0.2857142857142857,0.12737237576377797
400k,32,200,500,1,10,4.116250987863168,556.469789981842,1.0,0.136986301369863,1.0
400k,32,200,500,1,50,4.116250987863168,556.469789981842,0.46,0.3150684931506849,0.5896615353034003
400k,32,200,500,1,100,4.116250987863168,556.469789981842,0.28,0.3835616438356164,0.5024236422183881
400k,32,200,500,1,300,4.116250987863168,556.469789981842,0.14,0.5753424657534246,0.6118608853765016
400k,32,200,500,1,500,4.116250987863168,556.469789981842,0.092,0.6301369863013698,0.6401670451746604
400k,32,200,500,1,1000,4.116250987863168,556.469789981842,0.059,0.8082191780821918,0.7232958147436774
400k,32,200,500,2,10,2.7085680048912764,556.469789981842,0.5,0.07692307692307693,0.5517854393872873
400k,32,200,500,2,50,2.7085680048912764,556.469789981842,0.3,0.23076923076923078,0.3699838161871114
400k,32,200,500,2,100,2.7085680048912764,556.469789981842,0.2,0.3076923076923077,0.3637365648836457
400k,32,200,500,2,300,2.7085680048912764,556.469789981842,0.11,0.5076923076923077,0.47765284153173476
400k,32,200,500,2,500,2.7085680048912764,556.469789981842,0.08,0.6153846153846154,0.529858847373721
400k,32,200,500,2,1000,2.7085680048912764,556.469789981842,0.045,0.6923076923076923,0.5636455192755669
400k,32,200,500,3,10,3.1139700149651617,556.469789981842,0.2,0.2857142857142857,0.16220310073808747
400k,32,200,500,3,50,3.1139700149651617,556.469789981842,0.12,0.8571428571428571,0.4180857409493623
400k,32,200,500,3,100,3.1139700149651617,556.469789981842,0.06,0.8571428571428571,0.4180857409493623
400k,32,200,500,3,300,3.1139700149651617,556.469789981842,0.023333333333333334,1.0,0.45919488792345015
400k,32,200,500,3,500,3.1139700149651617,556.469789981842,0.014,1.0,0.45919488792345015
400k,32,200,500,3,1000,3.1139700149651617,556.469789981842,0.007,1.0,0.45919488792345015
400k,32,200,500,4,10,1.675122999586165,556.469789981842,0.9,0.10975609756097561,0.9052116356304493
400k,32,200,500,4,50,1.675122999586165,556.469789981842,0.52,0.3170731707317073,0.6126561146626635
400k,32,200,500,4,100,1.675122999586165,556.469789981842,0.33,0.4024390243902439,0.49495047477349335
400k,32,200,500,4,300,1.675122999586165,556.469789981842,0.18666666666666668,0.6829268292682927,0.66389472355729
400k,32,200,500,4,500,1.675122999586165,556.469789981842,0.138,0.8414634146341463,0.7472065811440735
400k,32,200,500,4,1000,1.675122999586165,556.469789981842,0.081,0.9878048780487805,0.8171733177876132
400k,32,200,500,5,10,2.535308012738824,556.469789981842,1.0,0.11764705882352941,1.0
400k,32,200,500,5,50,2.535308012738824,556.469789981842,0.52,0.3058823529411765,0.636549647229996
400k,32,200,500,5,100,2.535308012738824,556.469789981842,0.36,0.4235294117647059,0.526302007956462
400k,32,200,500,5,300,2.535308012738824,556.469789981842,0.18666666666666668,0.6588235294117647,0.6762981465271662
400k,32,200,500,5,500,2.535308012738824,556.469789981842,0.134,0.788235294117647,0.7450789343217371
400k,32,200,500,5,1000,2.535308012738824,556.469789981842,0.079,0.9294117647058824,0.8142297569180362
400k,32,200,500,11,10,3.0809180170763284,556.469789981842,0.2,0.06060606060606061,0.22400556151517553
400k,32,200,500,11,50,3.0809180170763284,556.469789981842,0.12,0.18181818181818182,0.18670629749341963
400k,32,200,500,11,100,3.0809180170763284,556.469789981842,0.07,0.21212121212121213,0.20348563705091252
400k,32,200,500,11,300,3.0809180170763284,556.469789981842,0.06666666666666667,0.6060606060606061,0.38694408760994425
400k,32,200,500,11,500,3.0809180170763284,556.469789981842,0.052,0.7878787878787878,0.4580330220471142
400k,32,200,500,11,1000,3.0809180170763284,556.469789981842,0.027,0.8181818181818182,0.46876701698786544
400k,32,200,500,12,10,3.2245869806502014,556.469789981842,0.0,0.0,0.0
400k,32,200,500,12,50,3.2245869806502014,556.469789981842,0.0,0.0,0.0
400k,32,200,500,12,100,3.2245869806502014,556.469789981842,0.0,0.0,0.0
400k,32,200,500,12,300,3.2245869806502014,556.469789981842,0.0033333333333333335,0.07692307692307693,0.02694197685336155
400k,32,200,500,12,500,3.2245869806502014,556.469789981842,0.002,0.07692307692307693,0.02694197685336155
400k,32,200,500,12,1000,3.2245869806502014,556.469789981842,0.004,0.3076923076923077,0.08619018334910598
400k,32,200,500,15,10,2.3163370206020772,556.469789981842,0.0,0.0,0.0
400k,32,200,500,15,50,2.3163370206020772,556.469789981842,0.0,0.0,0.0
400k,32,200,500,15,100,2.3163370206020772,556.469789981842,0.0,0.0,0.0
400k,32,200,500,15,300,2.3163370206020772,556.469789981842,0.013333333333333334,0.10526315789473684,0.04828636960212795
400k,32,200,500,15,500,2.3163370206020772,556.469789981842,0.02,0.2631578947368421,0.11460514190338762
400k,32,200,500,15,1000,2.3163370206020772,556.469789981842,0.022,0.5789473684210527,0.23170104679789066
400k,32,200,500,34,10,1.8381540139671415,556.469789981842,0.0,0.0,0.0
400k,32,200,500,34,50,1.8381540139671415,556.469789981842,0.0,0.0,0.0
400k,32,200,500,34,100,1.8381540139671415,556.469789981842,0.03,0.08571428571428572,0.04842376159578359
400k,32,200,500,34,300,1.8381540139671415,556.469789981842,0.02666666666666667,0.22857142857142856,0.11215726970579645
400k,32,200,500,34,500,1.8381540139671415,556.469789981842,0.022,0.3142857142857143,0.1471251155235946
400k,32,200,500,34,1000,1.8381540139671415,556.469789981842,0.022,0.6285714285714286,0.26164536172712755
400k,32,200,500,14,10,2.2528329864144325,556.469789981842,0.0,0.0,0.0
400k,32,200,500,14,50,2.2528329864144325,556.469789981842,0.0,0.0,0.0
400k,32,200,500,14,100,2.2528329864144325,556.469789981842,0.01,0.021739130434782608,0.01378086309326738
400k,32,200,500,14,300,2.2528329864144325,556.469789981842,0.016666666666666666,0.10869565217391304,0.05692306587929836
400k,32,200,500,14,500,2.2528329864144325,556.469789981842,0.022,0.2391304347826087,0.11391082614322487
400k,32,200,500,14,1000,2.2528329864144325,556.469789981842,0.022,0.4782608695652174,0.2082359478362132
400k,32,200,500,27,10,2.099310979247093,556.469789981842,0.0,0.0,0.0
400k,32,200,500,27,50,2.099310979247093,556.469789981842,0.0,0.0,0.0
400k,32,200,500,27,100,2.099310979247093,556.469789981842,0.0,0.0,0.0
400k,32,200,500,27,300,2.099310979247093,556.469789981842,0.006666666666666667,0.06060606060606061,0.02725594839824257
400k,32,200,500,27,500,2.099310979247093,556.469789981842,0.012,0.18181818181818182,0.07478701272255596
400k,32,200,500,27,1000,2.099310979247093,556.469789981842,0.014,0.42424242424242425,0.16021095662730833
400k,32,200,500,66,10,2.066068002022803,556.469789981842,0.1,0.01818181818181818,0.06625422345438903
400k,32,200,500,66,50,2.066068002022803,556.469789981842,0.02,0.01818181818181818,0.02333976076433925
400k,32,200,500,66,100,2.066068002022803,556.469789981842,0.01,0.01818181818181818,0.021866577706041675
400k,32,200,500,66,300,2.066068002022803,556.469789981842,0.01,0.05454545454545454,0.04064166986380924
400k,32,200,500,66,500,2.066068002022803,556.469789981842,0.018,0.16363636363636364,0.09190000313209926
400k,32,200,500,66,1000,2.066068002022803,556.469789981842,0.034,0.6181818181818182,0.2800327573652402
400k,32,200,500,72,10,3.0384880083147436,556.469789981842,0.0,0.0,0.0
400k,32,200,500,72,50,3.0384880083147436,556.469789981842,0.02,0.02702702702702703,0.018234411428182194
400k,32,200,500,72,100,3.0384880083147436,556.469789981842,0.02,0.05405405405405406,0.032595028631870415
400k,32,200,500,72,300,3.0384880083147436,556.469789981842,0.01,0.08108108108108109,0.044664522152093815
400k,32,200,500,72,500,3.0384880083147436,556.469789981842,0.016,0.21621621621621623,0.10106052110904039
400k,32,200,500,72,1000,3.0384880083147436,556.469789981842,0.017,0.4594594594594595,0.1898352557877373
400k,32,200,500,99,10,2.460550982505083,556.469789981842,0.0,0.0,0.0
400k,32,200,500,99,50,2.460550982505083,556.469789981842,0.0,0.0,0.0
400k,32,200,500,99,100,2.460550982505083,556.469789981842,0.0,0.0,0.0
400k,32,200,500,99,300,2.460550982505083,556.469789981842,0.013333333333333334,0.19047619047619047,0.0697138896031332
400k,32,200,500,99,500,2.460550982505083,556.469789981842,0.012,0.2857142857142857,0.1019724726635737
400k,32,200,500,99,1000,2.460550982505083,556.469789981842,0.012,0.5714285714285714,0.18941609659313513
400k,32,200,500,101,10,2.387724001891911,556.469789981842,0.1,0.023255813953488372,0.22009176629808017
400k,32,200,500,101,50,2.387724001891911,556.469789981842,0.08,0.09302325581395349,0.14429839711959375
400k,32,200,500,101,100,2.387724001891911,556.469789981842,0.07,0.16279069767441862,0.18526440489673604
400k,32,200,500,101,300,2.387724001891911,556.469789981842,0.06,0.4186046511627907,0.3114174309780895
400k,32,200,500,101,500,2.387724001891911,556.469789981842,0.056,0.6511627906976745,0.4103980385643618
400k,32,200,500,101,1000,2.387724001891911,556.469789981842,0.038,0.8837209302325582,0.5014565897514911
400k,32,200,500,56,10,2.814395003952086,556.469789981842,0.0,0.0,0.0
400k,32,200,500,56,50,2.814395003952086,556.469789981842,0.0,0.0,0.0
400k,32,200,500,56,100,2.814395003952086,556.469789981842,0.02,0.0392156862745098,0.02586278489915839
400k,32,200,500,56,300,2.814395003952086,556.469789981842,0.03333333333333333,0.19607843137254902,0.10646229402477464
400k,32,200,500,56,500,2.814395003952086,556.469789981842,0.036,0.35294117647058826,0.17737475861083934
400k,32,200,500,56,1000,2.814395003952086,556.469789981842,0.032,0.6274509803921569,0.29045819217798896
400k,32,200,500,82,10,1.7417340131942183,556.469789981842,0.1,0.016129032258064516,0.07839826897867533
400k,32,200,500,82,50,1.7417340131942183,556.469789981842,0.04,0.03225806451612903,0.04857019105727315
400k,32,200,500,82,100,1.7417340131942183,556.469789981842,0.03,0.04838709677419355,0.0527725616175262
400k,32,200,500,82,300,1.7417340131942183,556.469789981842,0.03666666666666667,0.1774193548387097,0.12237745607207119
400k,32,200,500,82,500,1.7417340131942183,556.469789981842,0.04,0.3225806451612903,0.19193778189531913
400k,32,200,500,82,1000,1.7417340131942183,556.469789981842,0.047,0.7580645161290323,0.38131348657562036
400k,32,200,500,91,10,2.1893119846936315,556.469789981842,0.0,0.0,0.0
400k,32,200,500,91,50,2.1893119846936315,556.469789981842,0.0,0.0,0.0
400k,32,200,500,91,100,2.1893119846936315,556.469789981842,0.0,0.0,0.0
400k,32,200,500,91,300,2.1893119846936315,556.469789981842,0.0033333333333333335,0.015625,0.008172376462731059
400k,32,200,500,91,500,2.1893119846936315,556.469789981842,0.01,0.078125,0.03906357512401685
400k,32,200,500,91,1000,2.1893119846936315,556.469789981842,0.022,0.34375,0.15555987362439488
400k,32,200,500,92,10,1.7231810197699815,556.469789981842,0.0,0.0,0.0
400k,32,200,500,92,50,1.7231810197699815,556.469789981842,0.0,0.0,0.0
400k,32,200,500,92,100,1.7231810197699815,556.469789981842,0.0,0.0,0.0
400k,32,200,500,92,300,1.7231810197699815,556.469789981842,0.0,0.0,0.0
400k,32,200,500,92,500,1.7231810197699815,556.469789981842,0.012,0.09523809523809523,0.04596927764616063
400k,32,200,500,92,1000,1.7231810197699815,556.469789981842,0.016,0.25396825396825395,0.11482157431318299
400k,32,200,1000,1,10,6.262393988436088,556.469789981842,1.0,0.136986301369863,1.0
400k,32,200,1000,1,50,6.262393988436088,556.469789981842,0.46,0.3150684931506849,0.5896615353034003
400k,32,200,1000,1,100,6.262393988436088,556.469789981842,0.28,0.3835616438356164,0.5024236422183881
400k,32,200,1000,1,300,6.262393988436088,556.469789981842,0.14,0.5753424657534246,0.6118520507643619
400k,32,200,1000,1,500,6.262393988436088,556.469789981842,0.092,0.6301369863013698,0.6401336711931582
400k,32,200,1000,1,1000,6.262393988436088,556.469789981842,0.059,0.8082191780821918,0.7229478644888269
400k,32,200,1000,2,10,4.3071850086562335,556.469789981842,0.5,0.07692307692307693,0.5517854393872873
400k,32,200,1000,2,50,4.3071850086562335,556.469789981842,0.3,0.23076923076923078,0.3699838161871114
400k,32,200,1000,2,100,4.3071850086562335,556.469789981842,0.2,0.3076923076923077,0.3637365648836457
400k,32,200,1000,2,300,4.3071850086562335,556.469789981842,0.11,0.5076923076923077,0.47765284153173476
400k,32,200,1000,2,500,4.3071850086562335,556.469789981842,0.08,0.6153846153846154,0.529858847373721
400k,32,200,1000,2,1000,4.3071850086562335,556.469789981842,0.044,0.676923076923077,0.5571074124052274
400k,32,200,1000,3,10,5.381669994676486,556.469789981842,0.2,0.2857142857142857,0.16220310073808747
400k,32,200,1000,3,50,5.381669994676486,556.469789981842,0.12,0.8571428571428571,0.4180857409493623
400k,32,200,1000,3,100,5.381669994676486,556.469789981842,0.06,0.8571428571428571,0.4180857409493623
400k,32,200,1000,3,300,5.381669994676486,556.469789981842,0.023333333333333334,1.0,0.45919488792345015
400k,32,200,1000,3,500,5.381669994676486,556.469789981842,0.014,1.0,0.45919488792345015
400k,32,200,1000,3,1000,5.381669994676486,556.469789981842,0.007,1.0,0.45919488792345015
400k,32,200,1000,4,10,2.810654026689008,556.469789981842,0.9,0.10975609756097561,0.9052116356304493
400k,32,200,1000,4,50,2.810654026689008,556.469789981842,0.52,0.3170731707317073,0.6126561146626635
400k,32,200,1000,4,100,2.810654026689008,556.469789981842,0.33,0.4024390243902439,0.49495047477349335
400k,32,200,1000,4,300,2.810654026689008,556.469789981842,0.18666666666666668,0.6829268292682927,0.66389472355729
400k,32,200,1000,4,500,2.810654026689008,556.469789981842,0.138,0.8414634146341463,0.7472065811440735
400k,32,200,1000,4,1000,2.810654026689008,556.469789981842,0.081,0.9878048780487805,0.8171633194563587
400k,32,200,1000,5,10,4.319389001466334,556.469789981842,1.0,0.11764705882352941,1.0
400k,32,200,1000,5,50,4.319389001466334,556.469789981842,0.52,0.3058823529411765,0.636549647229996
400k,32,200,1000,5,100,4.319389001466334,556.469789981842,0.36,0.4235294117647059,0.526302007956462
400k,32,200,1000,5,300,4.319389001466334,556.469789981842,0.18666666666666668,0.6588235294117647,0.6762981465271662
400k,32,200,1000,5,500,4.319389001466334,556.469789981842,0.134,0.788235294117647,0.7450789343217371
400k,32,200,1000,5,1000,4.319389001466334,556.469789981842,0.079,0.9294117647058824,0.8141778381244825
400k,32,200,1000,11,10,5.267557979095727,556.469789981842,0.2,0.06060606060606061,0.22400556151517553
400k,32,200,1000,11,50,5.267557979095727,556.469789981842,0.12,0.18181818181818182,0.18670629749341963
400k,32,200,1000,11,100,5.267557979095727,556.469789981842,0.07,0.21212121212121213,0.20348563705091252
400k,32,200,1000,11,300,5.267557979095727,556.469789981842,0.06666666666666667,0.6060606060606061,0.38694408760994425
400k,32,200,1000,11,500,5.267557979095727,556.469789981842,0.052,0.7878787878787878,0.45800328247514943
400k,32,200,1000,11,1000,5.267557979095727,556.469789981842,0.028,0.8484848484848485,0.47922241122560416
400k,32,200,1000,12,10,5.5118000018410385,556.469789981842,0.0,0.0,0.0
400k,32,200,1000,12,50,5.5118000018410385,556.469789981842,0.0,0.0,0.0
400k,32,200,1000,12,100,5.5118000018410385,556.469789981842,0.0,0.0,0.0
400k,32,200,1000,12,300,5.5118000018410385,556.469789981842,0.0033333333333333335,0.07692307692307693,0.02694197685336155
400k,32,200,1000,12,500,5.5118000018410385,556.469789981842,0.002,0.07692307692307693,0.02694197685336155
400k,32,200,1000,12,1000,5.5118000018410385,556.469789981842,0.005,0.38461538461538464,0.10577145468269591
400k,32,200,1000,15,10,3.287251020083204,556.469789981842,0.0,0.0,0.0
400k,32,200,1000,15,50,3.287251020083204,556.469789981842,0.0,0.0,0.0
400k,32,200,1000,15,100,3.287251020083204,556.469789981842,0.0,0.0,0.0
400k,32,200,1000,15,300,3.287251020083204,556.469789981842,0.013333333333333334,0.10526315789473684,0.04828636960212795
400k,32,200,1000,15,500,3.287251020083204,556.469789981842,0.02,0.2631578947368421,0.11460514190338762
400k,32,200,1000,15,1000,3.287251020083204,556.469789981842,0.022,0.5789473684210527,0.23164434786447757
400k,32,200,1000,34,10,2.7165669889654964,556.469789981842,0.0,0.0,0.0
400k,32,200,1000,34,50,2.7165669889654964,556.469789981842,0.0,0.0,0.0
400k,32,200,1000,34,100,2.7165669889654964,556.469789981842,0.03,0.08571428571428572,0.04842376159578359
400k,32,200,1000,34,300,2.7165669889654964,556.469789981842,0.02666666666666667,0.22857142857142856,0.11215726970579645
400k,32,200,1000,34,500,2.7165669889654964,556.469789981842,0.022,0.3142857142857143,0.1471251155235946
400k,32,200,1000,34,1000,2.7165669889654964,556.469789981842,0.022,0.6285714285714286,0.26164536172712755
400k,32,200,1000,14,10,3.594837005948648,556.469789981842,0.0,0.0,0.0
400k,32,200,1000,14,50,3.594837005948648,556.469789981842,0.0,0.0,0.0
400k,32,200,1000,14,100,3.594837005948648,556.469789981842,0.01,0.021739130434782608,0.01378086309326738
400k,32,200,1000,14,300,3.594837005948648,556.469789981842,0.016666666666666666,0.10869565217391304,0.05692306587929836
400k,32,200,1000,14,500,3.594837005948648,556.469789981842,0.022,0.2391304347826087,0.11391082614322487
400k,32,200,1000,14,1000,3.594837005948648,556.469789981842,0.023,0.5,0.21666448828761595
400k,32,200,1000,27,10,3.502303996356204,556.469789981842,0.0,0.0,0.0
400k,32,200,1000,27,50,3.502303996356204,556.469789981842,0.0,0.0,0.0
400k,32,200,1000,27,100,3.502303996356204,556.469789981842,0.0,0.0,0.0
400k,32,200,1000,27,300,3.502303996356204,556.469789981842,0.006666666666666667,0.06060606060606061,0.02725594839824257
400k,32,200,1000,27,500,3.502303996356204,556.469789981842,0.012,0.18181818181818182,0.07478701272255596
400k,32,200,1000,27,1000,3.502303996356204,556.469789981842,0.014,0.42424242424242425,0.1601703558774842
400k,32,200,1000,66,10,4.199293995043263,556.469789981842,0.1,0.01818181818181818,0.06625422345438903
400k,32,200,1000,66,50,4.199293995043263,556.469789981842,0.02,0.01818181818181818,0.02333976076433925
400k,32,200,1000,66,100,4.199293995043263,556.469789981842,0.01,0.01818181818181818,0.021866577706041675
400k,32,200,1000,66,300,4.199293995043263,556.469789981842,0.01,0.05454545454545454,0.04064166986380924
400k,32,200,1000,66,500,4.199293995043263,556.469789981842,0.018,0.16363636363636364,0.09190000313209926
400k,32,200,1000,66,1000,4.199293995043263,556.469789981842,0.031,0.5636363636363636,0.2580542448675537
400k,32,200,1000,72,10,5.430232995422557,556.469789981842,0.0,0.0,0.0
400k,32,200,1000,72,50,5.430232995422557,556.469789981842,0.02,0.02702702702702703,0.018234411428182194
400k,32,200,1000,72,100,5.430232995422557,556.469789981842,0.02,0.05405405405405406,0.032595028631870415
400k,32,200,1000,72,300,5.430232995422557,556.469789981842,0.01,0.08108108108108109,0.044664522152093815
400k,32,200,1000,72,500,5.430232995422557,556.469789981842,0.016,0.21621621621621623,0.10104090131593337
400k,32,200,1000,72,1000,5.430232995422557,556.469789981842,0.014,0.3783783783783784,0.1607879762073902
400k,32,200,1000,99,10,3.9616969879716635,556.469789981842,0.0,0.0,0.0
400k,32,200,1000,99,50,3.9616969879716635,556.469789981842,0.0,0.0,0.0
400k,32,200,1000,99,100,3.9616969879716635,556.469789981842,0.0,0.0,0.0
400k,32,200,1000,99,300,3.9616969879716635,556.469789981842,0.013333333333333334,0.19047619047619047,0.0697138896031332
400k,32,200,1000,99,500,3.9616969879716635,556.469789981842,0.012,0.2857142857142857,0.10196650255598745
400k,32,200,1000,99,1000,3.9616969879716635,556.469789981842,0.012,0.5714285714285714,0.1892214413290138
400k,32,200,1000,101,10,4.133037000428885,556.469789981842,0.1,0.023255813953488372,0.22009176629808017
400k,32,200,1000,101,50,4.133037000428885,556.469789981842,0.08,0.09302325581395349,0.14429839711959375
400k,32,200,1000,101,100,4.133037000428885,556.469789981842,0.07,0.16279069767441862,0.18526440489673604
400k,32,200,1000,101,300,4.133037000428885,556.469789981842,0.06,0.4186046511627907,0.31132072421341833
400k,32,200,1000,101,500,4.133037000428885,556.469789981842,0.056,0.6511627906976745,0.41026082080073545
400k,32,200,1000,101,1000,4.133037000428885,556.469789981842,0.038,0.8837209302325582,0.5012531097632383
400k,32,200,1000,56,10,5.174577992875129,556.469789981842,0.0,0.0,0.0
400k,32,200,1000,56,50,5.174577992875129,556.469789981842,0.0,0.0,0.0
400k,32,200,1000,56,100,5.174577992875129,556.469789981842,0.02,0.0392156862745098,0.02586278489915839
400k,32,200,1000,56,300,5.174577992875129,556.469789981842,0.03333333333333333,0.19607843137254902,0.10646229402477464
400k,32,200,1000,56,500,5.174577992875129,556.469789981842,0.036,0.35294117647058826,0.17736153378383032
400k,32,200,1000,56,1000,5.174577992875129,556.469789981842,0.032,0.6274509803921569,0.29021138467663726
400k,32,200,1000,82,10,3.1037930166348815,556.469789981842,0.1,0.016129032258064516,0.07839826897867533
400k,32,200,1000,82,50,3.1037930166348815,556.469789981842,0.04,0.03225806451612903,0.04857019105727315
400k,32,200,1000,82,100,3.1037930166348815,556.469789981842,0.03,0.04838709677419355,0.0527725616175262
400k,32,200,1000,82,300,3.1037930166348815,556.469789981842,0.03666666666666667,0.1774193548387097,0.12237745607207119
400k,32,200,1000,82,500,3.1037930166348815,556.469789981842,0.04,0.3225806451612903,0.19193778189531913
400k,32,200,1000,82,1000,3.1037930166348815,556.469789981842,0.047,0.7580645161290323,0.3815219426530123
400k,32,200,1000,91,10,3.226959001040086,556.469789981842,0.0,0.0,0.0
400k,32,200,1000,91,50,3.226959001040086,556.469789981842,0.0,0.0,0.0
400k,32,200,1000,91,100,3.226959001040086,556.469789981842,0.0,0.0,0.0
400k,32,200,1000,91,300,3.226959001040086,556.469789981842,0.0033333333333333335,0.015625,0.008172376462731059
400k,32,200,1000,91,500,3.226959001040086,556.469789981842,0.01,0.078125,0.03906357512401685
400k,32,200,1000,91,1000,3.226959001040086,556.469789981842,0.022,0.34375,0.15546636422505483
400k,32,200,1000,92,10,2.569386997492984,556.469789981842,0.0,0.0,0.0
400k,32,200,1000,92,50,2.569386997492984,556.469789981842,0.0,0.0,0.0
400k,32,200,1000,92,100,2.569386997492984,556.469789981842,0.0,0.0,0.0
400k,32,200,1000,92,300,2.569386997492984,556.469789981842,0.0,0.0,0.0
400k,32,200,1000,92,500,2.569386997492984,556.469789981842,0.012,0.09523809523809523,0.04596927764616063
400k,32,200,1000,92,1000,2.569386997492984,556.469789981842,0.016,0.25396825396825395,0.1147938026680296
