domain,name,country,organization_type,summary_word_count,summary,summary_keywords,summary_trustable,keywords_trustable,keywords_match_summary,confidence,reason,parse_error
vva-informatisering.nl,VVA Informatisering,Netherlands,Company,63,"VVA Informatisering is a consultancy firm specializing in digital transformation, innovation, and change management for organizations, primarily in the social and public sectors. They offer services such as IT consulting, digital skills training, security and privacy advice, and process optimization. Their mission is to 'Futurize your business' by making organizations future-proof through technology, focusing on people and business processes rather than just technology.","['Digital Transformation', 'IT Consulting', 'Change Management', 'Innovation', 'Digital Skills', 'Security', 'Privacy', 'Process Optimization', 'ICT', 'Consultancy']",True,True,True,high,"Summary and keywords are specific, coherent, and accurately describe the company's services and mission.",False
indianaaerospace.com,Indiana Aircraft Hardware,United States,Company,73,"Indiana Aircraft Hardware, established in 1976, is a manufacturer specializing in aerospace hardware for both commercial and military original equipment manufacturers (OEMs), Tier 1 suppliers, and distributors. They produce a wide range of products including clevis pins, screws, locknuts, and custom-manufactured specials, adhering to ISO 9001:2015 standards. The company emphasizes reliability, quality, and on-time delivery, aiming to be a trusted source for aerospace components and to solve supply chain challenges for their customers.","['aerospace hardware', 'manufacturing', 'ISO 9001:2015', 'OEM supplier', 'military hardware', 'commercial aerospace', 'fasteners', 'custom manufacturing', 'supply chain solutions', 'aircraft components']",True,True,True,high,"Summary and keywords accurately describe the company's industry, products, and quality standards, with no signs of generic boilerplate or unrelated content.",False
dianxiangkeji.com,深圳市电象科技有限公司,China,Company,62,"Shenzhen Dianxiang Technology Co., Ltd. is an innovative enterprise specializing in mobile internet technology services, based in Shenzhen. They offer comprehensive digital solutions including professional mobile application development, mini-program development (for WeChat, Alipay, Baidu), and website development. Their experienced technical team focuses on customer needs and technological innovation to deliver high-quality digital solutions and create business value for clients undergoing digital transformation.","['mobile app development', 'mini-program development', 'website development', 'digital solutions', 'tech services', 'iOS development', 'Android development', 'cross-platform development', 'responsive design', 'e-commerce platform']",True,False,True,medium,"Keywords contain some industry-specific terms, but also include generic and unrelated phrases like 'tech services' and 'responsive design'",False
czsanbang.com,WordPress,China,Company,49,"WordPress is a free and open-source content management system (CMS) that allows users to create and manage websites and blogs. It is widely used for its flexibility, user-friendliness, and extensive plugin and theme ecosystem. WordPress powers a significant portion of the internet, from personal blogs to large corporate sites.","['CMS', 'Website Builder', 'Blogging Platform', 'Open Source', 'Content Management', 'Web Development', 'WordPress', 'Themes', 'Plugins', 'SaaS']",False,True,True,high,"The summary appears to be a generic description of the WordPress platform, rather than a specific company description for czsanbang.com",False
elektroschlag.de,Elektrotechnik Rundum Robert Schlag,Germany,Company,64,"Elektrotechnik Rundum Robert Schlag is an electrical installation company based in Munich, Germany. They offer a comprehensive range of services including electrical installations for residential and industrial sectors, E-CHECK (electrical installation testing), smart home solutions, energy efficiency consulting, and telephone system installation. The company emphasizes quality, reliability, fair pricing, and timely execution of projects, aiming to provide comprehensive electrical solutions for safety and comfort.","['electrical installation', 'smart home', 'E-CHECK', 'energy efficiency', 'safety', 'residential', 'industrial', 'consulting', 'telephone systems', 'Munich']",True,True,True,high,"Summary and keywords accurately describe the company's services and industry, with no signs of generic boilerplate or unrelated content.",False
sgp.com.sa,Sadr Logistics Services Company,Saudi Arabia,Company,79,"Sadr Logistics Services Company is a joint-stock company with over 28 years of experience in the Gulf region and the Middle East, specializing in storage systems, handling, warehousing, and warehouse automation solutions. They design and manufacture steel racking systems for pallets and special loads, offer comprehensive warehousing services including dry, ambient, and cold storage, and provide various types of pallets and material handling equipment. The company also offers office solutions and has a significant presence in Riyadh, Saudi Arabia.","['Storage Solutions', 'Warehousing', 'Racking Systems', 'Pallets', 'Handling Equipment', 'Logistics Services', 'Warehouse Automation', 'Cold Storage', 'Office Solutions', 'Material Handling']",True,True,True,high,"Summary and keywords are specific, coherent, and accurately describe the company's services and offerings.",False
hircus.co.uk,Hircus,United Kingdom,Other,58,"Hircus is a coalition established in 2009 representing European and global retail accessories and clothing brands. It acts as a collective voice for over 60 brands, employing more than 150,000 people in European operations. The organization aims to serve as a sounding board for EU policymakers on trade policy, balancing the interests of Europeans in a global market.","['retail accessories', 'clothing brands', 'coalition', 'EU policy', 'trade policy', 'fashion', 'European operations', 'brand representation', 'industry association', 'global market']",True,True,True,high,"Summary and keywords accurately describe the company's activities, industry, and goals, with no signs of generic boilerplate or unrelated content.",False
zynor.in,Zynor Pharmaceutical Pvt Ltd,India,Company,56,"Zynor Pharmaceutical Pvt Ltd is a pharmaceutical company founded in 2017, specializing in the development and marketing of advanced, high-quality, and affordable medicines. The company focuses on complex oral and injection products, aiming to serve a growing global patient base. Zynor emphasizes patient-centered care, innovation, integrity, and excellence in its operations and corporate social responsibility initiatives.","['pharmaceuticals', 'medicines', 'drug manufacturing', 'affordable healthcare', 'quality control', 'patient care', 'innovation', 'corporate social responsibility', 'drug development', 'healthcare']",True,True,True,high,"Summary and keywords are specific, coherent, and accurately describe the company's industry and activities.",False
videoproduction.ca,Unknown,Canada,Company,47,"This entity appears to be a video production service provider specializing in corporate videos, performance videos, sports events, training materials, and wedding videography. They offer professional video creation for various events, emphasizing a polished final product. The company also provides information on its equipment and other services.","['video production', 'corporate video', 'event videography', 'training video', 'wedding video', 'sports video', 'video services', 'content creation', 'professional video', 'videography']",True,True,True,high,Summary and keywords accurately describe the company's services and are specific to video production.,False
ncicit.com,NCIC,United States,Company,59,"NCIC is a Managed Service Provider (MSP) that has been offering comprehensive IT solutions and support to businesses since 1998. They specialize in managed IT services, cloud solutions, IT security, and 24/7 support desk services, aiming to help businesses leverage technology for competitive advantage. NCIC focuses on providing tailored IT strategies and excellent customer service to support business growth.","['Managed IT Services', 'IT Support', 'Cloud Services', 'IT Security', 'Business Continuity', 'Data Backup', 'VoIP Systems', 'IT Consulting', 'Outsourcing', 'MSP']",True,True,True,high,"Summary and keywords accurately describe the company's services and industry, with no signs of generic boilerplate or unrelated content.",False
3dtime.it,3DTime,Italy,Company,67,"3DTime is a professional additive manufacturing company based in Italy, specializing in advanced 3D printing solutions and materials. They distribute a wide range of professional 3D printers from various manufacturers, including large-format industrial printers, ceramic and metal printers, and printers for composite and silicone materials. The company also offers technical assistance, material guides, and prototyping services, positioning itself as a comprehensive provider for industrial and research applications.","['3D printing', 'Additive Manufacturing', 'Industrial 3D printers', 'Ceramic printing', 'Metal printing', 'Composite printing', 'Silicone printing', 'Prototyping', 'Technical assistance', '3D printing materials']",True,True,True,high,"Summary and keywords are highly specific, coherent, and accurately describe the company's services and products.",False
oswald-yap.com,Bluehost.com,United States,Company,41,"Bluehost.com provides affordable and reliable web hosting solutions. They offer various hosting services to individuals and businesses, aiming to make website creation accessible. The company also has an affiliate program and provides customer support through a help center and contact options.","['web hosting', 'affordable hosting', 'reliable hosting', 'website solutions', 'affiliate program', 'customer support', 'domain', 'online presence', 'internet services', 'hosting provider']",False,True,True,high,"The summary appears to be generic boilerplate text from a hosting provider, unrelated to the actual business activities of Bluehost.com",False
cuta.co.za,CUTA Supply Chain Solutions (Pty) Ltd,South Africa,Company,59,"CUTA Supply Chain Solutions (Pty) Ltd offers comprehensive inventory, warehouse, and distribution management solutions, alongside freight forwarding and procurement services. They focus on creating agile, visible, and sustainable supply chains by integrating leading technologies with human capital. Their mission is to empower businesses to navigate change effectively, build resilience, and improve overall business performance through collaborative unity and alignment.","['Supply Chain Management', 'Inventory Management', 'Warehouse Solutions', 'Distribution', 'Freight Forwarding', 'Procurement', 'Consulting', 'Project Management', 'Logistics', 'Business Continuity']",True,False,True,high,"Keywords describe a different industry/activity than the summary describes, as 'Consulting', 'Project Management' and 'Business Continuity' are not mentioned in the summary",False
utenant.com.au,uTenant,Australia,Company,51,"uTenant is an Australian on-demand warehousing platform that provides digital and physical supply chain solutions. They connect businesses needing storage or 3PL services with providers, and also facilitate industrial property leasing by matching tenants and landlords. Their services aim to simplify warehousing and optimize supply chains through technology and expert analysis.","['Warehousing', '3PL', 'Supply Chain Solutions', 'On-demand warehousing', 'Logistics', 'Property Matching', 'Industrial property', 'Storage', 'Australia', 'Digital platform']",True,True,True,high,"Summary and keywords accurately describe the company's services and industry, with no signs of generic boilerplate or unrelated content.",False
solutionsfacility.com,Solutions Facility Services,India,Company,59,"Solutions Facility Services is a property management company offering a range of services including daily housekeeping, deep cleaning, and club/guest house management. They aim to provide a clean and healthy environment for assets and customers, serving corporate organizations, the hospitality industry, and residential premises. The company emphasizes finding solutions to problems to ensure client success and uplift their image.","['facility services', 'housekeeping', 'deep cleaning', 'property management', 'club management', 'guest house management', 'pest control', 'cleaning consultancy', 'corporate services', 'hospitality services']",True,True,True,high,"Summary and keywords accurately describe the company's services and industry, with no signs of generic boilerplate or unrelated content.",False
tysstc.com,泛亚电竞在线·(中国)电子竞技平台,China,Company,61,"泛亚电竞在线, formerly Jiangsu Taisuer Mechanical and Electrical Equipment Co., Ltd., is a manufacturer of automated production equipment. They specialize in designing and building machines for ultrasonic welding, hot riveting, automotive interior alignment, and vacuum activation. Their equipment is widely used in automotive component assembly, home appliances, and medical industries, aiming to solve high costs, low efficiency, and labor shortages for businesses.","['automation equipment', 'ultrasonic welding', 'hot riveting', 'automotive interior', 'vacuum activation', 'assembly line', 'manufacturing', 'custom automation', 'industrial machinery', 'production solutions']",True,True,True,high,"Summary and keywords accurately describe the company's products and services, with specific details about their equipment and industries served.",False
pepcogroup.eu,Pepco Group N.V.,United Kingdom,Company,64,"Pepco Group N.V. is a fast-growing, pan-European discount variety retailer operating under brands like Pepco and Dealz. With over 4,359 stores across 18 European countries and serving over 41 million shoppers monthly, the group also has a vertically integrated sourcing operation, PGS, with offices in South and East Asia. Their business strategy emphasizes providing value to customers and integrating sustainability into their product offerings.","['discount retailer', 'variety store', 'European retail', 'Pepco', 'Dealz', 'sourcing', 'sustainability', 'value retail', 'multi-country', 'consumer goods']",True,True,True,high,"Summary and keywords accurately describe the company's business model, operations, and values.",False
basecom.de,basecom GmbH & Co. KG,Germany,Company,60,"basecom is a software service provider specializing in digital transformation for the retail sector. They offer services in digital consulting, e-commerce solutions, data management, and digital experience platforms, leveraging modern technologies like AI. With over 250 employees across Germany, Romania, and the USA, basecom positions itself as an agile partner for businesses seeking to enhance their online presence and operations.","['Digital Transformation', 'E-Commerce', 'Data Management', 'Digital Consulting', 'AI Consulting', 'Software Development', 'Digital Experience', 'Retail Technology', 'Agile Services', 'Customer Experience']",True,True,True,high,"Summary and keywords accurately describe the company's services, industry, and technology focus without showing signs of generic boilerplate or unrelated content.",False
sevideo.biz,Sports Event Video,United States,Company,55,"Sports Event Video (SEV) specializes in event video production, offering services such as filming, editing, media conversion, and A/V consulting. They cater to a variety of events including sports, business, dance, and theatre, and also provide equipment rentals. The company focuses on quality, creativity, and service, as demonstrated by their extensive portfolio of project samples.","['video production', 'event videography', 'sports video', 'business video', 'media conversion', 'A/V consulting', 'editing services', 'equipment rental', 'creative services', 'video specialists']",True,True,True,high,"Summary and keywords accurately describe the company's services, industry, and offerings without showing signs of generic boilerplate or unrelated content.",False
wacpack.com,Wacpack,United Kingdom,Company,58,"Wacpack is a global logistics partner specializing in freight forwarding with over 30 years of experience. They offer a comprehensive range of services including air, sea, road, rail, and courier shipments, aiming to provide seamless transportation solutions worldwide. With offices in the UK and Hong Kong, Wacpack emphasizes top service, competitive pricing, and global reach for its clients.","['freight forwarding', 'logistics', 'air freight', 'sea freight', 'road freight', 'rail freight', 'courier services', 'global shipping', 'supply chain', 'transportation']",True,True,True,high,"Summary and keywords accurately describe the company's services and industry, with no signs of generic boilerplate or unrelated content.",False
lices-vin-saint-tropez.fr,OVHcloud,France,Company,55,"OVHcloud is a global cloud computing company that provides a range of services including web hosting, dedicated servers, and cloud infrastructure. The company aims to offer reliable and secure solutions for businesses of all sizes. It operates in the technology and IT services sector, positioning itself as a key player in the European cloud market.","['cloud computing', 'web hosting', 'dedicated servers', 'cloud infrastructure', 'IT services', 'technology', 'data centers', 'SaaS', 'PaaS', 'IaaS']",True,False,True,high,"Keywords describe the same industry and services as the summary, but include overly technical terms (SaaS, PaaS, IaaS) that are not mentioned in the summary",False
pertsev.vip,Pertsev Company,Russia,Company,57,"Pertsev Company is a manufacturer and supplier of water treatment and purification equipment for industrial, business, and private use. They offer comprehensive solutions including design, installation, and service, specializing in industrial water preparation for various sectors like energy, food, and chemical industries. The company also provides wholesale options and custom-tailored systems, emphasizing high efficiency, reliability, and quality.","['water treatment', 'water purification', 'industrial water', 'water filtration', 'reverse osmosis', 'ion exchange resins', 'water softening', 'equipment supplier', 'water preparation', 'custom solutions']",True,True,True,high,"Summary and keywords are specific, coherent, and accurately describe the business's activities.",False
barnesgroupinc.com,Barnes Group Inc.,United States,Company,65,"Barnes Group Inc. is a global industrial and aerospace manufacturer and provider of diversified industrial products, services and solutions. The company operates through two segments: Aerospace and Industrial. Its products are used in a wide range of applications, including aircraft engines, defense systems, automotive components, and industrial equipment. Barnes Group is committed to innovation and sustainability, aiming to deliver value to its customers and stakeholders.","['aerospace', 'industrial manufacturing', 'diversified products', 'global operations', 'Barnes Group', 'automotive components', 'defense systems', 'innovation', 'sustainability', 'engineered solutions']",True,True,True,high,"Summary and keywords accurately describe the company's industrial and aerospace manufacturing activities, with specific details about its products and values.",False
ieionline.com,"Elbit Systems of America, LLC",United States,Company,68,"Elbit Systems of America (Elbit America) is a defense technology company that designs, engineers, and manufactures advanced defense systems for military, commercial, and medical industries. They specialize in electronic systems, C4I, ground combat systems, precision fires, night vision, and maritime systems, aiming to provide warfighters with a decisive edge. The company emphasizes being an American-made, combat-proven partner, focusing on mission success and delivering solutions for complex operational challenges.","['defense technology', 'electronic systems', 'C4I', 'night vision', 'maritime systems', 'ground combat systems', 'precision fires', 'warfighter solutions', 'American-made', 'defense manufacturing']",True,True,True,high,"Summary and keywords accurately describe the company's products and services, with no signs of generic boilerplate or unrelated content.",False
mawsonim.com.au,Mawson Investment Management Pty Ltd,Australia,Company,53,"Mawson Investment Management is a boutique investment management company founded in 2010, specializing in market-neutral investment strategies. They focus on capital preservation, active portfolio management, dynamic asset allocation, and disciplined risk management. The company serves sophisticated or professional investors through Separately Managed Accounts and Managed Account Services, aiming to deliver exceptional long-term performance.","['investment management', 'market neutral', 'capital preservation', 'asset allocation', 'risk management', 'boutique firm', 'managed accounts', 'sophisticated investors', 'portfolio management', 'financial markets']",True,True,True,high,"Summary and keywords are specific, coherent, and accurately describe the company's investment management services.",False
ballroomdancingclasses.com.au,Rebel.com,Australia,Company,47,"Rebel.com is a domain name registrar that provides services to help individuals and businesses establish an online presence. They offer website building tools, custom email services, and domain privacy and security features. Their mission is to empower creators and entrepreneurs to showcase their contributions on the internet.","['domain registrar', 'website builder', 'custom email', 'domain privacy', 'SSL certificates', 'online presence', 'entrepreneur', 'creator', 'web hosting', 'internet services']",False,True,True,high,"The summary appears to be generic boilerplate text from a domain registrar, not specific to the company's actual business of ballroom dancing classes.",False
breakwaterfunds.com,Breakwater Management,United States,Company,64,"Breakwater Management is a private equity firm founded in 2009 and based in Los Angeles. They specialize in control equity investments in emerging businesses within the lower middle market, focusing on Media & Entertainment, Marketing, and Tech-Enabled Services sectors. The firm partners with founders and management teams to accelerate growth through organic expansion and strategic acquisitions, leveraging their partners' extensive operating and investing experience.","['private equity', 'investment firm', 'lower middle market', 'media and entertainment', 'marketing', 'tech-enabled services', 'growth equity', 'control buyouts', 'portfolio companies', 'value creation']",True,True,True,high,"Summary and keywords accurately describe the company's private equity focus, industry sectors, and investment strategy.",False
biofa-profi.de,Biofa GmbH,Germany,Company,66,"Biofa GmbH is a company specializing in agricultural products and solutions, offering a wide range of items including fertilizers, pest control, and plant strengthening agents for various crops like fruits, vegetables, and arable farming. They also provide consulting services and technical information to support farmers. The company emphasizes sustainable practices and offers products for organic farming, positioning itself as a key supplier in the agricultural sector.","['agriculture', 'fertilizers', 'pest control', 'plant protection', 'organic farming', 'horticulture', 'crop production', 'agricultural supplies', 'consulting', 'sustainable agriculture']",True,True,True,high,"Summary and keywords accurately describe the company's products and services, with no signs of generic boilerplate or unrelated content.",False
preklady.cz,Lingea s.r.o.,Czechia,Company,60,"Lingea s.r.o. is a company specializing in comprehensive language services for businesses, including translations, certified translations, proofreading, interpreting, localization, and DTP & multimedia services. They handle technical, legal, marketing, and specialized texts in over 50 languages, leveraging native speakers and industry experts. With over 25 years of experience, Lingea aims to facilitate global communication and international expansion for its clients.","['translation', 'interpreting', 'localization', 'proofreading', 'DTP', 'multimedia', 'language services', 'certified translation', 'technical translation', 'legal translation']",True,True,True,high,Summary and keywords accurately describe the company's services and are specific to its industry.,False
54thegrind.com,Number 1 In Website Rankings,United States,Other,64,"This website appears to be a directory or lead generation service that aims to improve the Google rankings of businesses by featuring them on its site. It offers services such as website development, hosting, SEO, and business consultation, positioning itself as a cost-effective sales tool. The site highlights businesses that have achieved top search engine rankings, acting as a promotional platform for various industries.","['SEO', 'Website Ranking', 'Lead Generation', 'Business Promotion', 'Website Development', 'Online Marketing', 'Search Engine Optimization', 'Business Consultation', 'Digital Marketing', 'Web Hosting']",True,False,True,high,"The summary accurately describes the business, but the keywords contain generic terms that could apply to any company in the industry, and do not specifically describe what this particular business does.",False
lipann.com,Lip Ann Engineering Pte Ltd,Singapore,Company,50,"Lip Ann Engineering Pte Ltd specializes in the aerospace and aviation industry, offering services in tooling design, manufacturing, and maintenance. They cater to airlines and airport equipment needs, with a focus on engineering solutions within this sector. The company also highlights expertise in talent and technology within its specialized field.","['Aerospace', 'Aviation', 'Airlines', 'Airport Equipment', 'Tooling Design', 'Manufacturing', 'Maintenance', 'Engineering', 'Talent', 'Technology']",True,True,True,high,"Summary and keywords are highly specific to the aerospace and aviation industry, with no signs of generic boilerplate or unrelated content.",False
reestate.de,RE/ESTATE Immobilien,Germany,Company,59,"RE/ESTATE Immobilien is a real estate agency based in Munich, Germany, specializing in the sale and rental of properties including houses, apartments, and commercial real estate. They offer services such as property valuation, marketing, financing advice, and utilize advanced drone technology for property presentation. The company aims to provide personalized service and achieve successful property transactions for its clients.","['real estate', 'property', 'brokerage', 'Munich', 'valuation', 'sales', 'rentals', 'new construction', 'drone technology', 'financing']",True,True,True,high,"Summary and keywords accurately describe the company's services and industry, with specific details about their location and unique selling points.",False
twelvemonkeys.nl,Twelve Monkeys,Netherlands,Company,52,"Twelve Monkeys is an online growth and marketing agency that helps businesses grow by optimizing traffic, conversion, proposition, and reporting. They specialize in SEO, SEA, social media advertising (Facebook, Instagram, LinkedIn), and conversion rate optimization (CRO). The agency emphasizes working with experienced experts to provide flexible, quality-driven, and data-driven online marketing solutions.","['online growth', 'marketing agency', 'SEO', 'SEA', 'CRO', 'social media advertising', 'proposition development', 'reporting', 'digital marketing', 'online strategy']",True,True,True,high,"Summary and keywords accurately describe the agency's services and expertise, with no signs of generic boilerplate or unrelated content.",False
thetutoringschool.com,The Tutoring School,United States,Company,51,"The Tutoring School is an online learning and teaching platform where users can upload and access courses taught by professional educators. It offers a wide range of categories including web development, business, personal development, design, and marketing. The platform aims to provide a comprehensive solution for both learning and teaching needs.","['online learning', 'e-learning', 'course platform', 'online education', 'web development courses', 'business courses', 'design courses', 'marketing courses', 'professional educators', 'teaching platform']",True,True,True,high,Summary and keywords accurately describe the business's online learning platform services,False
sanesu-fp.co.jp,サンエス保険事務所 (San'esu Hoken Jimusho),Japan,Company,61,"San'esu Insurance Office operates as an insurance agency, offering a wide range of insurance products for both individual and corporate clients. They provide consultations and propose various plans, including auto, fire, medical, cancer, and life insurance, aiming to be a life partner for their clients. The company also offers web direct insurance for easy online applications and provides support during accidents.","['insurance agency', 'life insurance', 'auto insurance', 'fire insurance', 'corporate insurance', 'financial planning', 'risk management', 'insurance consultation', 'web direct insurance', 'accident support']",True,True,True,high,Summary and keywords accurately describe the company's insurance services and match each other in content.,False
break-through-logi.co.jp,株式会社ブレス・ロジスティクス,Japan,Company,54,"Break-Through (株式会社ブレス・ロジスティクス) is a logistics company that specializes in managing product transportation and creating new value for businesses. They offer customized transportation planning and delivery services to stores, leveraging their expertise and network. The company prides itself on its planning capabilities, particularly in food transportation, and aims to satisfy manufacturers, logistics providers, and retailers.","['logistics', 'transportation', 'supply chain management', 'delivery services', 'food logistics', 'customized planning', 'warehousing', 'distribution', 'freight forwarding', 'business solutions']",True,True,True,high,"Summary and keywords accurately describe the company's logistics services, with specific mention of food transportation and customized planning.",False
volvocars.se,Volvo Cars,Sweden,Company,46,"Volvo Cars is a Swedish multinational manufacturer of luxury vehicles. The company focuses on producing electric SUVs and offers various leasing and purchasing options, including business leases. Their core values emphasize personal, sustainable, and safe mobility, with significant investment in electrification, safety innovations, and environmental sustainability.","['electric vehicles', 'SUVs', 'automotive', 'leasing', 'sustainability', 'safety', 'electrification', 'business cars', 'car manufacturing', 'luxury vehicles']",True,True,True,high,"Summary and keywords accurately describe the company's products, values, and services without showing signs of generic boilerplate or unrelated content.",False
rioventures.com,Rio Ventures,United States,Company,57,"Rio Ventures is a venture capital firm that specializes in investing in strategic, high-potential generic domain names poised for development. They offer seed funding, growth capital, and strategic advisory services to startups and high-potential companies. Their mission is to identify and support disruptive companies by providing capital, operational support, and access to their network of industry leaders.","['Venture Capital', 'Domain Names', 'Investment', 'Startups', 'Growth Capital', 'Strategic Advisory', 'Digital Assets', 'Portfolio Companies', 'Innovation', 'Entrepreneurship']",True,True,True,high,"Summary and keywords accurately describe the company's business activities and mission, with no signs of generic boilerplate or unrelated content.",False
meerkerkbouwmaterialen.nl,Meerkerk Bouwmaterialen,Netherlands,Company,40,"Meerkerk Bouwmaterialen specializes in supplying construction materials to contractors and individuals. They maintain a large stock and offer flexible delivery options, including on-site delivery, ensuring materials are quickly available. Their product range includes facade cladding, wood, insulation, and sheet materials.","['construction materials', 'building supplies', 'contractors', 'individuals', 'facade cladding', 'wood', 'insulation', 'sheet materials', 'delivery', 'stock']",True,True,True,high,"Summary and keywords accurately describe the business's products and services, with no signs of generic boilerplate or unrelated content.",False
hemming.ch,Hemming & Partner GmbH,Switzerland,Company,51,"Hemming & Partner GmbH is a consulting firm specializing in advancing supply chain organizations. They offer expertise in logistics and supply chain setup, problem-solving for complex organizational challenges, and implementing solutions to achieve measurable benefits for clients. Their mission is to help organizations understand issues, find solutions, and implement them effectively.","['Supply Chain Consulting', 'Logistics Management', 'Organizational Development', 'Problem Solving', 'Implementation', 'Business Solutions', 'Supply Chain Optimization', 'Consulting Services', 'Global Implementation', 'Process Improvement']",True,True,True,high,"Summary and keywords are specific, coherent, and accurately describe the company's services",False
eskin.cl,Shopify,Chile,Company,53,"Shopify is an e-commerce platform that allows individuals and businesses to create and manage their online stores. It provides tools for website design, product management, marketing, and sales, enabling users to sell products online and in person. Shopify aims to empower entrepreneurs by simplifying the process of starting, running, and growing a business.","['e-commerce', 'online store', 'retail', 'SaaS', 'business platform', 'entrepreneurship', 'digital commerce', 'point of sale', 'online sales', 'merchant services']",False,True,True,high,"The summary appears to be generic boilerplate text from Shopify's official website, not specific to this Chilean company.",False
cg41.fr,Odoo,France,Company,53,"Odoo is a comprehensive suite of business management software tools, including CRM, e-commerce, accounting, manufacturing, inventory, project management, and more. It aims to provide an integrated solution for businesses to manage their operations efficiently. The platform offers a wide range of applications that can be customized and scaled to meet diverse business needs.","['business management software', 'ERP', 'CRM', 'accounting', 'e-commerce', 'inventory management', 'project management', 'manufacturing', 'SaaS', 'business operations']",True,True,True,high,"Summary and keywords accurately describe the company's software offerings, with no signs of generic boilerplate or unrelated content.",False
powerproperty.co.uk,Power Property Management,United Kingdom,Company,70,"Power Property Management is a UK-based company offering comprehensive property management services for landlords, including introduction services, full property management, inventory checks, landlord certificates, property cleaning, and assistance with selling homes. They aim to provide excellent service, value for money, and an open-book policy, operating both online and from physical offices in Ipswich and Stowmarket. The company focuses on building relationships with landlords to help them grow their property portfolios.","['property management', 'landlord services', 'tenant services', 'lettings', 'inventory checks', 'property letting', 'real estate', 'property investment', 'rental properties', 'property maintenance']",True,True,True,high,"Summary and keywords accurately describe the company's services and industry, with no signs of generic boilerplate or unrelated content.",False
oatfieldllc.com,"Oatfield, LLC",United Kingdom,Company,49,"Oatfield, LLC is a company specializing in investment and advisory services for renewable energy development, markets, and finance. They offer expertise in navigating the complexities of the renewable energy sector, providing strategic guidance and financial solutions. The company aims to facilitate growth and investment within the sustainable energy landscape.","['renewable energy', 'investment', 'advisory', 'energy development', 'energy markets', 'energy finance', 'sustainability', 'consulting', 'project finance', 'clean energy']",True,True,True,high,"Summary and keywords are specific, coherent, and accurately describe the company's services in renewable energy development.",False
fitanalytics.com.br,Lucio Matos,Brazil,Company,55,"Lucio Matos is a consultancy that specializes in analytics and personalized training to help businesses make strategic decisions and achieve sustainable growth. They offer custom analytics solutions, tailored project development, and expert training programs designed to enhance team performance and market adaptability. Their mission is to transform data into actionable insights for exceptional business results.","['analytics', 'consulting', 'business intelligence', 'data analysis', 'custom projects', 'corporate training', 'strategic decisions', 'business growth', 'performance optimization', 'data-driven insights']",True,True,True,high,"Summary and keywords are specific, coherent, and accurately describe the business's services and goals.",False
immosherpa.de,Odoo,Germany,Company,50,"Odoo is a suite of open-source business applications designed to cover all company needs, including CRM, e-commerce, accounting, inventory, and project management. Its unique value proposition lies in being both user-friendly and fully integrated. The company offers its software as a service, with options for hosting, support, and custom development.","['ERP', 'Business Software', 'Open Source', 'CRM', 'Accounting', 'Inventory Management', 'E-commerce', 'Project Management', 'SaaS', 'Business Apps']",True,True,True,high,"Summary accurately describes Odoo's features and value proposition, and keywords are specific and consistent with the summary.",False
huizhi186.com,no钱包 (中国区),China,Company,66,"no钱包 is a high-tech enterprise group founded in 1994, focusing on the big health industry with a core in biopharmaceuticals and supported by biomedical engineering. It also encompasses health care, medical rehabilitation, wellness, and health management services. The company emphasizes a philosophy of 'harmony' and 'people-orientation', aiming to create health for all and improve life quality. It actively engages in social responsibility and sustainable development initiatives.","['biopharmaceuticals', 'big health industry', 'biomedical engineering', 'health management', 'wellness', 'corporate social responsibility', 'sustainable development', 'high-tech enterprise', 'health care', 'medical rehabilitation']",True,True,True,high,"The summary and keywords are highly consistent and specific, describing a clear industry focus on biopharmaceuticals and health services.",False
wilkersonconsultingllc.com,Wilkerson Consulting LLC,United States,Company,66,"Wilkerson Consulting LLC is an oil and gas service company based in Colorado, specializing in providing expert consultants for drilling and safety operations across the United States. They offer specialized staffing solutions, including supervisors for drilling, completion, and production, as well as safety consultants, rig move coordinators, mud engineers, and geology consultants. The company aims to enhance productivity, efficiency, and safety in exploration and production projects.","['Oil and Gas', 'Staffing Solutions', 'Drilling Consultants', 'Safety Consultants', 'Exploration and Production', 'Supervisors', 'Mud Engineers', 'Geology Consultants', 'Rig Move Coordinators', 'Consulting Services']",True,True,True,high,"Summary and keywords are specific, coherent, and accurately describe the company's services in the oil and gas industry.",False
nanoribo.com,"NanoRibo (Shanghai) Biotechnology Co., Ltd",China,Company,56,"NanoRibo (Shanghai) Biotechnology Co., Ltd is a company focused on the new era of immunotherapy. While specific products and services are not detailed, the company's name suggests a focus on nanotechnology and ribonomics within the biotechnology sector. The website indicates a presence in Shanghai, China, and includes sections for 'About Us', 'Join Us', and 'News Center'.","['biotechnology', 'immunotherapy', 'nanotechnology', 'Shanghai', 'research', 'healthcare', 'life sciences', 'drug discovery', 'biotech company', 'medical innovation']",True,True,True,high,"Summary accurately describes the company's focus on biotechnology, immunotherapy, and nanotechnology, and keywords closely match the summary.",False
cybrinternational.ai,CYBR International,United States,Company,68,"CYBR International is a global cybersecurity solutions provider that leverages Artificial Intelligence (AI) for advanced threat detection and file asset management. They offer disruptive solutions like CYBRScan to proactively prevent ransomware and malicious activity by detecting problematic files that other security measures miss. With experience working with IBM's Watson and the Department of Defense, they position themselves as a real-world integrator of machine learning and AI in cybersecurity.","['cybersecurity', 'AI', 'threat detection', 'ransomware prevention', 'file asset management', 'machine learning', 'APT', 'CYBRScan', 'security solutions', 'cyber threat intelligence']",True,True,True,high,"Summary and keywords are specific, coherent, and accurately describe the company's services and expertise.",False
faultfixers.com,FaultFixers Technologies Ltd,United Kingdom,Company,60,"FaultFixers provides a cloud-based maintenance management software designed to digitize operations for property management, healthcare, education, and hospitality sectors. Their platform offers features like PPM task planning, reactive ticket management, asset tracking, time and cost tracking, and KPI dashboards. The software aims to increase efficiency, ensure compliance, and reduce administrative overhead by replacing manual processes with a centralized digital system.","['Maintenance Management Software', 'CMMS', 'Preventive Maintenance', 'Asset Management', 'Work Order Management', 'Property Maintenance', 'Facilities Management', 'Compliance', 'Digital Workflows', 'SaaS']",True,True,True,high,"Summary and keywords accurately describe the software features and target industries, showing a clear understanding of the company's offerings.",False
aqua-purewatersolutions.com,Aqua Pure Water Solutions,India,Company,56,"Aqua Pure Water Solutions is a company specializing in water treatment systems for both residential and commercial clients. They offer sales, installation, repair, and maintenance services for water softeners and reverse osmosis systems, along with specialty filters and softener salt delivery. The company provides 24-hour emergency service and focuses on improving water quality for its customers.","['water treatment', 'water softeners', 'reverse osmosis', 'filtration systems', 'residential services', 'commercial services', 'installation', 'repair', 'maintenance', 'water quality']",True,True,True,high,"Summary and keywords accurately describe the company's services and focus on water treatment, matching the domain name and recorded company name.",False
awaretec.cc,杭州盈网科技有限公司,China,Company,64,"Hangzhou Yingwang Technology Co., Ltd. is a leading supplier of IoT technology and solutions, focusing on the healthcare industry. They provide integrated hardware and software solutions for smart hospitals, including health monitoring, material management, disinfection supply, navigation, and smart logistics. The company emphasizes self-developed, independent, and innovative IoT technology, offering an open platform and customized solutions to enhance hospital management efficiency and patient experience.","['IoT', 'Smart Healthcare', 'Hospital Management', 'Health Monitoring', 'Asset Management', 'Disinfection Supply', 'Navigation', 'Smart Logistics', 'Technology Solutions', 'IoT Platform']",True,True,True,high,"Summary and keywords are highly specific and coherent, describing a clear industry focus on IoT technology for healthcare.",False
langholm.com,Langholm Capital,United Kingdom,Company,55,"Langholm Capital was a London-based private equity firm that focused on mid-market private companies in high-growth consumer sectors. The firm successfully executed its exit strategy for Fund II in October 2021 by selling its remaining portfolio companies, including WoolOvers, Purity Soft Drinks, and Lumene, to Verdane. Langholm Capital is no longer pursuing new investment opportunities.","['private equity', 'growth equity', 'consumer brands', 'investment firm', 'portfolio management', 'exit strategy', 'mid-market', 'fund II', 'London', 'financial services']",True,True,True,high,"Summary and keywords accurately describe the company's activities, industry, and location, with no signs of generic boilerplate or unrelated content.",False
dxjmdb.com,尊龙凯时科技,China,Company,65,"尊龙凯时科技 (Zunlong凯时 Technology) is a technology service provider established in 2010, focusing on cutting-edge solutions in artificial intelligence, big data analysis, and cloud computing. Operating under the motto ""Life is a struggle!"", the company aims to make information access more convenient and efficient. They strive to be a leading global information service platform, driven by technological innovation and a commitment to connecting a smart future.","['technology solutions', 'artificial intelligence', 'big data analysis', 'cloud computing', 'information services', 'innovation', 'search engine', 'recommendation systems', 'data security', 'tech company']",False,True,True,medium,"The summary appears to be overly promotional and generic, with phrases like 'cutting-edge solutions' and 'leading global information service platform', which are typical of templated text.",False
hieronimi-center.de,P.W. Hieronimi moderner baubedarf GmbH,Germany,Company,65,"P.W. Hieronimi moderner baubedarf GmbH is a company specializing in building materials and supplies for construction, renovation, and gardening. They offer a wide range of products including masonry, steel, landscaping materials, tiles, sanitary ware, roofing, insulation, and tools. The company operates multiple branches across Germany and provides online services such as an online shop, a portal for checking stock availability, and appointment booking for consultations.","['building materials', 'construction supplies', 'landscaping', 'renovation', 'online shop', 'branch network', 'consultation', 'tools', 'sanitary ware', 'photovoltaics']",True,False,False,medium,"Keywords mention 'photovoltaics' which is not mentioned in the summary, suggesting they may be unrelated to this company's actual activities",False
wellretailgroup.com,WellRetail Group,United Kingdom,Company,54,"WellRetail Group is an innovative and idea-driven retailer specializing in home appliances, personal care, and lifestyle consumer products. With an established presence in Europe, the company is actively expanding into the US and other international markets. They focus on providing a meaningful career path for their employees and are seeking to grow their team.","['retailer', 'home appliances', 'personal care', 'lifestyle products', 'consumer products', 'innovation', 'expansion', 'careers', 'Europe', 'US market']",True,True,True,high,"Summary and keywords accurately describe the company's products, services, and business goals without showing signs of generic boilerplate or unrelated content.",False
ravle.in,Masterstudy,India,Company,55,"Masterstudy is an online learning platform offering over 1200 courses across 18 subjects, catering to individuals seeking personal and professional development. It provides a flexible learning environment with options for both students and instructors, including enterprise solutions for businesses. The platform aims to make learning accessible and impactful, as evidenced by testimonials highlighting transformative experiences.","['online courses', 'e-learning', 'professional development', 'instructor platform', 'business training', 'skill development', 'education technology', 'course catalog', 'lifelong learning', 'Masterstudy']",True,True,True,high,"Summary and keywords accurately describe the online learning platform, with specific details about courses, subjects, and features.",False
vjprojektai.lt,eZ Systems,Lithuania,Company,62,"eZ Systems is a software company that provides an open-source content management system (CMS) called eZ Platform. It enables businesses to create, manage, and deliver digital content across various channels. The company focuses on providing flexible and scalable solutions for content management and digital experience. Its offerings cater to a range of industries looking to enhance their online presence and content strategies.","['Content Management System', 'CMS', 'Open Source', 'eZ Platform', 'Digital Content', 'Web Development', 'Software', 'Digital Experience', 'Enterprise Content Management', 'SaaS']",True,True,True,high,Summary and keywords accurately describe the company's software services and match each other in content.,False
birminghamfurnishings.co.uk,WordPress,United Kingdom,Company,52,"WordPress is a free and open-source content management system (CMS) that allows users to create and manage websites and blogs. It is widely used for its flexibility, ease of use, and extensive ecosystem of themes and plugins. WordPress powers a significant portion of the internet, from personal blogs to large corporate sites.","['CMS', 'Website Builder', 'Blogging Platform', 'Open Source', 'Content Management', 'Web Development', 'Themes', 'Plugins', 'SaaS', 'Blogging']",False,True,True,high,"The summary appears to be a generic description of WordPress, not the company itself",False
nngsolutions.com,N&N Group Solutions Sp. z o.o.,Poland,Company,76,"N&N Group Solutions Sp. z o.o. specializes in providing e-learning solutions for businesses, including the design and production of digital educational content, implementation of Learning Management Systems (LMS), and offering training and consulting on learning methodologies. They aim to enhance business processes through effective training programs and platforms, supporting areas like sales, onboarding, compliance, and online studies. With 20 years of experience, they focus on delivering measurable results and tailored solutions for organizations of all sizes.","['e-learning', 'LMS platforms', 'corporate training', 'digital education', 'learning solutions', 'onboarding', 'compliance training', 'sales training', 'Moodle', 'educational consulting']",True,True,True,high,"Summary and keywords are specific, coherent, and accurately describe the company's services.",False
aimwiseai.com.au,AimwiseAI,Australia,Company,52,"AimwiseAI is a technology company specializing in the development and integration of artificial intelligence and machine learning solutions. They offer custom AI development, seamless ML model integration, and strategic AI consulting to empower businesses with next-generation AI-driven capabilities. The company aims to transform business ideas into powerful AI solutions across various industries.","['AI Development', 'Machine Learning', 'AI Consulting', 'Custom AI Solutions', 'ML Integration', 'AI Strategy', 'Business Transformation', 'Technology Solutions', 'Artificial Intelligence', 'Next-Generation AI']",True,True,True,high,"Summary and keywords accurately describe the company's AI development services and match in content, indicating trustworthy metadata.",False
bridgeenergy.com,Bridge Energy Services,United States,Company,52,"Bridge Energy Services is an independent energy management, aggregation, and consulting firm. They offer innovative energy strategies to help clients optimize energy procurement, assets, and operations, aiming to reduce risk, cost, and carbon footprint. Their services include energy procurement, on-site generation, battery storage, data solutions, sustainability strategies, energy management, and energy aggregation.","['Energy Management', 'Energy Procurement', 'Energy Aggregation', 'Consulting', 'Sustainability', 'On-Site Generation', 'Battery Storage', 'Data Solutions', 'Market Intelligence', 'Cost Reduction']",True,True,True,high,"Summary and keywords accurately describe the company's energy management services, with specific details on their offerings.",False
31southrealty.com,31 South Realty Co,United States,Company,59,"31 South Realty Co is a full-service real estate brokerage offering residential and commercial sales, leasing, and property management. They focus on building relationships, proficiency, efficiency, and service to help clients buy, sell, or manage properties. The company provides resources and expertise for navigating the real estate market, including tips for buyers and sellers, and information on commercial properties.","['real estate', 'brokerage', 'residential sales', 'commercial sales', 'property management', 'real estate services', 'home buying', 'home selling', 'leasing', 'real estate market']",True,True,True,high,"Summary and keywords accurately describe the services offered by the company, with no signs of generic boilerplate or unrelated content.",False
commerces-en-direct.fr,Le carrefour des repreneurs,France,Other,60,"Le carrefour des repreneurs is a platform that aggregates commercial real estate listings for sale and rent, including businesses, commercial spaces, and offices. It serves as a marketplace for entrepreneurs looking to buy or sell businesses and commercial properties, connecting them with agencies and private sellers. The site also offers news and practical guides related to commercial real estate transactions.","['commercial real estate', 'business for sale', 'business for rent', 'commercial property', 'entrepreneurship', 'business acquisition', 'commercial leasing', 'business brokerage', 'real estate listings', 'business opportunities']",True,True,True,high,"Summary and keywords accurately describe the platform's purpose and services, with no signs of generic boilerplate or unrelated content.",False
hearntrucking.com,Hearn Trucking LLC,United States,Company,48,"Hearn Trucking LLC is a transportation company based in Weatherford, Texas, specializing in safe and dependable over-the-road freight services. They offer a variety of transportation options including livestock, pneumatic, flatbed, and refrigerated transport. The company emphasizes on-time deliveries and high safety standards, operating with strong ethics and values.","['trucking', 'transportation', 'logistics', 'freight', 'livestock transport', 'flatbed', 'refrigerated', 'pneumatic', 'safety', 'delivery']",True,True,True,high,"Summary and keywords accurately describe the company's services and values, with no signs of generic boilerplate or unrelated content.",False
memphreinvestments.com,"Memphre Investments, L.P.",United States,Company,40,"Memphre Investments, L.P. is a private, family-owned investment firm that specializes in equity securities. They employ a value-based approach, utilizing fundamental analysis to guide their investment decisions. The firm operates within the financial services sector, focusing on long-term investment strategies.","['investment firm', 'private equity', 'value investing', 'fundamental analysis', 'family-owned', 'equity securities', 'financial services', 'investment management', 'portfolio management', 'asset management']",True,True,True,high,"Summary and keywords are specific, coherent, and accurately describe the company's investment activities.",False
elisabeth-diakonie.de,VOXTRIX,Germany,Company,65,"VOXTRIX appears to be a web development and design company, as indicated by the footer ""Designed & Developed by VOXTRIX"". The website presents news articles covering various topics such as social affairs, culture, urban development, lifestyle, business, automotive, and technology, suggesting it might also function as a content platform or news aggregator. The company's services likely involve creating and maintaining such online presences for clients.","['web development', 'web design', 'content platform', 'news aggregator', 'digital services', 'online presence', 'Berlin news', 'lifestyle', 'technology', 'automotive']",True,False,True,medium,Keywords seem to be overly generic and include some unrelated terms like 'Berlin news' which is not mentioned in the summary,False
lamcap.com.au,LamCap,Australia,Company,51,"LamCap is a financial services firm specializing in venture capital and debt financing solutions for startups and positive cash flow businesses. They aim to accelerate growth by providing tailored funding and assisting with exit strategies. The company positions itself as a partner in progress, combining traditional diligence with modern investment approaches.","['venture capital', 'debt financing', 'startup funding', 'growth capital', 'exit strategies', 'business finance', 'investment', 'financial solutions', 'partners in progress', 'innovative growth']",True,True,True,high,"Summary and keywords are specific, coherent, and accurately describe the company's financial services offerings.",False
fiskco.se,Fisk & Co BI CRM AB,Sweden,Company,63,"Fisk & Co BI CRM AB specializes in managing large datasets to provide insights from customer and transaction data. They offer services in Customer Relationship Management (CRM), Business Intelligence (BI), Data Science, campaign management, and GIS optimization. The company also provides web and application development, as well as CRM training, aiming to help clients understand customers, optimize marketing, and improve decision-making through data.","['Business Intelligence', 'CRM', 'Data Management', 'Data Science', 'Campaign Management', 'GIS', 'Consulting', 'Analytics', 'Customer Insights', 'BI Development']",True,True,True,high,"Summary and keywords accurately describe the company's services and activities, with no signs of generic boilerplate or unrelated content.",False
igcconsultores.com,IGC Consultores,Spain,Company,53,"IGC Consultores is a specialized consulting firm founded in 1992, offering management outsourcing and consulting services to businesses and self-employed individuals. They provide expertise across accounting, tax, social, financial, commercial/legal, and environmental areas. With a presence in major Spanish cities through partner alliances, they aim to support their clients' operational and strategic needs.","['consulting', 'outsourcing', 'management', 'accounting', 'tax', 'financial', 'legal', 'environmental', 'business services', 'SMEs']",True,True,True,high,"Summary and keywords accurately describe the company's services and areas of expertise, with no signs of generic boilerplate or unrelated content.",False
bellastem.com,Bellastem Biotechnology Limited,China,Company,56,"Bellastem Biotechnology Limited (BBL) is a state-level hi-tech enterprise founded in 2014, specializing in biotech services for tumor biotherapy, stem cell R&D and clinical application, and genetic testing. The company boasts a high-level talent team and operates a modern, GMP-compliant immune cell laboratory. BBL aims to provide advanced biotechnological solutions and services in China and globally.","['Biotechnology', 'Stem Cell Therapy', 'Genetic Testing', 'Tumor Biotherapy', 'Biotech Services', 'Hi-tech Enterprise', 'Cell Immunotherapy', 'Medical Laboratory', 'R&D', 'Clinical Application']",True,True,True,high,"Summary and keywords are specific, coherent, and accurately describe the biotechnology services offered by Bellastem Biotechnology Limited.",False
h2itsolutions.com,"H2 IT Solutions, Inc.",United States,Company,64,"H2 IT Solutions, Inc. is a Woman-Owned Small Business (WOSB) that has been a trusted technology partner for the Department of Defense and federal agencies for nearly 20 years. They specialize in providing IT, engineering, and training solutions, including custom software development, data engineering, systems integration, and staff augmentation. Their mission is to deliver innovative, reliable, and cost-effective solutions to strengthen national defense readiness.","['IT Solutions', 'Department of Defense', 'Engineering', 'Training', 'Software Engineering', 'Data Engineering', 'Systems Integration', 'Staff Augmentation', 'Woman-Owned Small Business', 'National Defense']",True,True,True,high,"Summary and keywords are specific, coherent, and accurately describe the company's services and mission.",False
xdeck.de,xdeck,Germany,Company,60,"xdeck is a founder-centric accelerator and venture fund that supports early-stage B2B tech ventures. They provide acceleration programs with a strong network of experienced entrepreneurs and corporate partners, alongside hands-on investment through their venture capital fund. Their mission is to empower founders by offering tailored expertise and challenging their status quo, fostering growth and innovation in the tech startup ecosystem.","['startup accelerator', 'venture capital', 'B2B tech', 'founder support', 'early-stage investment', 'tech startups', 'entrepreneurship', 'innovation', 'corporate partnerships', 'Cologne']",True,True,True,high,"Summary and keywords are specific, coherent, and accurately describe the business activities of xdeck.de",False
qchoo.cn,七彩虹数据管理系统 (Qicaihong Data Management System),China,Company,56,"Qicaihong Data Management System is a provider of data management software, specializing in business management solutions. Their product offerings include inventory management (both standalone and cloud-based), simple warehousing systems, store accounting software, and delivery note printing tools. The company is actively developing more products and aims to serve businesses needing efficient data handling and operational control.","['data management', 'inventory management', 'business software', 'cloud solutions', 'accounting software', 'warehousing', 'delivery notes', 'SaaS', 'software provider', 'business operations']",True,True,True,high,Summary and keywords accurately describe the company's data management software offerings and align with its industry.,False
megasrl.it,MEGA di Ghigo Giovanna & C. s.n.c.,Italy,Company,64,"MEGA has been operating since the 1960s, specializing in the sale of building materials and the processing of rebar and mesh for reinforced concrete. The company offers a dynamic range of services including material sales, expert consultation, custom fabrication, tintometric systems, dry cutting services, equipment rental, and outdoor flooring solutions. They aim to provide comprehensive solutions for the evolving needs of the construction sector.","['building materials', 'reinforced concrete', 'rebar processing', 'mesh processing', 'construction solutions', 'tintometric system', 'equipment rental', 'outdoor flooring', 'garden furniture', 'building supplies']",True,False,False,high,The keywords include 'garden furniture' which is unrelated to the construction industry described in the summary.,False
tomz.com,TOMZ Corporation,United States,Company,53,"TOMZ Corporation is a leading contract medical device manufacturer with over 35 years of experience, serving global OEMs. They specialize in advancing quality of life by producing medical devices from prototype to production, aiming to improve patient lives worldwide. The company emphasizes precision, advanced technology, and a patient-first approach across its three facilities.","['medical device manufacturing', 'contract manufacturing', 'OEM supplier', 'healthcare', 'ISO 13485', 'FDA registered', 'prototype', 'production', 'quality', 'innovation']",True,True,True,high,"Summary and keywords accurately describe the company's industry, services, and certifications, with no signs of generic boilerplate or unrelated content.",False
i2ideas.co.uk,i2i,United Kingdom,Company,57,"i2i is a marketing and advertising agency that focuses on creating memorable and impactful campaigns. They specialize in developing creative ideas and executing them across various media to ensure brand messages stick with the target audience. Their services encompass strategic thinking, design, copywriting, and media planning, aiming to drive demand and achieve commercial success for their clients.","['marketing', 'advertising', 'branding', 'creative agency', 'campaigns', 'copywriting', 'design', 'media planning', 'strategy', 'brand communication']",True,True,True,high,"Summary and keywords accurately describe the company's services and industry, with no signs of generic boilerplate or unrelated content.",False
bluepointps.com,BluePoint Performance Solutions,United States,Company,50,"BluePoint Performance Solutions offers comprehensive payroll and HR solutions, including prevailing wage compliance, payroll processing, and applicant tracking software. They aim to help businesses save time and money by streamlining HR functions and ensuring legal compliance. Their services cater to companies needing efficient payroll management and robust employee onboarding processes.","['Payroll Services', 'Prevailing Wage Compliance', 'Applicant Tracking', 'HR Solutions', 'Labor Law Posters', 'Onboarding Software', 'Timekeeping', 'Direct Deposit', 'Electronic Filings', 'Performance Management']",True,True,True,high,"Summary and keywords are specific, coherent, and accurately describe the company's services.",False
phoneprogetti.it,Phone Progetti,Italy,Company,68,"Phone Progetti is an Italian company specializing in advanced solutions for business telecommunications, security, and voice/data services. They offer a range of services including networking, telephony, wireless networks, wired networks, radio bridges, cybersecurity, virtual data centers, and security systems like video surveillance and access control. The company aims to improve operational efficiency and infrastructure protection for businesses, public entities, and private clients through customized, reliable, and high-performance solutions.","['telecommunications', 'networking', 'cybersecurity', 'security systems', 'voice and data services', 'virtual data center', 'system integrator', 'telephony solutions', 'wireless networks', 'business solutions']",True,True,True,high,"Summary and keywords accurately describe the company's services and industry, with no signs of generic boilerplate or unrelated content.",False
locumpeople.com.au,Locum People,Australia,Company,62,"Locum People is a business consulting company specializing in human resources management initiatives for SMEs and larger organizations. They offer outsourced HR, project-based HR advice, recruitment, executive search, and psychometric assessments. Additionally, they are the premium distributor in Australia and New Zealand for the Prevue psychometric assessment and personality profiling system, as well as the Prevue Applicant Processing System (APS) recruitment software.","['Human Resources', 'HR Consulting', 'Recruitment', 'Executive Search', 'Psychometric Assessment', 'Prevue', 'Applicant Processing System', 'SME Support', 'Performance Management', 'HR Software']",True,True,True,high,"Summary and keywords accurately describe the company's services and products, with no signs of generic boilerplate or unrelated content.",False
cocoearth.com.au,Coco Earth,Australia,Company,59,"Coco Earth is an Australian-owned company specializing in natural and organic health and wellness products. They offer a range of items including almond protein powder, ready-to-eat meals, and specialty oils and flours, with a vision to promote healthy and sustainable lifestyles. While their online store is closed, their products are available through major Australian retailers like Coles and Woolworths.","['organic products', 'health and wellness', 'almond protein', 'ready meals', 'specialty oils', 'sustainable lifestyle', 'plant-based foods', 'Australian owned', 'retail', 'food manufacturing']",True,False,False,medium,Keywords describe a broader range of industries than the specific focus on natural and organic health products mentioned in the summary,False
hennings-landmaschinen.de,WordPress,Germany,Company,51,"WordPress is a free and open-source content management system (CMS) that allows users to create and manage websites and blogs. It is widely used for its flexibility, extensive plugin ecosystem, and user-friendly interface, powering a significant portion of the internet. Its primary function is to facilitate website creation and content publishing.","['WordPress', 'CMS', 'Website Builder', 'Blogging Platform', 'Content Management', 'Open Source', 'Web Development', 'Publishing', 'Themes', 'Plugins']",False,True,True,high,"The summary appears to be a generic description of the WordPress platform, not specific to Hennings-Landmaschinen.de",False
livingessentials.at,Shopify,Austria,Company,55,"Shopify is a leading e-commerce platform that enables businesses to create and manage their online stores. It provides tools for website design, product management, marketing, and sales, allowing entrepreneurs to sell products online and in person. The platform offers various subscription plans and services to support businesses of all sizes in their digital commerce endeavors.","['e-commerce', 'online store', 'retail', 'SaaS', 'business platform', 'digital commerce', 'entrepreneurship', 'online sales', 'website builder', 'merchant services']",False,True,True,high,"The summary appears to be generic boilerplate text from Shopify's official website, not a specific description of the company livingessentials.at",False
erpservice.com,深圳市钜茂资讯有限公司,China,Company,55,"钜茂资讯有限公司 (Jumao Information Technology Co., Ltd.) is an ERP system service provider specializing in solutions for small and medium-sized enterprises. They offer ERP, CRM, and SCM systems designed for manufacturing, trading, distribution, and import/export businesses. Their services include system implementation, customization, and IT planning, aiming to enhance operational efficiency and reduce costs for their clients.","['ERP', 'Manufacturing ERP', 'Trading ERP', 'Distribution ERP', 'Import/Export ERP', 'CRM', 'SCM', 'Custom Software Development', 'IT Consulting', 'SME Solutions']",True,False,True,medium,"Keywords appear to be overly generic and include multiple unrelated services, suggesting potential templating or copy-pasting from a different company's listing.",False
actarvs.com,Actarvs S.r.l,Italy,Company,55,"Actarvs S.r.l is an Italian cybersecurity firm specializing in information security consulting and providing tailored open-source solutions. They focus on protecting sensitive data and preventing cyber threats through advanced defensive and offensive security services, incident response, and OT/IoT security. Their mission is to raise awareness about cyber risks and ensure business network security and resilience.","['cybersecurity', 'information security', 'open-source solutions', 'data protection', 'threat prevention', 'incident response', 'OT security', 'IoT security', 'network security', 'cyber resilience']",True,True,True,high,"Summary and keywords are specific, coherent, and accurately describe the company's services and mission.",False
concourseco.com,"Ember Group, LLC",United States,Company,56,"EMBER is a private real estate investment and development firm that specializes in land acquisition and the delivery of master-planned communities, industrial projects, and select residential developments. The company focuses on strategic land acquisition and project execution within the real estate sector. They also offer a platform for investors and provide updates on their latest projects.","['real estate', 'investment', 'development', 'land acquisition', 'master planned communities', 'industrial real estate', 'residential projects', 'property development', 'real estate firm', 'investor portal']",True,True,True,high,"Summary and keywords accurately describe the company's activities in real estate investment and development, with specific details on their focus areas.",False
robotae.com,Robotae Ltd,United Kingdom,Company,46,"Robotae is a technology design and development consultancy specializing in robotics and mechatronics. Founded in 2014, the company supports businesses of all sizes in developing new robotic or mechatronic products and systems. Their services encompass areas like consumer electronics, service robotics, control systems, and mobile robots.","['robotics consultancy', 'mechatronics', 'technology design', 'product development', 'service robotics', 'control systems', 'mobile robots', 'consumer electronics', 'wearables', 'industrial demonstrator']",True,False,False,high,"Keywords mention unrelated topics such as wearables, which do not match the summary",False
biohoefe-stiftung.de,BioHöfe Stiftung,Germany,Other,49,"The BioHöfe Stiftung is a non-profit foundation dedicated to preserving organic farming practices in Germany. It supports farmers and landowners in transitioning their agricultural work to successors who will continue ecological management. The foundation also funds non-profit projects in nature and environmental protection, particularly those related to organic agriculture.","['organic farming', 'sustainable agriculture', 'land preservation', 'farmer succession', 'environmental protection', 'non-profit', 'foundation', 'rural development', 'ecological management', 'agricultural culture']",True,True,True,high,"Summary and keywords accurately describe the foundation's mission and activities, with specific details about organic farming practices in Germany.",False
biovico.pl,BIOVICO S.P. Z O.O.,Poland,Company,48,"Biovico is a biotechnology and pharmaceutical company dedicated to researching, developing, and providing innovative healthcare solutions. They focus on creating rigorously tested products and comprehensive patient-tailored solutions, leveraging decades of experience in the field. The company's mission is to enhance global patient health and well-being through pharmaceutical innovation.","['biotechnology', 'pharmaceutical', 'healthcare solutions', 'research and development', 'patient health', 'medical innovation', 'biologics', 'drug development', 'quality management', 'scientific marketing']",True,True,True,high,"Summary and keywords accurately reflect the company's mission, products, and services in biotechnology and pharmaceuticals.",False
jl-company.co.kr,사이트하우스 (Sitehouse),South Korea,Company,59,"Sitehouse is a web development company specializing in creating custom websites, particularly landing pages and responsive websites. They offer services such as custom design, online advertising agency support, and website maintenance. The company aims to provide satisfactory website solutions for businesses, with a focus on user experience and optimization across various devices. They have been in operation since 2001.","['website development', 'landing page', 'responsive design', 'web design', 'online advertising', 'website maintenance', 'custom website', 'web agency', 'web solutions', 'sitehouse']",True,True,True,high,"Summary and keywords are specific, coherent, and accurately describe the company's services.",False
accounteroffice.com,Accounter Office,United States,Company,57,"Accounter Office is an accounting application developed by CPAs for CPAs, designed to automate routine tasks and optimize time. It offers secure 24/7 access to client data, efficient information sharing, and a unified financial platform. The app provides access to benchmarks, business guidance, and industry templates to help users focus on their core business and client relationships.","['accounting software', 'CPA tools', 'invoicing', 'financial platform', 'automation', 'business guidance', 'client data management', 'SaaS', 'tax software', 'office management']",True,True,True,high,"Summary and keywords accurately describe the company's services and industry, with no signs of generic boilerplate or unrelated content.",False
coramgroup.com,Intred,Italy,Company,35,"Intred is a telecommunications company that provides internet, telephony, and television services. They focus on delivering high-speed fiber optic internet to residential and business customers. The company aims to offer reliable and advanced connectivity solutions.","['telecommunications', 'internet service provider', 'fiber optic', 'telephony', 'television', 'broadband', 'connectivity', 'residential services', 'business services', 'network']",True,True,True,high,"Summary and keywords accurately describe the company's industry and services, with no signs of generic boilerplate or unrelated content.",False
itradellc.com,Oram Cybersecurity Advisors,United States,Company,58,"Oram Cybersecurity Advisors provides comprehensive IT and cybersecurity solutions for businesses, focusing on securing data, building robust tech infrastructure, and ensuring regulatory compliance. They offer services like network vulnerability assessment, data backup, dark web monitoring, and managed IT solutions. Their mission is to empower businesses with technology that supports growth and provides peace of mind against cyber threats.","['Cybersecurity', 'IT Solutions', 'Data Security', 'Managed IT', 'Compliance', 'Technology Consulting', 'Fraud Prevention', 'Network Security', 'Business Technology', 'Cyber Vulnerabilities']",True,True,True,high,"Summary and keywords are specific, coherent, and accurately describe the company's services and mission.",False
usnet-1.com,USNet,United States,Company,52,"USNet specializes in comprehensive data center fit-out services, offering tailored solutions for hyperscale, enterprise, colocation, and edge data centers. Their expertise spans strategic IT relocation planning, structured cabling, advanced security systems, and space optimization to ensure peak performance, efficiency, and scalability. They aim to provide seamless infrastructure deployment from strategy to execution.","['Data Center Fit-Out', 'Structured Cabling', 'IT Relocation', 'Data Center Security', 'Space Optimization', 'Infrastructure Deployment', 'Colocation', 'Hyperscale Data Centers', 'Enterprise Data Centers', 'Edge Data Centers']",True,True,True,high,"Summary and keywords accurately describe specific services offered by USNet, with no signs of generic boilerplate or unrelated content.",False
outwritemusic.com,Bluehost.com,United States,Company,41,"Bluehost.com provides affordable and reliable web hosting solutions. They offer various hosting services to individuals and businesses, aiming to make website creation accessible. The company also has an affiliate program and provides customer support through a help center and contact options.","['web hosting', 'affordable hosting', 'reliable hosting', 'website solutions', 'affiliate program', 'customer support', 'domain', 'online presence', 'internet services', 'hosting provider']",False,True,True,high,"The summary appears to be generic boilerplate text from a hosting provider, unrelated to the actual business activities of Bluehost.com",False
advan.us,Advan Research Corporation,United States,Company,61,"Advan Research Corporation provides advanced location and brand analytics by collecting and processing vast amounts of cellphone location and transaction data. Their services offer insights into foot traffic, consumer behavior, demographics, and sales performance for various industries including retail, commercial real estate, and finance. The company aims to help businesses make informed decisions regarding site selection, competitor analysis, and financial forecasting.","['Location Analytics', 'Brand Analytics', 'Foot Traffic Data', 'Transaction Data', 'Demographics', 'Retail Analytics', 'Real Estate Analytics', 'Financial Data', 'Consumer Behavior', 'Data Intelligence']",True,True,True,high,"Summary and keywords accurately describe the company's services and industry, with no signs of generic boilerplate or unrelated content.",False
edgesoftdesign.com,EdgeSoftDESIGN,Romania,Company,55,"EdgeSoftDESIGN is a software development company that specializes in creating custom-made software solutions for businesses. They offer services such as website development, database systems, and desktop/mobile applications, aiming to deliver high-quality results that meet client requirements and budgets. The company focuses on user-friendly and essential business systems, catering to a wide range of user scales.","['custom software', 'web development', 'database systems', 'mobile applications', 'desktop applications', 'software solutions', 'business software', 'IT services', 'software design', 'software implementation']",True,True,True,high,Summary and keywords accurately describe the company's services and are specific to software development.,False
criativaead.com.br,Criativa EaD,Brazil,Company,68,"Criativa EaD specializes in creating and customizing distance learning (EaD) platforms, offering services from hosting and installation to visual identity design and educational consulting. They focus on developing personalized Moodle and WordPress-based solutions, including integrations, custom plugins, and training, to enhance the learning experience for educational institutions and businesses. Their mission is to leverage educational technology to help clients expand their reach and improve teaching and learning processes.","['EaD platforms', 'Moodle', 'WordPress', 'e-learning', 'educational technology', 'platform hosting', 'customization', 'consulting', 'training', 'integrations']",True,True,True,high,"Summary and keywords accurately describe the company's services and technology focus, with no signs of generic boilerplate or unrelated content.",False
lenzinibilance.it,Intred,Italy,Company,49,"Intred is a telecommunications company that provides internet, telephony, and television services. They focus on delivering high-speed fiber optic internet and comprehensive communication solutions to residential and business customers. Their mission is to offer reliable and advanced connectivity, positioning themselves as a key player in the digital infrastructure market.","['telecommunications', 'internet service provider', 'fiber optic', 'telephony', 'television', 'connectivity', 'broadband', 'digital infrastructure', 'residential services', 'business solutions']",True,True,True,high,"Summary and keywords accurately describe the company's services and industry, with no signs of generic boilerplate or unrelated content.",False
bradharveycreative.com,Brad Harvey Creative,United States,Company,68,"Brad Harvey Creative is an award-winning video production company that specializes in creating dynamic digital content for various platforms including online, broadcast, presentations, non-profits, and trade shows. With over a decade of experience, they help clients establish their presence in the digital world by producing engaging video content tailored to reach specific audiences. The company showcases a portfolio of work ranging from business and industrial to corporate videos.","['video production', 'creative services', 'digital content', 'award-winning', 'corporate video', 'non-profit video', 'trade show video', 'broadcast video', 'online video', 'marketing']",True,True,True,high,"Summary and keywords accurately describe the company's services and expertise, with no signs of generic boilerplate or unrelated content.",False
fette-koeln.de,FETTE Pharma Holding AG,Germany,Company,51,"FETTE Pharma Holding AG is a German company based in Cologne, operating within the pharmaceutical sector. The company's core activities likely involve the development, manufacturing, or distribution of pharmaceutical products, indicated by its name and holding structure. Further details on specific products or services are not provided in the given text.","['pharmaceuticals', 'holding company', 'Cologne', 'Germany', 'drug development', 'healthcare', 'biotechnology', 'life sciences', 'pharma industry', 'medical products']",True,False,True,high,Keywords describe a broader range of industries than the specific focus on pharmaceuticals mentioned in the summary,False
comquoi.com,Gandi.net,France,Company,48,"Gandi.net is a domain registrar and web hosting provider that offers domain name registration, web hosting services, and related internet services. They aim to provide a user-friendly platform for individuals and businesses to establish their online presence. The company operates in the domain name and web services industry.","['domain registrar', 'web hosting', 'domain names', 'internet services', 'online presence', 'Gandi.net', 'website registration', 'cloud hosting', 'SSL certificates', 'email hosting']",True,False,True,high,"The summary accurately describes the company's services, but the keywords contain unrelated terms like 'cloud hosting' and 'SSL certificates'",False
bmadvisorsmiami.com,B&M Advisors,United States,Company,59,"B&M Advisors is an independent wealth management firm that provides personalized global investment services. They focus on identifying market opportunities while managing client risk, tailoring strategies to individual liquidity needs, financial goals, and risk tolerance. The firm leverages its global perspective and understanding of wealthy investors to develop and execute financial strategies for wealth growth and preservation across generations.","['wealth management', 'investment services', 'global finance', 'risk management', 'financial planning', 'asset preservation', 'independent advisor', 'high-net-worth', 'financial strategy', 'custody and clearing']",True,True,True,high,"Summary and keywords are specific, coherent, and accurately describe the company's services.",False
meiqirobot.com,东莞美崎智能科技有限公司,China,Company,68,"Dongguan Meiqi Intelligent Technology Co., Ltd. is a provider of industrial automation solutions, specializing in the development and customization of factory automation production lines. They offer a range of automated equipment including robotic welding and palletizing workstations, CNC machine loading/unloading systems, and bending machine loading/unloading systems. The company aims to help traditional manufacturing transform into intelligent, efficient, and modern production by providing integrated solutions from R&D to maintenance.","['Industrial automation', 'Factory automation', 'Robotic solutions', 'CNC machine automation', 'Welding automation', 'Palletizing robots', 'Custom production lines', 'Intelligent manufacturing', 'Automation equipment', 'Manufacturing solutions']",True,True,True,high,"Summary and keywords accurately describe the company's industrial automation services, with specific examples of equipment and solutions provided.",False
ivatra.de,Ivatra Services GmbH,Germany,Company,74,"Ivatra Services GmbH is a German company offering a diverse range of services across three main divisions: industrial services and trading, business communication services, and medical services for foreign patients. They provide industrial solutions, consulting, spare parts, interpreting, translations, and comprehensive assistance for foreign patients seeking medical care in Munich. With over 15 years of market experience and a client base exceeding 700, Ivatra Services GmbH focuses on creating connections and delivering excellent service.","['Industrial Services', 'Trading', 'Business Communication', 'Interpreting', 'Translations', 'Medical Services', 'Patient Assistance', 'Consulting', 'Munich', 'Logistics']",True,True,True,high,"Summary and keywords are specific, coherent, and accurately describe the company's services and location.",False
fpix.com.sg,FPIX Media,Singapore,Company,57,"FPIX Media is a video production house with nearly two decades of experience in creating meaningful stories through video. They offer a range of services including corporate videos, event coverage, live streaming, studio production, sound recording, photography, and creative services. Their mission is to produce engaging content that captures audience attention and provides quality to their clients.","['video production', 'filming', 'editing', 'live stream', 'studio', 'sound recording', 'photography', 'creative services', 'corporate video', 'storytelling']",True,True,True,high,"Summary and keywords are specific, coherent, and accurately describe the company's services.",False
seidelmax.com,SEIDELMAX.COM,Germany,Company,52,"SEIDELMAX.COM offers comprehensive IT support and computer repair services in Munich and surrounding areas, operating 24/7. Their services include PC and laptop repair, data recovery, network setup, configuration, IP telephony, and remote maintenance. They cater to both small businesses and private individuals, emphasizing fast, on-site service with a team of equipped technicians.","['PC repair', 'IT support', 'Munich', 'Computer service', 'Data recovery', 'Network setup', 'Laptop repair', '24/7 service', 'Remote maintenance', 'On-site service']",True,True,True,high,"Summary and keywords are specific, coherent, and accurately describe the services offered by Seidelmax.com",False
calcagnotrasporti.com,Calcagno Trasporti S.r.l.,Italy,Company,59,"Calcagno Trasporti is a logistics and transportation company with over 70 years of experience, founded in the 1950s. They specialize in national, international, and exceptional transport services, handling both bulk and palletized goods. The company aims to be a leading partner in freight transport by continuously innovating to offer high-performance, customized solutions, focusing on reliability, efficiency, and cost optimization.","['transportation', 'logistics', 'freight', 'national transport', 'international transport', 'exceptional transport', 'fleet management', 'supply chain', 'customized solutions', 'haulage']",True,True,True,high,"Summary and keywords accurately describe the company's services, industry, and goals without showing signs of generic boilerplate or unrelated content.",False
bpl.se,Butiken på Landet,Sweden,Company,54,"Butiken på Landet operates a chain of nine retail stores located on scenic farms across Sweden and Finland. These stores specialize in branded clothing and offer a relaxed shopping experience with amenities like coffee and cake, aiming to make customers feel at home. The company is also expanding and seeking new locations and partners.","['retail', 'fashion', 'countryside stores', 'branded clothing', 'farm shops', 'Sweden', 'Finland', 'boutique', 'lifestyle', 'expansion']",True,True,True,high,"Summary and keywords accurately describe the business's operations and goals, with specific details about locations, products, and expansion plans.",False
seufsrepair.com,Seufsrepair.com,United States,Other,55,"Seufsrepair.com appears to be a website that publishes articles and blog posts related to heavy machinery and construction equipment. Topics covered include asphalt plants, overhead cranes, gantry cranes, concrete mixers, and mobile crushers. The site also lists various categories of machinery and equipment, suggesting a focus on sales, information, or industry news within these sectors.","['construction equipment', 'asphalt plant', 'overhead crane', 'gantry crane', 'concrete mixer', 'mobile crusher', 'heavy machinery', 'industrial equipment', 'manufacturing', 'construction industry']",True,True,True,high,"Summary and keywords accurately describe the website's content, with specific examples of machinery and equipment mentioned in both.",False
calidrisbio.com,Calidris Bio BVBA,Belgium,Company,64,"Calidris Bio BVBA is a company focused on developing sustainable protein sources to feed a growing global population. Their mission is to produce high-quality protein with a low environmental footprint, utilizing technology that requires no land or marine resources and minimal water. Initially targeting the pet food market, they are also exploring applications for human food, aiming to replace animal-based proteins or enhance recipes.","['sustainable protein', 'food technology', 'biotechnology', 'environmental footprint', 'pet food', 'human food', 'protein production', 'alternative protein', 'food innovation', 'resource efficiency']",True,True,True,high,"Summary and keywords are specific, coherent, and accurately describe the company's mission and focus.",False
zhongxuhang.com,昆山中旭航精密机械有限公司,China,Company,56,"Kunshan Zhongxuhang Precision Machinery Co., Ltd. specializes in the research, development, and manufacturing of automated assembly equipment for various industries. Their product offerings include assembly machines for connectors, automotive parts, medical devices, and components like oil seals and throttle bodies. The company aims to enhance efficiency and create value for clients through technological innovation in automation.","['automation equipment', 'precision machinery', 'assembly machines', 'connector assembly', 'automotive parts', 'medical devices', 'custom automation', 'manufacturing technology', 'industrial automation', 'specialized machinery']",True,True,True,high,"Summary and keywords accurately describe the company's products and services, with no signs of generic boilerplate or unrelated content.",False
delej-haz.hu,Kvint-R Irodatechnikai és 3D Nyomtatási Kft.,Hungary,Company,77,"Kvint-R Irodatechnikai és 3D Nyomtatási Kft. is a Hungarian-owned company established in 1991, specializing in office technology and advanced printing solutions. Over 30 years, it has become a market leader in 3D printing and additive manufacturing, offering industrial 3D printers from brands like 3D Systems and HP Jet Fusion, alongside 3D software, scanners, and post-processing units. The company also provides 3D printing services, 3D scanning, and reverse engineering, backed by a strong service center and technological consulting.","['3D printing', 'additive manufacturing', 'industrial 3D printers', '3D scanning', 'reverse engineering', 'office technology', 'prototyping', 'custom parts', '3D Systems', 'HP Jet Fusion']",True,True,True,high,Summary and keywords accurately describe the company's services and products without showing signs of generic boilerplate or copy-pasted content.,False
nakari.co.jp,"中利缶詰株式会社 (Nakari Co., Ltd.)",Japan,Company,74,"Nakari Co., Ltd. is a Japanese company established in 1961, specializing in the manufacturing and sale of canned goods and pastes. Their product range includes candied chestnuts, chestnut paste, burdock root paste, various bean products, and other fruit and vegetable pastes. They also offer commercial canned goods like zenzai and black beans, as well as chilled desserts such as kuzu-kiri, warabi mochi, and jellies, catering to diverse customer needs from product development to production.","['canned goods', 'pastes', 'chestnuts', 'burdock root', 'beans', 'fruit processing', 'vegetable processing', 'OEM', 'food manufacturing', 'chilled desserts']",True,True,True,high,"Summary and keywords accurately describe the company's products and activities, with no signs of generic boilerplate or unrelated content.",False
insait.bg,INSAIT AGRO LTD,Bulgaria,Company,55,"INSAIT AGRO LTD is a platform offering sustainable agriculture solutions, focusing on cultivating natural products while prioritizing environmental preservation for a greener future. The company aims to grow visions through its agricultural endeavors, emphasizing success one harvest at a time. It operates within the agricultural sector, providing services and products related to sustainable farming practices.","['sustainable agriculture', 'agro solutions', 'environmental preservation', 'farming', 'cultivation', 'natural products', 'green future', 'harvest', 'Bulgaria', 'agribusiness']",True,True,True,high,"Summary and keywords are specific, coherent, and accurately describe the company's focus on sustainable agriculture.",False
datafarmers.com.au,Data Farmers,Australia,Company,55,"Data Farmers is a company focused on ""harvesting insights from your data."" While specific services are not detailed, the name and tagline suggest a business involved in data analysis, business intelligence, or data science consulting. The website includes a contact form and a copyright notice for 2025, indicating an active, though minimally detailed, online presence.","['data analysis', 'business intelligence', 'data science', 'insights', 'data consulting', 'analytics', 'data harvesting', 'information services', 'tech consulting', 'data management']",True,False,True,high,"The keywords are overly broad and generic, describing common services in the data industry without providing any specific details about Data Farmers' unique offerings or focus.",False
lparetail.com,LPA Retail Systems,United States,Company,70,"LPA Retail Systems is a premier provider of Point-of-Sale (POS) systems and technology solutions for retail businesses nationwide. They specialize in NCR Counterpoint software, offering sales, service, customization, and cloud hosting. Their services include electronic payment processing, integration systems, and tailored solutions for various industries like specialty food, liquor stores, garden centers, and sporting goods stores. LPA Retail Systems aims to enhance retail operations through efficient, reliable, and scalable technology.","['Point of Sale Systems', 'POS Solutions', 'NCR Counterpoint', 'Retail Technology', 'Credit Card Processing', 'Integration Services', 'POS Customization', 'LPA Cloud Services', 'Inventory Management', 'Retail Operations']",True,True,True,high,"Summary and keywords are specific, coherent, and accurately describe the company's services and technology solutions.",False
ileacon.de,ILEA.con e.Kfm.,Germany,Company,63,"ILEA.con is an IT consulting and services company specializing in Microsoft, Citrix, and cloud solutions. They offer expertise in IT infrastructure, process consulting, system integration, and the realization of future workplaces. The company focuses on providing comprehensive IT support, including service desk, maintenance, monitoring, and complete IT operations, enabling clients to concentrate on their core competencies. Their philosophy is ""Progress instead of regression.""","['IT Consulting', 'Citrix', 'Microsoft', 'Cloud Solutions', 'IT Infrastructure', 'System Integration', 'IT Process Consulting', 'Future Workplace', 'IT Operations', 'Service Desk']",True,True,True,high,"Summary and keywords are highly specific and coherent, describing a clear IT consulting service with no signs of generic boilerplate or unrelated content.",False
heidelberg-startup-partners.de,Heidelberg Startup Partners e.V.,Germany,Other,61,"Heidelberg Startup Partners is an initiative dedicated to fostering innovation and supporting technology and science-driven startups in Heidelberg. They provide a comprehensive ecosystem including accelerator programs, venture capital access, mentoring, and office/lab space. The organization focuses on key sectors like Life Sciences, Industrial Technology, and Machine Learning, leveraging the region's strong research and industrial base to help entrepreneurs address global challenges.","['Startup Accelerator', 'Venture Capital', 'Innovation Ecosystem', 'Mentoring', 'Life Sciences', 'Industrial Technology', 'Machine Learning', 'Heidelberg', 'Entrepreneurship', 'Technology Transfer']",True,True,True,high,"Summary and keywords accurately describe the company's mission, services, and focus areas without showing signs of generic boilerplate or unrelated content.",False
tabacdesormeaux.fr,OVHcloud,France,Company,46,"OVHcloud is a global cloud computing company that provides a range of services including web hosting, dedicated servers, and cloud infrastructure. They cater to businesses of all sizes, offering scalable solutions for IT needs. The company emphasizes data sovereignty and a commitment to open source technologies.","['cloud computing', 'web hosting', 'dedicated servers', 'cloud infrastructure', 'IT solutions', 'data sovereignty', 'open source', 'VPS', 'public cloud', 'private cloud']",True,False,True,high,"Keywords describe a different industry/activity than the summary describes, as they include 'VPS' and 'public/private cloud', which are not mentioned in the summary",False
prinsen-beheer.nl,Prinsen Beheer O.G.,Netherlands,Company,63,"Prinsen Beheer O.G. is a Dutch company specializing in the rental and management of properties, including houses, apartments, and garages. They offer comprehensive administrative and technical management services, aiming to provide optimal service to both property owners and tenants. The company emphasizes efficient service delivery through a network of contractors and maintenance companies, and provides online access for clients to track management status.","['property management', 'rental services', 'real estate', 'administrative management', 'technical management', 'housing', 'apartments', 'garages', 'landlord services', 'tenant services']",True,True,True,high,"Summary and keywords accurately describe the company's activities in detail, with no signs of generic boilerplate or unrelated content.",False
puntoitalia.com,PUNTOITALIA PTY LTD,Australia,Company,60,"PUNTOITALIA PTY LTD is a creative design agency that specializes in web design, graphic design, and photography. They aim to help organizations engage audiences and achieve their goals through innovative and impactful design solutions. Their services cover everything from logo and brochure design to full website development and hosting, with a focus on understanding client needs from concept to perfection.","['web design', 'graphic design', 'creative agency', 'branding', 'marketing', 'photography', 'hosting', 'design solutions', 'audience engagement', 'innovation']",True,True,True,high,"Summary and keywords accurately describe the services offered by PUNTOITALIA PTY LTD, with no signs of generic boilerplate or unrelated content.",False
elevat-iot.com,Elevāt Inc.,United States,Company,59,"Elevāt provides end-to-end business IoT solutions specifically for the off-highway machinery market. They offer a range of solutions from out-of-the-box to customized platforms, aiming to help Original Equipment Manufacturers (OEMs) and businesses navigate their IoT journey. Their expertise focuses on connecting machines, collecting data, and transforming it into actionable insights for smarter operations and informed decision-making across various industries.","['IoT solutions', 'Off-highway machinery', 'OEM ecosystem', 'Machine connectivity', 'Data analytics', 'IoT strategy', 'Asset management', 'Remote monitoring', 'Industrial IoT', 'Connected equipment']",True,True,True,high,"Summary and keywords are specific, coherent, and accurately describe the company's business focus.",False
cmu.kr,CMU,South Korea,Company,57,"CMU provides ESM, a highly flexible integrated monitoring system designed to manage and monitor diverse IT infrastructure. It consolidates information from servers, storage, networks, OS, software, services, processes, and more, ensuring no single point of failure is missed. The solution aims to prevent IT failures through efficient management and monitoring, offering a user-friendly interface and customizable dashboards.","['IT monitoring', 'Integrated management', 'ESM', 'Infrastructure monitoring', 'Network monitoring', 'Server monitoring', 'System management', 'IT solutions', 'Customizable dashboards', 'Failure prevention']",True,True,True,high,"Summary and keywords are specific, coherent, and accurately describe the company's IT monitoring services.",False
languageconnect.ro,SC LANGUAGE CONNECT SRL,Romania,Company,74,"SC LANGUAGE CONNECT SRL is a company offering professional translation services in Polish, English, and French, with capabilities for other languages through collaborators. They specialize in administrative, legal, medical, construction, fiscal, and educational translations, among others. The company focuses on optimizing the translation process by accepting electronic documents and delivering them electronically or in print, with payment via bank transfer or cash upon delivery. They also provide revision and editing services for translated texts.","['translation services', 'professional translation', 'legal translation', 'medical translation', 'technical translation', 'document translation', 'language services', 'revision', 'editing', 'language connect']",True,True,True,high,"Summary and keywords accurately describe the company's services and capabilities, with no signs of generic boilerplate or unrelated content.",False
nashmedical.com.au,Nash Medical,Australia,Company,46,"Nash Medical is a healthcare provider focused on patient well-being, as indicated by its tagline ""Your Health, Our Priority."" The website provides contact information and a sign-up for updates, suggesting a service-oriented business in the healthcare sector. It appears to be a medical practice or clinic.","['healthcare', 'medical services', 'patient care', 'health priority', 'medical practice', 'clinic', 'contact', 'updates', 'promotions', 'wellness']",True,False,True,high,"Keywords appear to be overly promotional and include unrelated terms like 'promotions' and 'wellness', which do not accurately describe the company's activities.",False
etatransportes.com.br,ETATransportes,Brazil,Company,53,"ETATransportes is a logistics company specializing in cargo transportation across various modalities, handling different types of cargo, weights, and fragility. They focus on providing tailored logistical solutions to meet specific client needs, leveraging extensive experience since 1987. The company emphasizes quality in transport and has built long-standing partnerships based on their work methods.","['cargo transportation', 'logistics', 'freight', 'specialized transport', 'supply chain', 'transport services', 'fleet management', 'customer specific solutions', 'experience', 'partnerships']",True,True,True,high,"Summary and keywords accurately describe the company's services and values, with no signs of generic boilerplate or unrelated content.",False
armatpraha.eu,Arijaus,Czechia,Other,59,"The website appears to be a blog or news portal related to logistics and business planning, featuring articles on customs brokerage for oversized cargo, metal scrap pricing, and loading services. It discusses regulatory compliance, market dynamics, and the importance of professional logistics support. The content suggests a focus on providing information and insights within the transportation and logistics industry.","['logistics', 'customs brokerage', 'oversized cargo', 'transportation', 'business planning', 'market dynamics', 'loading services', 'supply chain', 'freight', 'regulations']",True,True,True,high,"Summary and keywords are specific, coherent, and accurately describe the business's focus on logistics and transportation.",False
synergypos.com,Horrocks POS Systems,United States,Company,69,"Horrocks POS Systems, also known as Synergy Point of Sale, specializes in selling and installing reliable and efficient Point of Sale (POS) systems for restaurants and bars in Southern California. With over 30 years of experience, they offer customized programming, experienced support, and training services to enhance operational efficiency, minimize loss, and increase profits for businesses. Their services are tailored to meet the specific needs of the hospitality industry.","['POS systems', 'Restaurant POS', 'Bar POS', 'Point of Sale', 'System installation', 'Custom programming', 'POS support', 'Southern California', 'Hospitality technology', 'Business efficiency']",True,True,True,high,"Summary and keywords accurately describe the company's services, industry focus, and geographic location.",False
online.suli.hu,OnlineSuli,Hungary,Company,55,"OnlineSuli is an online learning platform connecting students with tutors for various subjects. It facilitates online lessons, offers a marketplace for tutors to advertise their services, and provides resources for both students and educators. The platform aims to make learning accessible and convenient from home, while also offering tutors a flexible way to earn income.","['online learning', 'tutoring', 'education platform', 'online courses', 'tutor marketplace', 'language learning', 'math tutoring', 'exam preparation', 'remote education', 'skill sharing']",True,True,True,high,"Summary and keywords accurately describe the platform's features and services, with no signs of generic boilerplate or unrelated content.",False
stilochansvar.com,米兰体育(milan sports)APP官方正版官网,Sweden,Company,57,"米兰体育(milan sports)APP官方正版官网, established in 2006, is a professional consulting firm offering services in cost consulting, bidding agency, project management, and accounting. They specialize in various project types including construction, municipal, petrochemical, civil aviation, power, transportation, and water conservancy. The company emphasizes integrity, quality, and service, aiming to create value through professional expertise and build a strong reputation.","['cost consulting', 'bidding agency', 'project management', 'accounting services', 'construction consulting', 'engineering supervision', 'financial services', 'infrastructure projects', 'professional services', 'consulting firm']",False,True,True,high,"The summary appears to be a generic template for a consulting firm, with no specific details about the company's activities or services that match its domain name 'milan sports'",False
bcpp.com.ua,"ПАТ НВЦ ""Борщагівський ХФЗ""",Ukraine,Company,60,"ПАТ НВЦ ""Борщагівський ХФЗ"" is a pharmaceutical company involved in the production and quality assurance of various medicinal products, veterinary drugs, dietary supplements, disinfectants, and chemical substances. The company focuses on research and development, commercial activities, and providing outsourcing services within the pharmaceutical sector. It emphasizes social responsibility and maintains a robust quality system to ensure product efficacy and safety.","['pharmaceuticals', 'medicinal products', 'veterinary drugs', 'dietary supplements', 'disinfectants', 'manufacturing', 'quality assurance', 'research and development', 'outsourcing', 'pharmaceutical company']",True,True,True,high,"Summary and keywords accurately describe the company's activities, products, and services without showing signs of generic boilerplate or unrelated content.",False
capitalfinancialgroup.net,Capital Financial Group,United States,Company,53,"Capital Financial Group is a multi-disciplinary financial planning firm specializing in fee-based financial planning, permanent insurance, and asset management. They offer holistic financial counsel, access to investments, income protection, and retirement plans. Their mission is to foster strong, long-term client relationships through client-centric professionals, aiming for a comfortable process and a peaceful result.","['financial planning', 'fee-based', 'asset management', 'permanent insurance', 'retirement planning', 'investment services', 'holistic planning', 'client relationships', 'financial counsel', 'income protection']",True,True,True,high,"Summary and keywords are specific, coherent, and accurately describe the financial services offered by Capital Financial Group.",False
tommywrap.com,"Tommy Wrap, Inc.",United States,Company,77,"Tommy Wrap, Inc. is a packaging company established in 2001 that offers clients the choice of domestic or overseas manufacturing for their packaging needs. They specialize in plastic and paper packaging, aiming to make products stand out on shelves and are particularly cognizant of food-grade packaging requirements for clients in the food industry. The company prides itself on unsurpassed turn-around times, quality, and on-time delivery, serving a diverse client base from small businesses to Fortune 500 companies.","['packaging', 'plastic packaging', 'paper packaging', 'food-grade packaging', 'custom packaging', 'manufacturing', 'domestic manufacturing', 'overseas manufacturing', 'packaging solutions', 'design patent']",True,False,True,high,"Keywords appear to be overly specific and include a design patent, which is unrelated to the company's description of its services",False
mrb.marketing,MRB.marketing,United States,Company,64,"MRB.marketing is a digital marketing agency specializing in Search Engine Optimization (SEO) services. They offer a comprehensive suite of SEO solutions including on-page, off-page, technical, local, and e-commerce SEO, as well as content marketing and AI generative engine optimization. The company aims to drive organic traffic, improve search rankings, and deliver measurable results for businesses across various industries, including manufacturing, e-commerce, automotive, and cannabis.","['SEO Services', 'Digital Marketing', 'Search Engine Optimization', 'Lead Generation', 'Online Visibility', 'Content Marketing', 'Local SEO', 'E-commerce SEO', 'Technical SEO', 'Website Optimization']",True,True,True,high,"Summary and keywords are specific, coherent, and accurately describe the company's services",False
insectnutrition.de,INSECT NUTRITION,Germany,Company,60,"INSECT NUTRITION offers a high-quality protein powder made from buffalo mealworms, marketed as a sustainable and nutritious alternative to traditional protein sources. The company emphasizes the environmental benefits of insect farming, including reduced water, CO2, and feed usage. They also offer flavor drops from a partner company to customize shakes, positioning themselves in the health food and sustainable nutrition market.","['insect protein', 'sustainable nutrition', 'mealworms', 'protein powder', 'eco-friendly', 'alternative protein', 'health food', 'food technology', 'animal feed', 'nutrition']",True,True,True,high,"Summary and keywords accurately describe the company's product and values, with no signs of generic boilerplate or unrelated content.",False
nstream.pl,nstream,Poland,Company,59,"nstream is an internet service provider offering high-speed internet solutions for both home and business users. They specialize in wireless and fiber optic internet technologies, including MIMO and MIMO-AC, and also provide related services like TV and telephony. The company aims to deliver reliable and fast internet access, catering to various customer needs with different service packages and promotions.","['internet service provider', 'wireless internet', 'fiber optic', 'MIMO technology', 'broadband', 'telephony', 'television', 'business internet', 'home internet', 'ISP']",True,True,True,high,"Summary and keywords accurately describe the company's services and technologies, with no signs of generic boilerplate or unrelated content.",False
shopbox.pl,Shelfio,Poland,Company,60,"Shelfio develops and provides innovative autonomous shop solutions, branded as ""Shelfio - our innovative autonomous shops."" Their core offering includes container-based mobile shops and technology that can be installed in existing retail spaces, enabling a seamless, queue-free shopping experience for customers using a mobile app. The company also offers data analytics on customer behavior and shopping sessions, ensuring GDPR compliance.","['autonomous shops', 'retail technology', 'mobile retail', 'checkout-free shopping', 'customer analytics', 'GDPR compliant', 'smart retail', 'container shops', 'retail innovation', 'shop automation']",True,True,True,high,"Summary and keywords accurately describe the company's innovative autonomous shop solutions, technology, and data analytics services.",False
toscanne.com,Tosc'Anne communication,France,Company,47,"Tosc'Anne communication is a strategic media and non-media communication agency founded in 1989. It specializes in public relations, press relations, and influencer marketing, with a focus on the childcare, child, family, and parenting sectors. The agency has a history of working with notable brands in these markets.","['communication agency', 'public relations', 'press relations', 'influencer marketing', 'childcare', 'family', 'parenting', 'strategic communication', 'media', 'non-media']",True,True,True,high,"Summary and keywords are specific, coherent, and accurately describe the agency's services and focus areas.",False
paysourceonline.com,PayDayPro,United States,Company,56,"PayDayPro offers comprehensive payroll, HR, and timekeeping solutions designed to simplify employee management for businesses. Their services include payroll processing, tax management, personnel document management, employee onboarding, and time and labor solutions with mobile and online clocking options. They aim to provide a secure, easy-to-use system that allows clients to focus on their core business operations.","['Payroll Processing', 'HR Solutions', 'Timekeeping', 'Employee Management', 'Tax Management', 'Onboarding', 'Self-Service', 'Payroll Software', 'Business Services', 'HCM']",True,True,True,high,Summary and keywords accurately describe the company's services and are specific to payroll and HR solutions.,False
frblimited.com,FRB Limited,Canada,Company,54,"FRB Limited is an IT consulting firm specializing in software and services for the Government, Healthcare, and Legal sectors. They acquire, manage, and build industry-specific software businesses, offering mission-critical solutions and specialized management consulting, including fairness monitoring. FRB also invests in leading-edge companies, positioning itself as a builder of cloud-based solutions and an investor.","['IT consulting', 'software solutions', 'government', 'healthcare', 'legal', 'management consulting', 'procurement', 'sourcing optimization', 'cloud solutions', 'investment']",True,True,True,high,"Summary and keywords are specific, coherent, and accurately describe the company's services and activities.",False
mysourceltd.com,My Source Ltd,United Kingdom,Company,60,"My Source Ltd is a UK-based company specializing in telemarketing and lead generation solutions. They offer services such as face-to-face appointment setting, data services, and business networking to help clients achieve campaign targets and improve conversion rates. Their mission is to generate high-quality leads through intelligent customer conversations and dedicated telemarketer training, aiming to drive business success for their clients.","['Lead Generation', 'Telemarketing', 'Appointment Setting', 'Data Services', 'Business Networking', 'B2B', 'Sales', 'Marketing', 'Customer Engagement', 'Call Center']",True,True,True,high,"Summary and keywords accurately describe the company's services and mission, with no signs of generic boilerplate or unrelated content.",False
lycee-jderomas.fr,OVHcloud,France,Company,55,"OVHcloud is a global cloud computing company that provides a range of services including web hosting, dedicated servers, and cloud infrastructure. The company aims to offer reliable and secure solutions for businesses of all sizes. It operates in the technology and cloud services sector, positioning itself as a key player in the European cloud market.","['cloud computing', 'web hosting', 'dedicated servers', 'cloud infrastructure', 'IT services', 'data centers', 'technology', 'SaaS', 'PaaS', 'IaaS']",True,False,True,high,"Keywords describe the same industry and services as the summary, but include overly generic terms like 'IT services', 'data centers', and 'SaaS/PaaS/IaaS' that don't add specific information about OVHcloud.",False
ntbsoft.ru,Synergy CRM,Russia,Company,61,"Synergy CRM is a digital platform designed for business automation, focusing on enhancing sales discipline and increasing revenue. It offers modules for sales management, customer communication, analytics, task management, and financial tracking. The platform aims to systematize data, automate routine operations, and improve coordination among employees, providing a comprehensive solution for businesses looking to optimize their sales processes and customer relationships.","['CRM', 'Sales Automation', 'Business Software', 'Customer Relationship Management', 'Sales Management', 'Analytics', 'Task Management', 'Digital Platform', 'Business Process Automation', 'Software']",True,True,True,high,"Summary and keywords accurately describe the business's digital platform for sales automation, customer relationship management, and business process optimization.",False
capitalinfogroup.com,"Capital Info Group, Inc.",United Kingdom,Company,66,"Capital Info Group, Inc. is an IT consulting and staffing firm specializing in providing Salesforce professionals and custom software solutions. They offer managed IT services, IT consulting, and custom application development, focusing on areas like cloud computing, big data analytics, and systems integration. The company serves various sectors including BFSI, healthcare, education, and telecommunications, aiming to deliver strategic guidance and high-quality talent to create business value.","['IT Consulting', 'Staffing', 'Salesforce', 'Custom Software', 'Managed IT Services', 'Cloud Computing', 'Big Data Analytics', 'Systems Integration', 'IT Professionals', 'Talent Acquisition']",True,True,True,high,"Summary and keywords accurately describe the company's services, industries served, and technology focus without showing signs of generic boilerplate or copy-pasted content.",False
junipeer.io,Junipeer,Sweden,Company,55,"Junipeer is an Integration Platform as a Service (iPaaS) designed specifically for e-commerce businesses. It offers plug-and-play integrations to automate workflows and bookkeeping, connecting e-commerce platforms with ERP, payment, POS, and PIM systems. The platform aims to reduce project costs and development time for merchants seeking to streamline their operations and enhance their digital ecosystem.","['iPaaS', 'e-commerce', 'automation', 'integrations', 'bookkeeping', 'workflow', 'ERP', 'MACH', 'SaaS', 'platform']",True,True,True,high,"Summary accurately describes the company's product and services, and keywords are specific and relevant to the summary.",False
miramarequity.com,Miramar Equity Partners,United States,Company,52,"Miramar Equity Partners (MEP) is the private equity arm of Miramar Holdings, a Dallas-based family office investment firm. MEP focuses on partnering with executives to invest in and grow mid-sized, industry-leading businesses through its private equity and search partner platforms. The firm aims to provide long-term capital and strategic support for growth.","['private equity', 'investment firm', 'family office', 'mid-sized businesses', 'growth capital', 'executive partnerships', 'search partners', 'Dallas', 'financial services', 'business acquisition']",True,True,True,high,"Summary and keywords accurately describe the company's private equity activities, industry focus, and geographic location.",False
mgmtrans.com,MGM Transportation L.L.C,United States,Company,47,"MGM Transportation L.L.C provides specialized and expedited transportation services, focusing on safety, reliability, and timeliness. They serve major clients in the automotive, automation, and steel industries, aiming to maximize customer productivity and reduce costs. As a 100% asset-based company, they manage their own fleet for dedicated services.","['transportation services', 'expedited shipping', 'specialized transport', 'logistics', 'automotive industry', 'automation industry', 'steel industry', 'asset-based carrier', 'freight', 'trucking']",True,True,True,high,"Summary and keywords accurately describe the company's services, industries served, and business model.",False
splitfire.fr,Splitfire,France,Company,57,"Splitfire is a creative web agency specializing in the creation of next-generation websites, custom software, and mobile applications. Based in Epinal, France, the agency offers a range of services including digital strategy, web design, SEO, graphic design, and hosting. They focus on innovative and tailored solutions for various client projects, leveraging new technologies and a human-sized team.","['web agency', 'website creation', 'custom software', 'mobile applications', 'digital strategy', 'web design', 'SEO', 'graphic design', 'hosting', 'technology']",True,True,True,high,"Summary and keywords are specific, coherent, and accurately describe the services offered by Splitfire.",False
zmdylcs.cn,金蝶 (Kingdee),China,Company,64,"Kingdee is a leading provider of enterprise resource planning (ERP) and financial management software in China. They offer a range of cloud-based solutions, including Kingdee Cloud Accounting, Kingdee Cloud Star, and Kingdee Account Worry-Free, catering to businesses of all sizes from small to large enterprises. Their products focus on integrating financial, tax, supply chain, and operational management to enhance business efficiency and digital transformation.","['ERP software', 'Financial management', 'Cloud accounting', 'Supply chain management', 'Tax management', 'Business intelligence', 'SaaS', 'Digital transformation', 'Small business solutions', 'Enterprise software']",True,True,True,high,"Summary and keywords accurately describe Kingdee's business activities, products, and services in detail.",False
hypoteka4you.cz,Finium group s.r.o.,Czechia,Company,53,"Finium group s.r.o. is a company specializing in financial planning, offering services in insurance, mortgages, investments, and comprehensive financial planning. Founded in 2014, they aim to help clients achieve financial growth and stability through expert, independent advice tailored to individual needs. The company emphasizes long-term client relationships and provides ongoing service and support.","['financial planning', 'insurance', 'mortgages', 'investments', 'financial advice', 'wealth management', 'client service', 'financial security', 'debt management', 'future planning']",True,False,True,medium,"Keywords seem overly generic and repetitive of the summary, suggesting possible templating or copy-pasting",False
gigabittech.in,Gigabit Technologies Pvt. Ltd.,India,Company,62,"Gigabit Technologies Pvt. Ltd. is an ISO-certified company specializing in comprehensive IT solutions, with a strong focus on cybersecurity, infrastructure, and networking. They offer services such as real-time threat detection, data encryption, network security, managed IT services, and IT consulting. Their mission is to protect businesses from evolving cyber threats and ensure operational resilience and compliance through advanced technology and strategic partnerships.","['Cybersecurity', 'IT Solutions', 'Network Security', 'Managed IT Services', 'IT Consulting', 'Infrastructure', 'Data Security', 'Incident Response', 'Cyber Resilience', 'Technology Audit']",True,True,True,high,"Summary and keywords are specific, coherent, and accurately describe the company's services and mission.",False
duesouthenergy.co.uk,Due South Energy,United Kingdom,Company,59,"Due South Energy is a global renewable energy developer specializing in large-scale ground-mounted solar projects. The company focuses on developing, financing, constructing, managing, owning, and operating renewable electricity generation, transmission, and distribution projects, particularly in developing markets. Their projects are typically asset-backed with secure off-take agreements, serving either as captive power plants for industrial clients or for grid-connected distribution.","['renewable energy', 'solar PV', 'project development', 'energy infrastructure', 'developing markets', 'power generation', 'asset-backed', 'off-take agreements', 'captive power', 'grid-connected']",True,True,True,high,"Summary and keywords accurately describe the company's focus on renewable energy development, particularly solar projects in developing markets.",False
nmtshipping.com,NMT Shipping,United Kingdom,Company,68,"NMT Shipping is a global and independent RoRo (Roll-on/Roll-off) shipping partner specializing in the transportation of vehicles and other rolling cargo. They offer comprehensive shipping solutions with detailed sailing schedules across various regions including the Americas, Europe, Africa, the Middle East, and the Far East & Oceania. The company also provides mobile applications for real-time updates and maintains a strong online presence with news, galleries, and contact information.","['RoRo Shipping', 'Vehicle Transportation', 'Global Shipping', 'Sailing Schedules', 'Logistics', 'Maritime Transport', 'Car Shipping', 'Independent Carrier', 'Cargo Services', 'International Freight']",True,True,True,high,"Summary and keywords accurately describe the company's shipping services, industry, and regions of operation.",False
qhssjp.com,高圣医疗器械 (Gaosheng Medical Devices),China,Company,64,"Gaosheng Medical Devices, established in April 2018, is a company specializing in the production and sales of Class I, II, and III medical devices and equipment. They also deal with polymer materials, medical materials, non-woven fabrics, laboratory equipment, reagents, and rehabilitation/healthcare products. The company integrates product manufacturing, consulting, e-commerce, international logistics, and supply chain finance, aiming to provide a one-stop solution for its clients.","['medical devices', 'healthcare products', 'manufacturing', 'e-commerce', 'logistics', 'supply chain finance', 'medical equipment', 'rehabilitation', 'import-export', 'medical materials']",True,True,True,high,"Summary and keywords are specific, coherent, and accurately describe the company's products and services.",False
admirabilia.it,AD MIRABILIA,Italy,Company,61,"AD MIRABILIA is a PR and Marketing Communication Agency based in Milan, Italy. They specialize in modern public relations strategies, including media relations, digital PR, influencer relations, social media management, event organization, corporate PR, and integrated marketing communication. The agency focuses on building brand leadership and enhancing corporate prestige in a changing world by fostering relationships and creating value for businesses.","['Public Relations', 'Marketing Communication', 'Digital PR', 'Influencer Relations', 'Social Media', 'Media Relations', 'Corporate PR', 'Brand Visibility', 'Event Management', 'Agency']",True,True,True,high,"Summary and keywords accurately describe the agency's services and activities, with no signs of generic boilerplate or unrelated content.",False
vannerinc.us,Vanner INC,United States,Company,40,"Vanner INC offers global logistics and transportation services across sea, land, and air. They aim to protect clients from risk and liability while transporting goods worldwide. The company emphasizes its expert team and reliable delivery services, serving over 10,000 businesses.","['logistics', 'transportation', 'global shipping', 'sea freight', 'ground shipping', 'air freight', 'supply chain', 'freight forwarding', 'risk management', 'delivery services']",True,True,True,high,"Summary and keywords accurately describe the company's logistics and transportation services, with specific details about their scope and expertise.",False
kbm-transporte.de,Hubert Kleinbuntemeyer Transporte GmbH & Co.KG,Germany,Company,60,"Kleinbuntemeyer (KBM Transporte) is a family-run logistics company established in 1905, specializing in national and international freight transport. They offer flexible, fast, and reliable services including long-haul, express/courier, and hazardous goods transport, as well as storage solutions. Their fleet includes specialized vehicles like low-liners and city trucks with tail lifts, supported by extensive partner networks to handle diverse logistics needs.","['transport', 'logistics', 'freight', 'express delivery', 'hazardous goods', 'storage', 'fleet management', 'international transport', 'courier services', 'family business']",True,True,True,high,"Summary and keywords accurately describe the company's services, industry, and characteristics without showing signs of generic boilerplate or unrelated content.",False
mybrian.fr,MyBrian,France,Company,57,"MyBrian is a professional translation platform that connects businesses with native, experienced translators. It offers a range of services including post-editing of machine translation, audiovisual translation, marketing translation, and specialized translations for legal, technical, and medical fields. The platform emphasizes user-friendliness, direct client-translator interaction, and flexible delivery times, aiming to provide a fluid and efficient translation experience.","['Translation services', 'Professional translators', 'Machine translation post-editing', 'Audiovisual translation', 'Marketing translation', 'Technical translation', 'Legal translation', 'Medical translation', 'Online platform', 'Language services']",True,True,True,high,"Summary and keywords accurately describe the translation services offered by MyBrian, with specific details about their platform and expertise.",False
greenshuttletech.in,GREEN SHUTTLE TECHNOLOGY PVT. LTD.,India,Company,63,"Green Shuttle Technology Pvt. Ltd. is a manufacturer and supplier specializing in electric vehicles, including passenger e-rickshaws, various e-cart models (cargo, loader, garbage), and electric golf carts. Established in 2017, the company focuses on innovating and delivering high-quality customized products to businesses. Their operations are based in Pune, Maharashtra, with a mission to boost businesses through their authentic and reliable electric vehicle solutions.","['Electric Vehicles', 'E Rickshaw', 'E Cart', 'Golf Cart', 'Electric Loader', 'Garbage Vehicle', 'Manufacturer', 'Supplier', 'Customized Vehicles', 'Green Technology']",True,True,True,high,"Summary and keywords accurately describe the company's products and mission, with no signs of generic boilerplate or unrelated content.",False
sativatn.it,SATIVA SRL A SOCIO UNICO,Italy,Company,60,"SATIVA SRL has been operating since 1994, specializing in the management of inert and non-inert waste from construction and demolition, as well as industrial waste. They focus on transforming waste into resources through collection, transport, disposal, recovery, and storage services. The company supports the construction sector by recycling waste and adhering to environmental regulations, offering container rental and demolition services.","['waste management', 'construction waste', 'industrial waste', 'recycling', 'disposal', 'recovery', 'container rental', 'demolition', 'environmental services', 'special waste transport']",True,True,True,high,"Summary and keywords accurately describe the company's services and industry, with no signs of generic boilerplate or unrelated content.",False
kpblandbridge.com,"KPB Land Bridge, Inc.",United States,Company,49,"KPB Land Bridge is a trucking company that provides transportation solutions. They operate a fleet of ""green"" tractors equipped with advanced dispatch technology and offer various equipment options including lightweight and different sized chassis. The company emphasizes friendly service and aims to be the go-to solution for trucking needs.","['trucking', 'transportation', 'logistics', 'fleet management', 'dispatch technology', 'chassis', 'freight', 'shipping', 'haulage', 'supply chain']",True,True,True,high,"Summary and keywords accurately describe the company's services and industry, with no signs of generic boilerplate or unrelated content.",False
ids.co.kr,"IDS Co., Ltd.",Japan,Company,47,"IDS Co., Ltd. is a company specializing in the development and manufacturing of medical devices, particularly in the field of ultrasound imaging. Their product line includes various ultrasound systems and related consumables, catering to medical professionals. The company emphasizes innovation, customer satisfaction, and delivering high-quality diagnostic solutions.","['medical devices', 'ultrasound', 'imaging systems', 'diagnostics', 'medical technology', 'manufacturing', 'innovation', 'healthcare', 'consumables', 'physicians']",True,True,True,high,"Summary and keywords accurately describe the company's products and focus, with no signs of generic boilerplate or unrelated content.",False
c4cco.com,c4c & Companies,United States,Company,51,"c4c & Companies is a real estate development firm that combines architecture and design with energy-efficient component construction techniques. They specialize in developing residential and commercial properties, offering comprehensive solutions from design to property management. The company also provides investment opportunities and has developed over 2 million square feet since 2019.","['real estate development', 'architecture', 'component construction', 'residential', 'commercial', 'investment opportunities', 'property management', 'design-build', 'energy-efficient', 'construction']",True,True,True,high,"Summary and keywords accurately describe the company's services and achievements, with no signs of generic boilerplate or unrelated content.",False
supremacysrl.it,SUPREMACY S.R.L.,Italy,Company,56,"SUPREMACY S.R.L. is an Italian company specializing in Performance Marketing and B2B Lead Generation. They focus on identifying and connecting businesses with qualified potential clients, aiming to optimize sales processes and increase conversions. The company offers a full-service approach, from strategy analysis to lead generation and appointment setting, positioning itself as a partner for sales teams.","['Lead Generation', 'Performance Marketing', 'B2B Sales', 'Appointment Setting', 'Digital Marketing', 'Sales Strategy', 'Client Acquisition', 'Marketing Services', 'Business Development', 'Conversion Optimization']",True,True,True,high,"Summary and keywords accurately describe the company's services and activities, with no signs of generic boilerplate or unrelated content.",False
iremco.com,IREMCO Group,Canada,Company,65,"IREMCO Group is a venture capital firm founded in 1992, initially focused on oil and gas operations. Today, it provides venture capital, business platforms, and capital market leadership to venture-stage companies, with a strategic emphasis on technology and natural resources. The firm has a history of managing successful growth strategies and attracting a global investment audience, aiming to invest in leading companies of the future.","['venture capital', 'technology', 'natural resources', 'oil and gas', 'investment', 'business platforms', 'capital markets', 'growth strategy', 'entrepreneurship', 'global reach']",True,True,True,high,"Summary and keywords accurately describe the company's focus on venture capital, technology, and natural resources, with specific details about its history and investment strategies.",False
smartcurrent.com,"SmartCurrent, Inc.",United States,Company,69,"SmartCurrent is a data and analytics consulting firm based in Cambridge, Massachusetts, specializing in leveraging artificial intelligence, machine learning, and digital analytics to help businesses derive more value from their data. They offer services in strategy, evaluation, visualization, data science, and advisory to optimize analytics strategies and deliver tangible business results. The company aims to empower clients to understand their marketing performance, customer behavior, and investment opportunities more effectively.","['data analytics', 'artificial intelligence', 'machine learning', 'digital analytics', 'consulting', 'business intelligence', 'strategy', 'data science', 'advisory', 'marketing analytics']",True,True,True,high,"Summary and keywords accurately describe the company's services and expertise, with no signs of generic boilerplate or unrelated content.",False
biztranslate.de,SKALLI Fachübersetzungsbüro & Dolmetscherdienst,Germany,Company,63,"SKALLI is a translation and interpreting agency with over 35 years of experience, offering professional services in various languages and specialized fields. They provide expert translations, interpreting services for domestic and international clients, and additional services like 'Meet and Assist' and hostess services. Their team of 170 translators covers approximately 100 languages, serving industries such as manufacturing, business, communication, medicine, technology, and law.","['translation services', 'interpreting services', 'language services', 'specialized translation', 'multilingual', 'document translation', 'conference interpreting', 'business translation', 'medical translation', 'legal translation']",True,True,True,high,"Summary and keywords accurately describe the company's services, industries served, and language capabilities.",False
pemargroupinc.com,Pemar Group Inc.,United States,Company,47,"Pemar Group Inc. is a Canadian-based company specializing in international freight forwarding. They offer comprehensive transportation solutions via air, ocean, rail, and truck, or a combination thereof, to and from any global destination. Their mission is to provide a first-class freight forwarding experience tailored to client schedules.","['freight forwarding', 'international shipping', 'logistics', 'transportation', 'air freight', 'ocean freight', 'rail freight', 'trucking', 'supply chain', 'Canadian company']",True,True,True,high,"Summary and keywords accurately describe the company's services and location, with no signs of generic boilerplate or unrelated content.",False
mdevelopment.pl,M Development Skowroński sp. j. sp. k.,Poland,Company,54,"M Development is a real estate development company specializing in residential properties, including apartments and houses. They offer a range of services from property sales to interior finishing and aim to create functional and comfortable living spaces. The company also focuses on sustainable construction practices and provides investment opportunities in the real estate market.","['real estate development', 'residential properties', 'apartments', 'houses', 'interior finishing', 'investment', 'sustainable construction', 'property sales', 'new construction', 'housing projects']",True,True,True,high,"Summary and keywords accurately describe the company's services, focus on sustainable practices, and investment opportunities in real estate development.",False
freight-intl.com,Freight International,United States,Company,61,"Freight International is a transportation and logistics provider specializing in expedited nationwide delivery and dedicated contract carriage. They offer solutions for businesses needing a dedicated fleet and trained drivers without the burden of managing their own. The company emphasizes safety, utilizing modern equipment and advanced technology like AI dashcams and GPS tracking, and partners with Motive for fleet and load management.","['Logistics', 'Transportation', 'Freight', 'Delivery', 'Nationwide', 'Contract Carriage', 'Fleet Management', 'Supply Chain', 'Safety', 'Technology']",True,True,True,high,"Summary and keywords accurately describe the company's services and values, with specific details about their technology and partnerships.",False
kemutec.com,Coperion,United Kingdom,Company,72,"Coperion is a global manufacturing process solutions company specializing in technologies and equipment for the food, health, and nutrition industries. They engineer and deliver innovative solutions for processing a wide range of products, including alternative proteins, bakery items, confectionery, and pharmaceuticals. With a portfolio of 12 technology brands and extensive engineering expertise, Coperion supports clients from raw material to finished product, offering comprehensive lifecycle solutions and global support from over 30 locations.","['Process technology', 'Food processing', 'Health and nutrition', 'Manufacturing solutions', 'Engineering', 'Equipment supplier', 'Alternative proteins', 'Pharmaceuticals', 'Confectionery', 'Global support']",True,True,True,high,"Summary and keywords accurately describe the company's industry, products, and services with specific details.",False
wvcapital.com,WestView Capital,United States,Company,52,"WestView Capital is a Boston-based private equity firm that invests in growth-oriented companies. They manage $2.7 billion in capital and partner with entrepreneurs on minority and majority recapitalizations, growth capital, and buyout transactions. The firm focuses on control-agnostic deals and aims to support mid-market and Inc. 5000 companies in becoming sector leaders.","['private equity', 'growth capital', 'buyout', 'recapitalization', 'investment firm', 'mid-market', 'entrepreneurs', 'sector focused', 'financial services', 'venture capital']",True,True,True,high,"Summary and keywords accurately describe the company's private equity activities, with specific details about their investment focus and approach.",False
newactplumbing.com,WordPress,United States,Other,56,"This appears to be a default WordPress blog installation, indicated by the ""Hello world!"" post and the ""Twenty Twenty-Five"" theme mention. It serves as a basic content management system platform, likely for personal blogging or a small business website. The site offers standard blog features and navigation links to sections like About, FAQs, Shop, and Patterns.","['WordPress', 'Blog', 'Content Management System', 'Website', 'Theme', 'Publishing', 'Digital Content', 'Online Platform', 'E-commerce', 'Patterns']",False,True,True,high,"The summary appears to be generic boilerplate text describing a default WordPress installation, unrelated to the actual business activities of this company.",False
veritasls.com.br,Veritas Life Sciences,Brazil,Company,67,"Veritas Life Sciences is a Brazilian company focused on research and development of new molecules for human health, with a specialization in biotechnological development. They offer services in proteomic analysis, biomarker identification, protein identification, N-terminal sequencing, and consulting, utilizing state-of-the-art technologies. The company also develops its own innovations, such as monoclonal antibodies for cancer treatment and new antibacterial agents, serving markets including pharmaceutical, cosmetics, agribusiness, and biotechnology.","['Biotechnology', 'Life Sciences', 'R&D', 'Proteomics', 'Biomarkers', 'Antibodies', 'Pharmaceutical', 'Cosmetics', 'Agribusiness', 'Consulting']",True,True,True,high,"Summary and keywords are specific, coherent, and accurately describe the company's activities in biotechnology.",False
patinfo.ch,PATinfo,Switzerland,Company,55,"PATinfo is an IT company specializing in Business Intelligence (BI), offering services from data modeling and database administration to management reporting and analysis. They cover the full data cycle, aiming to help businesses manage and analyze increasing amounts of data effectively. Their expertise lies in providing decision support systems to optimize information management for clients.","['Business Intelligence', 'BI', 'Data Management', 'Database Administration', 'Reporting', 'Data Analysis', 'IT Consulting', 'Decision Support Systems', 'Information Management', 'SAMinfo']",True,False,False,high,"The keywords mention 'SAMinfo' which is not mentioned in the summary, suggesting they may be copy-pasted from a different company's metadata.",False
sertran.com.br,Sertran,Brazil,Company,46,"Sertran is a company founded in 1996, specializing in passenger transportation. It offers services including general charter, agricultural charter, and school transportation, alongside selling used vehicles. The company's mission is to transport people with safety, quality, and respect, aiming for sustainable annual growth and value generation.","['transportation', 'passenger transport', 'charter services', 'school transport', 'agricultural transport', 'used vehicles', 'safety', 'quality', 'logistics', 'mobility']",True,True,True,high,"Summary and keywords accurately describe the company's services and mission, with no signs of generic boilerplate or unrelated content.",False
doubleaction.fr,Double Action,France,Company,64,"Double Action is a communication agency founded in 1996, specializing in imagining, designing, and implementing communication campaigns for businesses and organizations. They offer services including graphic design, media communication, print production (brochures, catalogs), sales promotion tools, and book creation. The agency aims to optimize growth factors for its clients by leveraging its diverse experience across various sectors like retail, local government, agri-food, and tourism.","['communication agency', 'graphic design', 'media strategy', 'print production', 'sales promotion', 'branding', 'advertising', 'campaign management', 'marketing', 'creative services']",True,True,True,high,"Summary and keywords accurately describe the company's services and industry, with no signs of generic boilerplate or unrelated content.",False
ergofit.cl,Shopify,Chile,Company,53,"Shopify is an e-commerce platform that allows individuals and businesses to create and manage their online stores. It provides tools for website design, product management, marketing, and sales, enabling users to sell products online and in person. Shopify aims to empower entrepreneurs by simplifying the process of starting, running, and growing a business.","['e-commerce', 'online store', 'retail', 'SaaS', 'business platform', 'entrepreneurship', 'digital commerce', 'point of sale', 'online sales', 'merchant services']",False,True,True,high,"The summary appears to be a generic description of Shopify, but the keywords accurately reflect its e-commerce platform features and services.",False
amo-finance.com,AMO-FINANCE.COM,France,Company,60,"AMO-FINANCE.COM appears to be an e-commerce platform or online retailer that sells a variety of products, including automotive tools, home goods, and apparel. The website features product listings, customer reviews, and options for shipping and delivery, indicating a focus on online sales and customer service. It aims to provide a convenient shopping experience for a diverse range of consumer goods.","['e-commerce', 'online retail', 'automotive tools', 'consumer goods', 'shipping', 'delivery', 'product listings', 'customer reviews', 'online shopping', 'retail platform']",True,True,True,high,"Summary and keywords accurately describe the business as an e-commerce platform with a focus on online sales, customer service, and product listings.",False
the-care-college.co.uk,Safe2Care Training,United Kingdom,Company,51,"Safe2Care Training provides an online eLearning platform, ""The Care College,"" for professional development and certification. They offer various courses, some requiring a small payment via PayPal, and issue online certificates upon completion. The platform is built on Open LMS, a Moodle-based product, and aims to facilitate training administration and certificate awarding.","['eLearning', 'Online courses', 'Training', 'Certification', 'Professional development', 'Safe2Care', 'Moodle', 'Open LMS', 'Healthcare training', 'Online learning platform']",True,False,False,medium,"Keywords mention 'Healthcare training' which is not mentioned in the summary, suggesting they may be generic or copied from another company",False
marchcapital.com,March Capital Corp.,United States,Company,67,"March Capital Corp. is a FINRA member financial services firm specializing in middle market and early-stage investment banking and private placements. With over three decades of experience, the firm leverages an extensive network of over thirty experienced investment professionals to execute transactions. Their expertise spans investment banking, mergers and acquisitions, capital formation, and financing, serving a diverse range of industries including healthcare, manufacturing, technology, and real estate.","['investment banking', 'private placements', 'mergers and acquisitions', 'capital formation', 'financial services', 'middle market', 'early stage', 'FINRA member', 'healthcare', 'technology']",True,True,True,high,"Summary and keywords are specific, coherent, and accurately describe the company's financial services activities.",False
bhl-medical.com,BHL-Medical,Portugal,Company,68,"BHL-Medical is a company founded in 1995 that develops, produces, assembles, and distributes non-active medical devices, both sterile and non-sterile. They specialize in innovative products for health technicians and users, with a focus on contrast media systems and accessories for radiology and intervention since 2010. The company also distributes other medical solutions and aims to be a trusted, credible, competent, and competitive partner in the medical device market.","['medical devices', 'non-active medical devices', 'sterile medical devices', 'contrast media systems', 'radiology', 'intervention', 'manufacturing', 'distribution', 'quality', 'innovation']",True,True,True,high,"The summary and keywords are specific, coherent, and accurately describe the company's products and activities.",False
closedloopcomm.com,"Closedloop Communications, Inc.",United States,Company,54,"Closedloop Communications, Inc. is an Information and Telecommunications (ICT) industry company with over 50 years of combined experience supporting Service Providers and Equipment Manufacturers (OEMs). They supply telecommunications equipment and services globally, focusing on cost-effective solutions for infrastructure. The company leverages strong supplier relationships and partnerships to deploy turnkey wireless, wireline, and industrial solutions.","['telecommunications', 'ICT', 'service providers', 'OEMs', 'wireless solutions', 'wireline solutions', 'industrial solutions', 'telecom equipment', 'infrastructure', 'network solutions']",True,True,True,high,"Summary and keywords are specific, coherent, and accurately describe the company's industry and services.",False
forg3d.com.br,FORG3D,Brazil,Company,75,"FORG3D is a company specializing in industrial 3D printing and additive manufacturing solutions, based in Valinhos, Brazil. They offer services including industrial maintenance, product design, prototyping, and the creation of replacement plastic parts for various sectors like architecture, engineering, dentistry, medicine, and general industry. FORG3D aims to provide high-quality, adaptable solutions using advanced international and national equipment, positioning itself as a key player in the additive manufacturing market in the Campinas region and across Brazil.","['3D Printing', 'Additive Manufacturing', 'Industrial 3D Printing', 'Prototyping', 'Product Design', 'Laser Engraving', 'Metal Engraving', '3D Design', 'Manufacturing Solutions', 'Plastic Parts']",True,False,False,high,"The keywords mention 'Laser Engraving' and 'Metal Engraving', which are not mentioned in the summary, suggesting they may be unrelated to this company's actual activities.",False
mönius.com,Mönius Finanz-Marketing GmbH,Germany,Company,78,"Mönius Finanz-Marketing GmbH is a financial services company with over 25 years of experience, specializing in providing qualified financial investment intermediaries with access to attractive capital investment products. They focus on critical product selection, marketing expertise, and sales support, offering three core financial products: FIM (short-term investment), WIDe (real estate AIF), and SIERA (sustainable ELTIF). The company emphasizes transparency, plausibility, and control in its offerings, partnering with product providers who are committed, value-driven, and invest their own capital.","['financial products', 'investment', 'capital investment', 'financial intermediaries', 'marketing expertise', 'sales support', 'real estate investment', 'sustainable investment', 'asset management', 'financial services']",True,True,True,high,"The summary and keywords are highly consistent in describing the company's financial services, products, and values.",False
wereinstitches.com,F5 Networks,United States,Company,59,"F5 Networks is a global leader in application security and delivery, providing hardware, software, and services that ensure the availability, security, and performance of applications. They specialize in solutions for multi-cloud environments, helping organizations manage and protect their applications across various platforms. Their offerings include load balancing, web application firewalls, and DDoS protection, serving a wide range of industries.","['Application Security', 'Application Delivery', 'Multi-cloud', 'Load Balancing', 'Web Application Firewall', 'DDoS Protection', 'Network Solutions', 'Cloud Services', 'Cybersecurity', 'Enterprise IT']",True,False,True,high,"The summary accurately describes the company's products and services, but the keywords include 'Network Solutions' which is too generic and does not specifically match the description in the summary.",False
rocardinvestments.com,Rocard Investments LLC,United States,Company,56,"Rocard Investments is a multi-strategy family investment firm based in Tampa, FL, focusing on identifying investments that balance risk and return. They invest in businesses and real estate properties with a stable, disciplined, and relationship-focused approach. The firm has a flexible investment mandate and seeks to drive transformation and growth through capital, strategic insight, and relationships.","['investment firm', 'family office', 'multi-strategy', 'real estate', 'business investment', 'risk management', 'long-term sustainability', 'portfolio management', 'venture capital', 'financial services']",True,False,False,medium,"Keywords mention 'venture capital' which is not mentioned in the summary, suggesting a mismatch between the keywords and the actual business activities described",False
avvainc-aero.com,AVVA,United States,Company,51,AVVA is an international organization that provides representation and consultancy services to aerospace and defense companies. Their mission is to introduce advanced technology products and services to clients and assist them in selecting the most suitable solutions. They partner with various companies offering components and systems for aircraft and defense applications.,"['Aerospace', 'Defense', 'Consultancy', 'Representation', 'Technology', 'Aircraft Systems', 'Components', 'International', 'Partnerships', 'Solutions']",True,True,True,high,"Summary and keywords accurately describe the aerospace and defense industry services provided by AVVA, with specific details about their mission and partnerships.",False
starmenusa.com,"STARMEN Design Group, Inc.",United States,Company,50,"STARMEN Design Group is a full-service marketing agency specializing in brand identity development, corporate design, technology communications, and strategic marketing concepts. They focus on creating brands that inspire change and drive growth for their clients. The company offers a comprehensive suite of services to enhance brand presence and market impact.","['marketing agency', 'brand identity', 'corporate design', 'technology communications', 'strategic marketing', 'creative services', 'brand development', 'digital marketing', 'advertising', 'design']",True,True,True,high,"Summary and keywords are specific, coherent, and accurately describe the services offered by STARMEN Design Group.",False
mba-res.com,MBA Real Estate,United States,Company,60,"MBA Real Estate is a real estate brokerage firm focused on providing exceptional service to clients and agents in the region. They offer services for buying, selling, and leasing properties, with a strong emphasis on personalized service, current technology, and local market knowledge. The company aims to be a highly regarded brokerage through honesty, experience, and a passion for quality.","['real estate', 'brokerage', 'residential sales', 'commercial leasing', 'property search', 'market analysis', 'home buying', 'home selling', 'real estate agents', 'local expertise']",True,True,True,high,"Summary and keywords accurately describe the company's services and industry, with no signs of generic boilerplate or unrelated content.",False
yishunjia.cn,广州市乐全信息科技有限公司,China,Company,69,"Guangzhou Lequan Information Technology Co., Ltd. provides the Yishunjia software suite, which includes systems for sales, warehousing, POS, customer management, purchasing, financial integration, SaaS, and ERP. Their software aims to offer efficient, real-time, secure, and intelligent management for businesses, supporting features like multi-user access, centralized management for groups or multiple branches, and automated financial voucher generation. They emphasize ease of use, scalability, and providing data insights for strategic planning.","['ERP software', 'Inventory management', 'POS system', 'Sales management', 'Financial integration', 'Business software', 'SaaS', 'Warehouse management', 'Customer management', 'Business intelligence']",True,True,True,high,"Summary and keywords accurately describe the software suite offered by Yishunjia, with specific features and benefits mentioned.",False
suxia.co.jp,株式会社SUXIA,Japan,Company,59,"株式会社SUXIA (SUXIA Co., Ltd.) is a Japanese company specializing in SEO and local search consulting. Their mission is to provide valuable services that lead clients to success, offering strategies ('策' - saku) to achieve this. They provide local SEO, general SEO consulting for SMEs, and web consultation services, aiming to increase website traffic, inquiries, and sales through search engines.","['SEO', 'Local SEO', 'Web Marketing', 'Consulting', 'Google Business Profile', 'Website Optimization', 'Digital Marketing', 'Search Engine Optimization', 'Business Strategy', 'Web Consultation']",True,True,True,high,"Summary and keywords accurately describe the company's services and industry, with no signs of generic boilerplate or unrelated content.",False
fastcom.nl,Unica Groep B.V.,Netherlands,Company,68,"Unica is a Dutch specialist in designing, building, modifying, and operating data centers and network infrastructure. They offer comprehensive solutions from design to daily operations, covering projects like new builds and renovations, as well as services such as maintenance, monitoring, and optimization. Unica serves various sectors including industry, education, public sector, retail, and healthcare, with a focus on complete, customer-oriented solutions and leveraging over 20 years of experience.","['Data Centers', 'Design Build', 'Operations Support', 'Network Infrastructure', 'IT Services', 'Building Intelligence', 'Energy Transition', 'Industrial Solutions', 'Project Management', 'Maintenance']",True,True,True,high,"Summary and keywords accurately describe the company's services and expertise, with no signs of generic boilerplate or unrelated content.",False
bouwbedrijflagemaat.nl,Bouwbedrijf B. v.d. Lagemaat,Netherlands,Company,52,"Bouwbedrijf B. v.d. Lagemaat is a versatile construction company based in Lunteren, Gelderland, established in 1991. They specialize in new construction, alterations, and renovations for both private and business clients. The company is known for its quality, durability, and reliability, serving primarily the central Netherlands region and handling projects of various sizes.","['construction', 'new build', 'renovation', 'alterations', 'building company', 'residential construction', 'commercial construction', 'project management', 'quality', 'durability']",True,True,True,high,"Summary and keywords accurately describe the company's services and industry, with no signs of generic boilerplate or unrelated content.",False
vidatechnologies.co.uk,Vida Technologies Limited,United Kingdom,Company,74,"Vida Technologies Limited is a software solutions company that develops innovative technology solutions, products, and services to address client business challenges. They specialize in creating digital experiences and transformative business solutions, including an online marketplace for bakery products, asset monitoring and track & trace systems, a direct-to-consumer e-commerce platform for Warburtons GlutenFree, and a comprehensive sports club management suite for Wakefield Trinity RLFC. Their focus is on intelligent technology that provides tangible business value.","['software solutions', 'digital experiences', 'technology', 'business solutions', 'asset monitoring', 'track and trace', 'e-commerce', 'sports management', 'app development', 'web development']",True,False,False,medium,"Keywords mention 'app development' and 'web development', which are not mentioned in the summary, suggesting they may be generic boilerplate or unrelated to this specific company's activities.",False
printvectorx.com,VectorX3D,Netherlands,Company,66,"VectorX3D is a 3D printing shop that offers a wide range of 3D printed products and customization services. Customers can browse existing designs, personalize them, or upload their own 3D files for a custom quote. The company emphasizes professional build quality, affordable prices, and worldwide shipping, utilizing cutting-edge industrial printers and offering durable, eco-friendly materials. A portion of their sales supports environmental initiatives like tree planting.","['3D printing', 'custom printing', '3D models', 'industrial printers', 'eco-friendly materials', 'personalized quote', 'online shop', 'manufacturing', 'prototyping', 'decorations']",True,True,True,high,"Summary and keywords accurately describe the business's services and values, with no signs of generic boilerplate or unrelated content.",False
ardmore.apartments,Ardmore Residential,United States,Company,47,"Ardmore Residential is a property management company that focuses on residential real estate. They offer services related to managing rental properties, aiming to provide efficient and reliable solutions for property owners and tenants. The company operates within the real estate sector, likely serving a specific geographic market.","['property management', 'residential real estate', 'rental properties', 'real estate services', 'tenant management', 'property owner solutions', 'housing', 'landlord services']",True,True,True,high,"Summary and keywords accurately describe the company's focus on residential real estate property management, with no signs of generic boilerplate or unrelated content.",False
marinosa.com.ar,Marino S.A.,Argentina,Company,63,"Marino S.A. is a company specializing in the comprehensive management of waste and environmental services, operating since 1975. They offer sustainable solutions for industries and waste generators, including transportation, treatment, and final disposal of industrial and hazardous waste, as well as merchandise destruction and site remediation. Their mission is to provide ecological solutions for waste management, aiming to produce while preserving the environment.","['Waste Management', 'Environmental Services', 'Industrial Waste', 'Hazardous Waste', 'Waste Treatment', 'Waste Disposal', 'Recycling', 'Environmental Solutions', 'Logistics', 'Sustainability']",True,True,True,high,"Summary and keywords accurately describe the company's services and mission, with no signs of generic boilerplate or unrelated content.",False
srcontracting.com,SR Contracting,United States,Company,50,"SR Contracting is a company focused on construction services, as indicated by its tagline ""Building Your Vision."" The website provides contact information and a sign-up for updates, suggesting it is an active business in the construction sector. It aims to deliver on client projects and maintain a professional online presence.","['construction', 'contracting', 'building', 'general contractor', 'home improvement', 'renovation', 'project management', 'commercial construction', 'residential construction', 'building services']",True,True,True,high,"Summary and keywords accurately describe the business's focus on construction services, with specific details about its tagline and online presence.",False
gugelbisolutions.it,Gugel Business Intelligence Solutions,Italy,Company,55,"Gugel Business Intelligence Solutions specializes in providing comprehensive business intelligence services, including the development of BI applications, data warehousing with dimensional modeling, and infrastructure management. They also offer training programs for system administrators, developers, and end-users to foster data culture. The company aims to leverage market-leading tools to help clients gain insights from their data.","['Business Intelligence', 'BI Applications', 'Data Warehousing', 'Dimensional Modeling', 'BI Infrastructure Management', 'BI Training', 'Data Culture', 'Analytics', 'System Optimization', 'User Support']",True,True,True,high,"Summary and keywords are specific, coherent, and accurately describe the business services offered by Gugel Business Intelligence Solutions.",False
numberwisetax.com,Number Wise Tax Service,United States,Company,52,"Number Wise Tax Service offers professional tax preparation and related services for individuals and small businesses. They provide various options for tax filing, including electronic drop-off, in-person appointments, and courier services, emphasizing convenience and accuracy. With multiple locations and experienced advisors, they aim to reduce client stress and ensure correct tax filings.","['tax preparation', 'tax services', 'small business taxes', 'individual taxes', 'tax advisor', 'electronic filing', 'tax consulting', 'refund status', 'tax organizers', 'client portal']",True,True,True,high,"Summary and keywords accurately describe the services offered by Number Wise Tax Service, with specific details about their tax preparation options and convenience features.",False
isoft.jp,アイソフト Inc.,Japan,Company,61,"アイソフト Inc. is a software development company specializing in creating original software solutions tailored to user needs. They focus on developing custom programs and systems, including database integration and machine interfaces, to help businesses and shops rationalize operations and improve production management. The company aims to provide localized software services and support users facing challenges with complex or fragmented computer systems.","['software development', 'custom software', 'user needs', 'production management', 'database systems', 'machine interface', 'IT services', 'business solutions', 'software consulting', 'local services']",True,True,True,high,"Summary and keywords accurately describe the company's software development focus and services, with no signs of generic boilerplate or unrelated content.",False
bjnetworks.com.cn,BJnetworks,China,Company,60,"BJnetworks is a technology company specializing in cloud services, offering customized private cloud solutions, SD-WAN services, and technical consulting for AWS, Azure, and AliCloud. They provide integrated hardware and software hyper-converged systems to help clients build secure, scalable, and reliable private cloud architectures. The company focuses on assisting businesses with their cloud migration challenges through professional consultation and engineering support.","['Cloud Services', 'Private Cloud', 'SD-WAN', 'Technical Consulting', 'AWS', 'Azure', 'AliCloud', 'Hyper-converged Systems', 'IT Solutions', 'Cloud Migration']",True,True,True,high,"Summary and keywords are highly specific and coherent, describing a clear set of cloud computing services offered by the company.",False
hycan.com.cn,合创汽车科技有限公司,China,Company,61,"Hozon Auto (合创汽车) is a Chinese electric vehicle manufacturer that offers a range of smart electric vehicles, including models like the V09, A06 PLUS, A06, Z03, and 007. The company focuses on providing intelligent electric lifestyles, supported by energy services, after-sales support, and financial services. They aim to create a connected community for car owners through their app and online platforms.","['electric vehicles', 'smart cars', 'automotive manufacturing', 'EV technology', 'car sales', 'energy services', 'after-sales service', 'financial services', 'connected car', 'China automotive']",True,False,False,high,"Keywords describe a different industry/activity than the summary describes, as they mention 'car sales' and 'automotive manufacturing', which are not mentioned in the summary",False
cyvatar.ai,Cyvatar,United States,Company,64,"Cyvatar provides enterprise-grade cybersecurity solutions designed to protect businesses from cyber threats. They offer a range of services including continuous monitoring, vulnerability management, endpoint security, DNS security, email security, mobile threat defense, security awareness training, multi-factor authentication, cloud SaaS security, incident response, and cyber insurance partnerships. Their mission is to deliver cybersecurity measured by outcomes, not promises, by treating cybersecurity as a dedicated discipline.","['cybersecurity', 'vulnerability management', 'endpoint security', 'incident response', 'threat intelligence', 'MFA', 'SaaS security', 'security awareness training', 'ransomware protection', 'cyber insurance']",True,True,True,high,"Summary and keywords accurately describe specific cybersecurity services offered by Cyvatar, with no signs of generic boilerplate or unrelated content.",False
heritagefeed.com,Heritage Feed,United States,Company,56,"Heritage Feed is a company that produces and sells premium, non-GMO animal feed formulated for pasture-raised livestock. They offer a range of specialized feeds for poultry, swine, dairy, and sheep/goats, emphasizing healthy ingredients without fillers or soy. The company was founded by farmers seeking high-quality, affordable feed options and now serves small to medium-sized production farms.","['non-GMO feed', 'livestock feed', 'poultry feed', 'swine feed', 'dairy feed', 'pasture-raised', 'animal nutrition', 'farm supplies', 'heritage feed', 'specialty feed']",True,False,True,high,"Keywords appear to be overly promotional and include the company name, which may indicate templated text",False
rossum.sk,ROSSUM INTEGRATION,Slovakia,Company,51,"ROSSUM INTEGRATION specializes in designing, manufacturing, and installing robotic workstations and automated lines for a wide range of manufacturing companies. They offer comprehensive solutions in industrial and collaborative robotics, serving sectors from automotive to food processing. The company focuses on optimizing processes, increasing efficiency, and reducing error rates for their clients.","['robotics', 'automation', 'industrial automation', 'collaborative robotics', 'manufacturing', 'engineering', 'robotic integration', 'process optimization', 'automated lines', 'robot workstations']",True,True,True,high,"Summary and keywords accurately describe the company's services and industry, with no signs of generic boilerplate or unrelated content.",False
ebshkprivate.com,Everbright Securities International Company Limited,Hong Kong,Company,55,"Everbright Securities International (EBSI) is a financial services provider offering a comprehensive suite of wealth management and investment solutions. They cater to high-net-worth clients with services including stock trading, margin financing, and exclusive membership programs. EBSI aims to help clients preserve, manage, and grow their wealth through expert insights and a wide network of specialists.","['wealth management', 'investment services', 'stock trading', 'financial solutions', 'high-net-worth', 'margin financing', 'private banking', 'international expertise', 'financial advisory', 'asset management']",True,True,True,high,"Summary and keywords are specific, coherent, and accurately describe the financial services offered by Everbright Securities International Company Limited.",False
ilisat.com,ILISAT,Spain,Company,56,"ILISAT is a telecommunications service provider offering mobile plans, fiber optic internet, and web design services. They focus on providing reliable connectivity solutions for both individuals and businesses, aiming to ensure communications are handled with ease and without complications. The company also offers television services and has recently launched a new online store and mobile application.","['telecommunications', 'mobile plans', 'fiber optic', 'web design', 'connectivity', 'internet services', 'business services', 'online store', 'television services', 'technology']",True,True,True,high,"Summary and keywords accurately describe the company's services and activities, with no signs of generic boilerplate or unrelated content.",False
dehoopservices.nl,De Hoop Services,Netherlands,Company,65,"De Hoop Services specializes in Business Intelligence (BI) services, offering functional application management, BI development, and implementation consulting. They help organizations structure and manage their BI environments, ensuring data integrity, access control, and efficient reporting. Their services include authorization management, layout and template maintenance, package deployment, BI environment upkeep, and content backups, as well as advising on system implementations and developing custom reports and dashboards.","['Business Intelligence', 'Functional Application Management', 'BI Development', 'Implementation Consulting', 'Data Management', 'Reporting', 'Dashboards', 'BI Environment', 'Data Analysis', 'IT Consulting']",True,True,True,high,"Summary and keywords are highly specific and coherent, accurately describing the company's services in Business Intelligence.",False
callahancommercial.com,Callahan Commercial,United States,Company,45,"Callahan Commercial is a real estate brokerage firm specializing in commercial properties. They offer practical and cost-effective solutions for owners, tenants, and investors in the sale, lease, and investment of commercial real estate. The company provides expert guidance and efficient services for transactions and leasing.","['commercial real estate', 'real estate brokerage', 'property sales', 'property leasing', 'real estate investment', 'tenant services', 'owner services', 'commercial properties', 'real estate transactions', 'investment guidance']",True,True,True,high,"Summary and keywords accurately describe the company's services and activities, with no signs of generic boilerplate or unrelated content.",False
lss.net.pl,Freshbox,Poland,Company,48,"Freshbox appears to be an internet service provider offering broadband internet access and landline telephone services. They advertise promotions and updated offers, indicating a focus on competitive pricing and speed for residential customers. The company also provides a newsletter for updates and has a section for disabled users.","['internet provider', 'broadband', 'telecommunication', 'landline phone', 'promotions', 'ISP', 'internet services', 'residential services', 'newsletter', 'customer service']",True,True,True,high,"Summary and keywords accurately describe the company's services and offerings, with no signs of generic boilerplate or unrelated content.",False
womackfinancial.com,"Womack Financial, LLC",United States,Company,66,"Womack Financial, LLC is a wealth management firm founded with a client-first philosophy, emphasizing trust, communication, and transparency. They specialize in sourcing and evaluating private investment opportunities, including real estate, venture capital, direct debt, and private equity. The firm also offers custom portfolio construction, management of restricted stock, and financial planning for variable income or significant inheritances, aiming to align investments with client goals and values.","['wealth management', 'private investments', 'financial planning', 'portfolio construction', 'client-first', 'trust', 'transparency', 'real estate', 'venture capital', 'private equity']",True,True,True,high,"Summary and keywords accurately describe the company's services and values, with no signs of generic boilerplate or unrelated content.",False
echo-box.com,echobox strategy consulting,United Kingdom,Company,45,"Echobox Strategy Consulting offers consulting services with a focus on delivering high standards of service comparable to leading blue-chip consultancies. They utilize a lean staffing model, ensuring senior advisor presence, and aim for rapid, cost-effective project delivery. The company operates in the strategy consulting sector.","['strategy consulting', 'business consulting', 'advisory services', 'project delivery', 'lean staffing', 'cost-effective solutions', 'blue chip service', 'senior advisors', 'business strategy', 'consultancy']",True,True,True,high,"Summary and keywords are specific, coherent, and accurately describe the company's services and industry.",False
imeecap.ltd,IMEE CAP LIMITED,United Kingdom,Company,51,"IMEE CAP LIMITED offers software solutions and flexible talent for various software projects, specializing in outsourcing software engineers on an as-needed basis. They also provide web designers and mobile app developers, along with product support services. The company focuses on delivering high-quality output to ensure client satisfaction and facilitate business growth.","['software solutions', 'outsourcing', 'software engineers', 'web design', 'mobile app development', 'product support', 'talent', 'IT services', 'development', 'client satisfaction']",True,False,True,high,"Keywords appear to be overly generic and include 'IT services' which is not mentioned in the summary, suggesting they may have been copied from a template or another company's listing.",False
informese.com.co,CALA Analytics,Colombia,Company,65,"CALA Analytics is a company specializing in data analytics solutions, offering a suite of products and services designed to transform data into strategic decisions. They provide analytical suites for supply chain, general capabilities, AML, collections, marketing, and health, alongside services like analytical maturity assessment and training. Their mission is to help organizations leverage data for improved profitability, risk mitigation, and operational efficiency across various industries.","['Data Analytics', 'Business Intelligence', 'AI', 'Machine Learning', 'Predictive Analytics', 'Supply Chain Analytics', 'AML Solutions', 'Marketing Analytics', 'Health Analytics', 'Consulting']",True,True,True,high,"Summary and keywords are specific, coherent, and accurately describe the company's services and mission.",False
estacionesdepuradoras.com,Estaciones Depuradoras de Agua,Spain,Company,62,"Estaciones Depuradoras de Agua is a company specializing in the design, installation, and maintenance of water treatment and purification plants. With over 33 years of experience, they offer innovative and sustainable solutions for urban wastewater, industrial needs, and water reuse, including their Oxycompact system. They serve a diverse range of clients nationally and internationally, focusing on environmental responsibility and efficient water management.","['water treatment', 'wastewater', 'purification plants', 'Oxycompact', 'water reuse', 'environmental solutions', 'industrial water', 'urban wastewater', 'sustainable water', 'technical service']",True,True,True,high,"Summary and keywords accurately describe the company's water treatment services, with specific mention of their Oxycompact system.",False
jhdd.eu,JHDD.eu,Germany,Company,49,"JHDD designs and develops digital experiences for consumers and businesses. They offer services related to digital product development and consulting, as indicated by their focus on ""digital experiences"" and their ""Arbeite mit uns"" (Work with us) section. The company was established in 2018 and is based in Münster, Germany.","['digital experiences', 'web development', 'software development', 'digital products', 'business solutions', 'consumer solutions', 'tech consulting', 'Münster', 'Germany', 'JHDD']",True,False,True,high,"Keywords appear to be a direct copy of the summary, suggesting auto-generated filler",False
cherryai.com,Youming.com,China,Company,56,"Youming.com is a platform that facilitates the trading and brokerage of domain names and intellectual property, including trademarks, copyrights, and patents. It offers services such as domain transaction consulting, trademark registration and trading, and copyright/patent sales. The website also provides links to related services and information for potential buyers and sellers in the digital asset market.","['domain name trading', 'trademark brokerage', 'intellectual property sales', 'domain name consulting', 'copyright sales', 'patent sales', 'digital asset market', 'domain name brokerage', 'trademark registration', 'domain name acquisition']",True,False,True,high,"Keywords appear to be overly specific and detailed, suggesting they may have been copied from the summary or a template.",False
homeimpressionsfurniture.com,开云网页版页面登录-开云(中国),United States,Company,67,"Kaiyun Web Page Login - Kaiyun (China) is a national high-tech enterprise specializing in the R&D, production, and sales of energy storage products. Their product line includes photovoltaic energy storage systems, outdoor energy storage power supplies, smart battery packs, mobile power supplies, and high-density polymer lithium batteries. They offer ODM/OEM services to globally renowned brands and large chain supermarkets, aiming to make electrical energy better serve life.","['energy storage systems', 'outdoor power', 'smart battery packs', 'mobile power', 'lithium batteries', 'ODM/OEM', 'high-tech enterprise', 'manufacturing', 'R&D', 'photovoltaic']",False,True,True,high,"The summary appears to be a generic description of an energy storage products manufacturer, likely copied from the company's website or marketing materials, and does not accurately reflect the company name or domain.",False
justyellowpage.com,Just Yellow Page,India,Company,61,"Just Yellow Page is an Indian B2B platform designed to enhance the online visibility of manufacturers, wholesalers, and service providers. It offers professionally designed business profile pages optimized for search engines, helping businesses connect with genuine buyers and increase leads and sales without advertising costs. The platform aims to be a gateway for Indian businesses to grow in the digital marketplace.","['B2B platform', 'online visibility', 'business profile', 'digital presence', 'lead generation', 'e-commerce', 'Indian businesses', 'supplier directory', 'marketing', 'sales growth']",True,False,False,high,Keywords describe a broader range of services than the specific focus on B2B platform for Indian manufacturers and wholesalers mentioned in the summary.,False
oilindus.com,Oil Indus (Pvt.) Limited,Pakistan,Company,61,"Oil Indus (Pvt.) Limited (OIL) offers advisory and information-based services to companies involved in the oil and gas upstream and midstream sectors. Their experienced team provides commercial and technical support to help clients optimize existing assets and explore new opportunities in exploration, development, and acquisitions. OIL emphasizes an integrated approach, delivering optimal solutions through a combination of commercial and technical expertise.","['oil and gas', 'upstream', 'midstream', 'advisory services', 'technical support', 'commercial support', 'exploration', 'development', 'acquisitions', 'energy sector']",True,True,True,high,"Summary and keywords accurately describe the company's services and industry, with no signs of generic boilerplate or unrelated content.",False
mygbcc.com,Cloudflare,United States,Company,48,"Cloudflare is a global network that provides a wide range of services to protect and accelerate websites and applications. Their offerings include DDoS mitigation, CDN services, DNS management, WAF, and bot management. They aim to make the internet faster, safer, and more reliable for businesses of all sizes.","['CDN', 'DDoS Protection', 'Web Security', 'Performance', 'DNS', 'WAF', 'Cloud Services', 'Network Security', 'Internet Infrastructure', 'Application Security']",True,True,True,high,"Summary accurately describes Cloudflare's services and goals, and keywords are specific and relevant to the company's offerings.",False
kuzmenkov.group,КУЗЬМЕНКОВ И ПАРТНЕРЫ,Russia,Company,65,"КУЗЬМЕНКОВ И ПАРТНЕРЫ is a PR agency specializing in brand consulting, corporate and financial communications, marketing communications, event management, crisis communications, online marketing, and internal communications. They serve various industries including energy, finance, real estate, retail, technology, transportation, electronics, FMCG, beauty, luxury, social projects, and healthcare. The agency positions itself as a strategic partner for businesses seeking to enhance their public image and market presence.","['PR agency', 'Communications', 'Marketing', 'Event Management', 'Brand Consulting', 'Corporate Communications', 'Financial Communications', 'Crisis Management', 'Public Relations', 'Industry Expertise']",True,True,True,high,Summary and keywords accurately describe the company's services and industry expertise without showing signs of generic boilerplate or copy-pasted content.,False
venturaaerospace.net,"Ventura Aerospace, LLC",United States,Company,53,"Ventura Aerospace, LLC is a manufacturer specializing in high-quality, precision aerospace components. They focus on complex machining and assembly to exacting standards, serving the technical world-class aerospace marketplace. The company is committed to total quality, continuous improvement, and customer satisfaction, aiming to be an industry leader in air, sea, and space component manufacturing.","['Aerospace', 'Component Manufacturing', 'Precision Machining', 'Complex Assembly', 'Quality Control', 'Continuous Improvement', 'Aerospace Marketplace', 'Customer Satisfaction', 'Air', 'Sea']",True,True,True,high,"Summary and keywords are highly specific and coherent with the domain name, suggesting a genuine company description.",False
cloudambiance.com,Cloud Ambiance,France,Company,56,"Cloud Ambiance is an IT consulting firm specializing in CRM solutions, primarily focusing on HubSpot and Salesforce. They offer expertise in consulting, implementation, integration, and training to help businesses optimize their information systems, manage data, and enhance customer relationships. Their mission is to partner with clients to develop and improve business processes, driving growth and efficiency.","['CRM', 'HubSpot', 'Salesforce', 'Consulting', 'Implementation', 'Integration', 'Training', 'Business Optimization', 'Data Management', 'Customer Relationship Management']",True,True,True,high,"Summary and keywords are specific, coherent, and accurately describe the company's services.",False
leoniko.ru,LEON International Translation Bureau,Russia,Company,60,"LEON International Translation Bureau is a professional translation agency based in Moscow, offering a comprehensive range of services including written and oral translations, document notarization, and content localization. They cater to both individuals and businesses, providing translations for over 50 languages. The company emphasizes quality, speed, and adherence to deadlines, positioning itself as a reliable partner in the translation industry.","['translation services', 'notarized translation', 'written translation', 'oral translation', 'document translation', 'legal translation', 'medical translation', 'technical translation', 'localization', 'language services']",True,True,True,high,"Summary and keywords accurately describe the translation services offered by LEON International Translation Bureau, with specific details about their range of services and target markets.",False
rhconsultingllc.com,RH Consulting LLC,United States,Company,58,"RH Consulting LLC is a technology company specializing in end-to-end mobile solutions and application development across multiple platforms. They offer services including Android and iOS app development, responsive web design, and custom software creation, with a focus on API integration. The company aims to help businesses adapt to the mobile shift and streamline operations through powerful digital tools.","['Mobile App Development', 'Android Apps', 'iOS Apps', 'Web Design', 'Custom Software', 'API Integration', 'Technology Solutions', 'Software Development', 'Digital Transformation', 'Consulting']",True,True,True,high,"Summary and keywords are specific, coherent, and accurately describe the company's services",False
thefurnitureguyseattle.com,Bluehost.com,United States,Company,41,"Bluehost.com provides affordable and reliable web hosting solutions. They offer various hosting services to individuals and businesses, aiming to make website creation accessible. The company also has an affiliate program and provides customer support through a help center and contact options.","['web hosting', 'affordable hosting', 'reliable hosting', 'website solutions', 'affiliate program', 'customer support', 'domain', 'online presence', 'internet services', 'hosting provider']",False,True,True,high,"The summary appears to be a generic description of Bluehost.com, which is unrelated to the actual business that operates at thefurnitureguyseattle.com",False
bacp.com.ar,BACP,Argentina,Company,77,"BACP is an independent investment banking firm specializing in financial and strategic advisory services for corporations, institutions, governments, and families across a broad range of industries in Latin America. With partners possessing extensive experience in corporate finance, the firm has advised on over 150 mergers & acquisitions, capital raising, and other corporate finance transactions. BACP is a member of Mergers Alliance, ARCAP, and AmCham Argentina, connecting clients to global M&A opportunities and promoting the private equity industry.","['investment banking', 'financial advisory', 'strategic advisory', 'mergers and acquisitions', 'capital raising', 'corporate finance', 'Latin America', 'boutique investment bank', 'private equity', 'M&A advisory']",True,True,True,high,"Summary and keywords are specific, coherent, and accurately describe the company's services and industry.",False
portomonttconsultoria.com.br,Portomontt,Brazil,Company,65,"Portomontt is a technology company specializing in the implementation of customized B2B e-commerce projects for industries. With 18 years of experience, they combine technology and digital market knowledge to offer a complete sales platform and sales consulting. Their mission is to help industries increase sales, recover inactive clients, and improve customer service by taking control of their sales process through integrated technology and expert guidance.","['B2B E-commerce', 'E-commerce Platform', 'Sales Consulting', 'Digital Transformation', 'Industry Solutions', 'Technology Implementation', 'Lead Generation', 'Sales Strategy', 'E-commerce Development', 'Customer Relationship Management']",True,True,True,high,"Summary and keywords are specific, coherent, and accurately describe the company's services.",False
sgasoftware.com,SGA,United States,Company,67,"SGA provides accounting and member management software solutions, including CRM (Pulse), budgeting, and A/P automation, primarily serving non-profit organizations like YMCAs and Boys & Girls Clubs. The company emphasizes superior products, reasonable pricing, and exceptional customer service, aiming to promote growth through efficiency for its clients. With over 30 years in business, SGA focuses on continuous product development based on partner input to meet evolving community needs.","['Accounting Software', 'CRM', 'Member Management', 'Non-profit Software', 'Budgeting Tools', 'AP Automation', 'Asset Management', 'Reporting', 'Software Solutions', 'Customer Support']",True,True,True,high,"Summary and keywords accurately describe the company's products and services, with specific examples of industries served.",False
danutacorretora.com.br,Danuta Seguros,Brazil,Company,59,"Danuta Seguros is an insurance brokerage firm offering a wide range of personalized insurance solutions for individuals and families. They provide auto, residential, health, life, pet health, and civil liability insurance, aiming to protect clients' assets and well-being. The company acts as an intermediary, connecting customers with the best insurance providers to ensure peace of mind and financial security.","['insurance brokerage', 'auto insurance', 'health insurance', 'life insurance', 'pet insurance', 'civil liability', 'residential insurance', 'financial security', 'risk management', 'insurance solutions']",True,True,True,high,"Summary and keywords are specific, coherent, and accurately describe the insurance services offered by Danuta Seguros.",False
lvsonggd.com,珠海市绿松电动车辆制造有限公司,China,Company,50,"Zhuhai Lvsong Electric Vehicle Manufacturing Co., Ltd. is a company focused on the manufacturing and sale of electric vehicles, particularly electric motorcycles. The company aims to provide convenient and flexible transportation solutions, emphasizing customer satisfaction and value creation. They are committed to innovation and growth within the electric vehicle sector.","['electric vehicles', 'electric motorcycles', 'vehicle manufacturing', 'transportation', 'innovation', 'customer satisfaction', 'growth', 'mobility', 'sustainable transport', 'Zhuhai']",True,False,True,high,"Keywords appear to be a generic list of buzzwords related to the industry, rather than specific and unique aspects of this company.",False
agrodanieli.com.br,A AGRODANIELI,Brazil,Company,49,"A Agrodanieli is a Brazilian agribusiness group operating in grain reception, soybean oil and meal extraction, and fertilizer production. They offer a mobile application for rural producers to manage their operations and make agile decisions. The company is committed to sustainability and provides various services to support agricultural production.","['agribusiness', 'grain reception', 'soybean processing', 'fertilizers', 'rural producer', 'mobile application', 'sustainability', 'agriculture', 'food production', 'agri-tech']",True,True,True,high,"Summary and keywords accurately describe the company's activities in agribusiness, with specific details on their operations and services.",False
validushealthcare.com,Validus Healthcare,India,Company,53,"Validus Healthcare provides comprehensive hospital management software solutions, including integrated hospital information systems (HIS), mobility dashboards, and nursing desk applications. Their offerings aim to digitize healthcare operations, improve efficiency, and provide real-time business insights for hospitals of all sizes. They focus on smart, integrated, flexible, and secure IT solutions for the healthcare industry.","['Hospital Management Software', 'HIS', 'Healthcare IT', 'Digitization', 'Mobility Dashboard', 'Nursing Desk', 'ERP', 'SaaS', 'Medical Records', 'Business Insights']",True,True,True,high,"Summary and keywords accurately describe the company's specific offerings in the healthcare industry, with no signs of generic boilerplate or unrelated content.",False
aim-llc.com,"Advanced Information Management, LLC",United States,Company,69,"Advanced Information Management, LLC (AIM) provides comprehensive accounting technology solutions and services tailored for small to mid-sized businesses across the financial, distribution, manufacturing, and service sectors. With over 20 years of experience, AIM offers end-to-end support, from needs analysis and software selection to implementation, training, and ongoing technical assistance. They specialize in ERP systems like Microsoft Dynamics GP and various Sage products, aiming to optimize business operations through technology.","['Accounting Technology', 'ERP Solutions', 'Microsoft Dynamics GP', 'Sage Software', 'Business Solutions', 'Implementation Services', 'Technical Support', 'Financial Software', 'Distribution Software', 'Manufacturing Software']",True,True,True,high,"Summary and keywords are specific, coherent, and accurately describe the company's services and expertise.",False
consignspacesolutions.com,Consign,India,Company,67,"Consign is a globally recognized IT consulting firm founded in 2020, specializing in providing tailored staffing and recruitment solutions for enterprise resource planning (ERP) systems and other IT needs. They offer services such as tech consulting, data analytics, application development, cloud services, and various staffing solutions including ERP, permanent, contract, and executive search. Consign aims to empower businesses with top-tier talent and innovative solutions for digital transformation.","['IT consulting', 'Staffing solutions', 'Recruitment services', 'ERP systems', 'Tech consulting', 'Data analytics', 'Application development', 'Cloud services', 'Digital transformation', 'Talent acquisition']",False,True,True,high,"The summary appears to be overly generic and promotional, describing a wide range of services that don't seem specific to the company's domain name or industry",False
cdhuaren.com,成都华仁医院管理有限公司金牛门诊部,China,Company,66,"Chengdu Huarren Hospital Management Co., Ltd. Jinniu Outpatient Department is a healthcare facility located in Fuzhou. The company's business scope is broad, including various product and service categories such as electronics, cleaning services, app development, and consulting for industry qualifications. It aims to enhance core competitiveness through reform, optimize industrial structure, and serve diverse industries with professional solutions, adhering to principles of quality and social service.","['Hospital Management', 'Outpatient Department', 'Healthcare Services', 'App Development', 'Industry Consulting', 'Quality Service', 'Reform', 'Competitiveness', 'Professional Solutions', 'Modernization']",False,True,True,high,"The summary contains generic boilerplate text unrelated to the actual business, mentioning industries such as electronics and app development that are not consistent with a hospital management company.",False
concordiya.org,Concordiya,Russia,Company,61,"Concordiya is a Russian manufacturer specializing in electric vehicles, including golf carts, electric trucks, and utility vehicles. The company emphasizes domestic production, technological sovereignty, and improving quality of life through quiet, emission-free transportation. Their offerings include a range of electric vehicles designed for various applications, from personal transport and tourism to municipal services and logistics, with features like remote monitoring systems.","['electric vehicles', 'golf carts', 'electric trucks', 'utility vehicles', 'Russian manufacturer', 'emission-free', 'sustainable transport', 'municipal equipment', 'automotive', 'EV technology']",True,True,True,high,"Summary and keywords accurately describe the company's products and values, with no signs of generic boilerplate or unrelated content.",False
nutriservice.cl,Nutriservice,Chile,Company,59,"Nutriservice is a company with over 30 years of experience, specializing in animal nutrition and toll manufacturing (maquila) services for food and feed. They offer tailored solutions for various animal divisions including pigs, aquaculture, poultry, and pets, emphasizing intelligent, responsible, and customized nutrition. The company operates with a focus on quality, innovation, and trust, serving producers with specific needs.","['animal nutrition', 'toll manufacturing', 'aquaculture', 'poultry', 'pigs', 'pet food', 'feed production', 'food manufacturing', 'quality standards', 'custom solutions']",True,True,True,high,"Summary and keywords are specific, coherent, and accurately describe the business's services and focus areas.",False
stahl-at.com,STAHL Automatisierungstechnik,Germany,Company,49,"STAHL Automatisierungstechnik specializes in developing and manufacturing custom automation solutions for assembly, production, and testing. Their product range includes assembly devices, robotic manufacturing systems, and automated testing systems. They serve global clients in the medical, electronics, automotive, and general industrial sectors, offering comprehensive engineering, development, plant construction, and service.","['Automation solutions', 'Assembly systems', 'Manufacturing automation', 'Testing systems', 'Robotics', 'Engineering', 'Plant construction', 'Industrial automation', 'Custom solutions', 'Automotive']",True,True,True,high,"Summary and keywords accurately describe the company's products and services, with no signs of generic boilerplate or unrelated content.",False
soletec.es,Soletec,Spain,Company,62,"Soletec is a Spanish company specializing in photovoltaic solar solutions for industrial, agricultural, and domestic sectors. They offer services including energy consulting, installation of self-consumption solar systems with no initial investment, and renewable energy sales. Their mission is to facilitate the transition to a greener future by providing efficient and sustainable solar energy systems, aiming to reduce energy costs for their clients.","['solar energy', 'photovoltaic', 'self-consumption', 'energy efficiency', 'renewable energy', 'solar panels', 'industrial solar', 'agricultural solar', 'energy consulting', 'solar installation']",True,True,True,high,"Summary and keywords accurately describe the company's services and mission, with no signs of generic boilerplate or unrelated content.",False
standish.org,Standish,United States,Company,54,"Standish is a technology company that provides cloud-based solutions and services. They focus on helping businesses migrate to and optimize their cloud infrastructure, offering expertise in areas such as cloud strategy, implementation, and managed services. Their mission is to empower organizations to leverage the full potential of cloud computing for enhanced efficiency and innovation.","['cloud computing', 'cloud migration', 'cloud strategy', 'managed services', 'IT solutions', 'technology services', 'digital transformation', 'cloud optimization', 'infrastructure', 'business solutions']",True,True,True,high,"Summary and keywords are specific, coherent, and accurately describe the company's cloud-based services.",False
judgefinancial.com,Judge Financial Group Inc.,United States,Company,59,"Judge Financial Group Inc. is a financial services firm with 40 years of experience helping clients achieve financial security. They offer a comprehensive approach to financial planning, including tax and accounting services, investment management, and various insurance products. The firm emphasizes practical, hands-on assistance to address real-world financial challenges, aiming to be a trusted partner for individuals and businesses.","['Financial Planning', 'Tax Services', 'Investment Management', 'Insurance', 'Financial Security', 'Retirement Planning', 'Wealth Management', 'Financial Advice', 'Business Finance', 'Personal Finance']",True,True,True,high,"Summary and keywords are specific, coherent, and accurately describe the financial services offered by Judge Financial Group Inc.",False
sopruedele.de,SOP - Service Organisation Personal Sabine Rüdele,Germany,Company,63,"SOP - Service Organisation Personal, led by Sabine Rüdele, offers payroll and office organization services to businesses of various sizes and industries. They specialize in payroll processing, including complex calculations and legal compliance, and aim to free up clients' time and resources. The company emphasizes close cooperation with tax advisors and provides comprehensive support to ensure clients can focus on their core competencies.","['Payroll services', 'Office organization', 'HR administration', 'Business support', 'Outsourcing', 'Time saving', 'Cost reduction', 'Compliance', 'Small business support', 'Payroll processing']",True,True,True,high,"Summary and keywords accurately describe the company's services and industry, with no signs of generic boilerplate or unrelated content.",False
enlazo.com,Global STAR,Spain,Company,65,"Global STAR, operating under the brand Global STAR®, is a service provider for professional transportation, offering integrated solutions for national and international transport companies. Their services include fuel management with discounts across Europe, toll and fee systems, ferry and tunnel reservations, VAT and fuel tax recovery, specialized transport insurance, and roadside assistance. The company aims to support transport businesses with over 35 years of experience.","['transportation services', 'fuel management', 'toll solutions', 'reservations', 'VAT recovery', 'transport insurance', 'roadside assistance', 'professional transport', 'logistics', 'fleet management']",True,True,True,high,"Summary and keywords are specific, coherent, and accurately describe the services offered by Global STAR.",False
alpha-spedit.com,alpha spedit,Poland,Company,46,"Alpha Spedit is a company specializing in logistics and transportation services, emphasizing time and safety in its operations. They leverage their knowledge, experience, and a quality fleet to provide efficient services to their clients. The company's core advantage lies in its specialization within the logistics sector.","['logistics', 'transportation', 'freight', 'shipping', 'fleet management', 'supply chain', 'delivery', 'expedited services', 'cargo', 'spedition']",True,True,True,high,"Summary and keywords accurately describe the company's logistics services with specific details, showing no signs of generic boilerplate or unrelated content.",False
unobrand.pl,UNOBRAND,Poland,Company,57,"UNOBRAND is a company specializing in comprehensive packaging solutions, including design, production, co-packing, and warehousing. They offer a wide range of products such as premium rigid boxes, tubes, cosmetic palettes, advent calendars, and FMCG packaging. Additionally, they provide printing services for promotional materials and handle e-commerce logistics and fulfillment, positioning themselves as a full-service partner for businesses.","['packaging design', 'packaging production', 'co-packing', 'warehousing', 'fulfillment', 'printing services', 'rigid boxes', 'tubes', 'e-commerce logistics', 'premium packaging']",True,True,True,high,"Summary and keywords accurately describe the company's services and products, with no signs of generic boilerplate or unrelated content.",False
dsafu.com,大勝管顧 雲端客服,Taiwan,Company,49,"大勝管顧 雲端客服 appears to be a consulting firm specializing in financial planning, insurance, and tax advisory services. They offer guidance on various insurance types, retirement planning, and tax optimization strategies. The firm aims to provide professional and personalized advice to help clients manage their finances and secure their future.","['financial planning', 'insurance', 'tax advisory', 'consulting', 'retirement planning', 'wealth management', 'risk management', 'insurance brokerage', 'tax optimization', 'financial services']",True,False,True,medium,Keywords seem overly broad and generic compared to the specific services mentioned in the summary,False
modernbuilders.com.au,Modern Builders,Australia,Company,53,"Modern Builders is a construction company specializing in civil construction projects, including single-storey buildings, double-storey homes, townhouses, and renovations. They aim to turn clients' dreams into reality by delivering high-quality homes at affordable costs, focusing on comprehensive project delivery with practical aptitude. The company emphasizes quality raw materials, professional installations, and transparent pricing.","['construction', 'civil engineering', 'home building', 'renovations', 'residential construction', 'affordable housing', 'design', 'project management', 'quality materials', 'builders']",True,True,True,high,"Summary and keywords accurately describe the company's services and values, with no signs of generic boilerplate or unrelated content.",False
progettolegno.biz,Intred,Italy,Company,47,"Intred is an internet service provider that offers high-speed internet access and related telecommunication services. The company focuses on providing reliable connectivity solutions for both residential and business customers. Their services include fiber optic internet, VoIP, and cloud solutions, aiming to be a leading digital infrastructure provider.","['Internet Service Provider', 'Telecommunications', 'Fiber Optic', 'Broadband', 'VoIP', 'Cloud Solutions', 'Connectivity', 'Digital Infrastructure', 'High-Speed Internet', 'Network Services']",True,True,True,high,"Summary and keywords accurately describe the company's services and industry, with no signs of generic boilerplate or unrelated content.",False
emayturizm.com,EMAY TURİZM,Turkey,Company,56,"EMAY TURİZM is a company specializing in transportation services, offering solutions for personnel, student, VIP, tourism, and congress transportation. They emphasize quality, safety, and comfort, utilizing a modern fleet and trained personnel to provide reliable travel experiences. The company aims to be a leader in its sector by implementing and following best practices in transportation services.","['transportation services', 'personnel transport', 'student transport', 'VIP transport', 'tourism transport', 'congress transport', 'fleet management', 'safety', 'quality', 'travel']",True,True,True,high,"Summary and keywords accurately describe the company's services and values, with no signs of generic boilerplate or unrelated content.",False
designwerk.com,Designwerk Technologies AG,France,Company,54,"Designwerk Technologies AG is a Swiss company specializing in electromobility solutions for commercial applications. They manufacture electric trucks, charging technology for fast, high-power, and mega-charging, and modular battery systems. The company also offers custom development services, from studies to prototypes, aiming to provide future-proof and economically attractive solutions for businesses transitioning to electric vehicles.","['electric trucks', 'battery systems', 'charging technology', 'electromobility', 'commercial vehicles', 'custom development', 'mega charging', 'fast charging', 'high power charging', 'automotive manufacturing']",True,True,True,high,"Summary and keywords accurately describe the company's products and services, with no signs of generic boilerplate or unrelated content.",False
princeofpalleteesllc.com,Prince Of Palletees LLC,United States,Company,51,"Prince Of Palletees LLC is a company offering warehouse and logistic services, including pallet racking, shelving, and forklift rentals. They also sell DIY materials and pallets, and encourage customers to visit their other store, Needful Thingz, LLC. The company aims to be a comprehensive resource for warehouse needs and personal projects.","['warehouse services', 'logistics', 'pallet racking', 'forklift rental', 'DIY materials', 'pallets', 'shelving', 'buy and sell', 'industrial supplies', 'storage solutions']",True,False,False,medium,"The keywords mention 'buy and sell' which is not mentioned in the summary, suggesting they may be generic or templated.",False
novosedly.net,Novosedly.net,Czechia,Company,54,"Novosedly.net is an internet service provider that offers high-speed fiber optic internet and interactive television services. They focus on building and expanding their own fiber optic network to provide stable and fast connections to households in specific municipalities. Their mission is to bring future-proof connectivity to homes, enabling seamless use of various online services.","['fiber optic internet', 'broadband', 'internet service provider', 'interactive television', 'telecommunications', 'high-speed internet', 'network infrastructure', 'connectivity', 'ISP', 'digital services']",True,True,True,high,Summary and keywords accurately describe the company's specific business activities and services.,False
gardencitydevelopment.pl,GARDEN CITY DEVELOPMENT,Poland,Company,59,"Garden City Development Sp. z o.o. is a real estate development company specializing in residential projects. They focus on creating housing with high-quality finishes, attention to detail, and features that enhance daily living. The company has a portfolio of completed, ongoing, and planned investments, including apartments and single-family homes, aiming to combine urban style with a sense of intimacy.","['real estate development', 'residential projects', 'apartments', 'housing', 'construction', 'architecture', 'urban living', 'property', 'developer', 'investment']",True,True,True,high,"Summary and keywords accurately describe the company's focus on residential real estate development in Poland, with specific details about their projects.",False
tines.fr,Tines,France,Company,52,"Tines is a company specializing in digital transformation, offering services in marketing, sales, management, mobility, security, and GDPR compliance. They provide consulting, implementation, training, and support to help businesses accelerate their growth and adapt to digital changes. Their mission is to guide companies through their evolution with expert advice and project management.","['Digital Transformation', 'Consulting', 'IT Services', 'Business Acceleration', 'Marketing', 'Sales', 'Security', 'GDPR', 'Mobility', 'Training']",True,True,True,high,"Summary and keywords are specific, coherent, and accurately describe the company's services and mission.",False
apicalinstruments.com,Apical,United States,Company,57,"Apical is a leader and innovator in the medical device industry, offering comprehensive services from concept to completion for biotechnology and semiconductor needs. They specialize in design, prototyping, product development, validation, and manufacturing, adhering to ISO 13485 and FDA Quality System Regulations. Apical aims to deliver quality, cost-effective products and streamline the development process for their clients.","['medical device industry', 'biotechnology', 'semiconductor', 'product development', 'manufacturing', 'ISO 13485', 'FDA', 'design control', 'validation', 'prototype']",True,True,True,high,"Summary and keywords accurately describe the company's industry and services, with specific details about their expertise and regulatory compliance.",False
mediapool.de,mediaPool,Germany,Company,52,"mediaPool is a marketing and media agency specializing in conception, design, and multimedia solutions. They offer platform-independent services, combining extensive experience with a drive for innovation to create holistic, successful strategies for their clients. Their services span websites, print, illustration, photo/video, and social media, aiming to deliver creative and effective marketing outcomes.","['media agency', 'marketing', 'design', 'multimedia', 'web design', 'print design', 'photography', 'videography', 'social media marketing', 'creative solutions']",True,True,True,high,"Summary and keywords accurately describe the services offered by mediaPool, with no signs of generic boilerplate or unrelated content.",False
aton-line.ru,ООО «АТОН»,Russia,Company,64,"ООО «АТОН» is a financial services company with 35 years of experience in managing the capital of wealthy investors. They offer services such as asset management, investment funds, trust management, personal funds, and financing against assets. The company focuses on providing personalized support, high-level service, and expert analysis to help clients make informed investment decisions, aiming for capital growth and a comfortable investment experience.","['asset management', 'investment funds', 'wealth management', 'financial advisory', 'investment decisions', 'capital growth', 'financial services', 'investor relations', 'portfolio management', 'financial analysis']",True,True,True,high,"Summary and keywords appear to be specific and coherent, describing a financial services company with relevant services and goals.",False
mifenginfo.com,蜜蜂信息网 (Mifenginfo.com),China,Company,46,"蜜蜂信息网 is an online B2B platform that facilitates trade by connecting buyers and suppliers across various industries. It offers services for publishing product information, managing procurement and supply, and promoting businesses. The platform aims to be a comprehensive information hub for trade, news, and industry events.","['B2B platform', 'supplier directory', 'procurement', 'supply chain', 'trade services', 'business promotion', 'industry news', 'online marketplace', 'e-commerce', 'information services']",True,False,True,medium,"Keywords seem overly generic and don't specifically describe the unique value proposition of this company, but they do match the summary's description",False
pointonecorp.com,PointOne Data Centers,United States,Company,55,"PointOne Data Centers specializes in developing scaled data center campuses in key Mid-Atlantic hubs, offering tailored solutions for hyperscale, cloud, and NeoCloud providers. They provide turnkey, build-to-suit, and powered shell options designed to support long-term growth, minimize risk, and accelerate deployment. With extensive industry experience, PointOne focuses on delivering reliable, scalable, and high-performance digital infrastructure.","['Data Center Development', 'Hyperscale Data Centers', 'Build-to-Suit', 'Powered Shell', 'Digital Infrastructure', 'Mid-Atlantic', 'Data Center Campuses', 'Cloud Providers', 'Colocation', 'Data Center Solutions']",True,True,True,high,"Summary and keywords accurately describe the company's data center development services, with specific details about their offerings and locations.",False
think-equity.com,ThinkEquity,United States,Company,58,"ThinkEquity is a boutique investment bank providing a range of services including investment banking, equity research, institutional sales, trading, debt capital markets, and mergers & acquisitions. They focus on creating value for clients' investors by identifying and financing emerging growth companies across various sectors. The firm emphasizes a client-centric approach and leverages experienced professionals to deliver tailored solutions.","['investment banking', 'equity research', 'institutional sales', 'debt capital markets', 'mergers and acquisitions', 'emerging growth companies', 'capital raises', 'restructuring', 'financial services', 'boutique bank']",True,True,True,high,"Summary and keywords accurately describe the company's services and focus, with no signs of generic boilerplate or unrelated content.",False
thegioinuocaqua.com,CÔNG TY TNHH TM DV SX MÔI TRƯỜNG THẾ GIỚI NƯỚC,Vietnam,Company,71,"Công ty TNHH TM DV SX Môi Trường Thế Giới Nước specializes in providing comprehensive water treatment solutions. They offer a wide range of products and services including household and industrial water filters, industrial membranes, filter materials, and related accessories. The company also designs and constructs water treatment systems for various applications, such as pure water for schools and industrial wastewater treatment, demonstrating expertise in both product supply and system integration.","['water treatment', 'water filtration', 'industrial water', 'household water', 'water purification', 'wastewater treatment', 'water filter components', 'water treatment systems', 'water filter materials', 'environmental solutions']",True,True,True,high,"The summary accurately describes the company's products and services, and the keywords closely match the content of the summary.",False
paulnmartin.com,Paul & Martin Consulting Group Pvt. Ltd.,India,Company,55,"Paul & Martin Consulting Group is a company specializing in Corporate Performance Management (CPM), Business Intelligence (BI), and Data Visualization. They offer consulting, implementation, training, and support services, primarily leveraging Microsoft Power BI and other data analytics tools. Their mission is to transform enterprises through data, insights, and analytics, enabling data-driven decision-making for clients globally.","['Business Intelligence', 'Data Visualization', 'Power BI', 'Corporate Performance Management', 'Data Analytics', 'Consulting', 'BI Training', 'Data Insights', 'Reporting', 'Microsoft Partner']",True,False,True,high,"Keywords appear to be overly promotional and include a 'Microsoft Partner' tag, suggesting they may have been generated by the company itself or its partners.",False
designplexbio.com,DesignPlex Biomedical LLC,United States,Company,70,"DesignPlex Biomedical is a full-spectrum partner specializing in the prototyping, design development, and contract manufacturing of FDA Class II and III medical devices. They offer services ranging from precision prototyping using advanced manufacturing technologies to robust design and development in an ISO 13485-compliant lab. The company also provides end-to-end GMP manufacturing and conducts cutting-edge research in areas like genetics and regenerative medicine, aiming to transform concepts into cost-effective, high-quality products.","['Medical Device Manufacturing', 'Prototyping', 'Design and Development', 'GMP Manufacturing', 'Cleanroom Manufacturing', 'FDA Class II', 'FDA Class III', 'ISO 13485', 'Biomedical Engineering', 'Contract Manufacturing']",True,True,True,high,"Summary and keywords accurately describe the company's services and expertise in medical device manufacturing, with specific details about their capabilities and compliance standards.",False
ie-erneuerbare.de,iE-Erneuerbare,Germany,Company,73,"iE-Erneuerbare, also known as Ingenieurbüro für Erneuerbare Energien – Dr. Ingo Ewald, specializes in consulting and supporting projects and business models related to renewable energy generation. They focus on the conception, implementation, and optimization of these initiatives, aiming to combine sustainable economic practices with long-term financial success. The company positions itself as a key player in the renewable energy sector, emphasizing the importance of renewable sources for a future-proof and decentralized energy supply.","['renewable energy', 'energy consulting', 'project development', 'business models', 'sustainable energy', 'energy generation', 'decentralized energy', 'engineering', 'economic success', 'Ingenieurbüro']",True,True,True,high,"The summary accurately describes the company's services and expertise, and the keywords closely match the content of the summary.",False
jiconsultinggroup.com,"JI Consulting Group, LLC",United States,Company,44,"JI Consulting Group connects clients with technology solutions and partners, focusing on IT resources. They provide access to solution specialists who assess client needs and collaborate with technology teams to find optimal solutions. The company emphasizes a client-focused approach and delivering value through technology.","['IT consulting', 'Technology solutions', 'Client focus', 'Solution specialists', 'Business development', 'Technology resources', 'Corporate IT', 'Consulting services', 'IT strategy', 'Client partnerships']",True,True,True,high,"Summary and keywords are specific, coherent, and accurately describe the company's services.",False
heynberg.de,Heynberg GmbH,Germany,Company,38,"Heynberg GmbH is a personnel service provider specializing in connecting young professionals with companies. Their services include personnel placement, temporary staffing, and consulting. They aim to bridge the gap between talent and businesses, facilitating recruitment and employment opportunities.","['personnel services', 'recruitment', 'young professionals', 'staffing', 'consulting', 'talent acquisition', 'employment', 'HR services', 'job placement', 'Munich']",True,True,True,high,"Summary and keywords accurately describe the company's services and industry, with no signs of generic boilerplate or unrelated content.",False
abri.com.au,Agricultural Business Research Institute (ABRI),Australia,Company,59,"The Agricultural Business Research Institute (ABRI) is a global leader in AgTech, providing innovative software services and technology solutions for the agricultural sector. With over 50 years of experience, ABRI offers advanced genetic evaluation systems like BREEDPLAN, breed registry software, and herd management tools. Their mission is to accelerate genetic progress and support breed associations and livestock management globally.","['AgTech', 'Software Services', 'Genetic Evaluation', 'Breed Registry', 'Herd Management', 'Livestock Technology', 'Agricultural Solutions', 'Animal Breeding', 'Data Management', 'Global Agriculture']",True,True,True,high,"Summary and keywords accurately describe the company's AgTech services and technology solutions, with specific examples of their products.",False
worldviewlogistics.com,Worldview Shipping & Logistics Pvt Ltd,India,Company,63,"Worldview Shipping & Logistics Pvt Ltd is a logistics service provider with over 9 years of experience in India. They offer comprehensive end-to-end solutions for imports and exports, specializing in freight forwarding services. Their core offerings include air freight, ocean freight, customs brokerage, door-to-door delivery, land and rail transportation, project handling, and warehousing, aiming to provide quality, service, reliability, competitive pricing, and convenience.","['freight forwarding', 'logistics', 'import', 'export', 'air freight', 'ocean freight', 'customs brokerage', 'door to door delivery', 'warehousing', 'transportation']",True,True,True,high,"Summary and keywords are detailed, specific, and coherent with the company's industry and services.",False
nextore.hr,Nextore,Croatia,Company,65,"Nextore is a B2B software solution designed for wholesalers and distributors, offering a comprehensive platform to manage the entire trading process from promotion and sales to ordering and distribution. It comprises desktop, mobile, cloud, and web applications to streamline operations, enhance customer relationships, and optimize inventory and logistics. The solution aims to increase efficiency, reduce costs, and expand market reach for businesses of all sizes.","['B2B distribution', 'Wholesale software', 'ERP integration', 'Inventory management', 'Order processing', 'Sales automation', 'Logistics optimization', 'Customer relationship management', 'B2B e-commerce', 'Supply chain management']",True,True,True,high,"Summary and keywords accurately describe a specific B2B software solution, with no signs of generic boilerplate or unrelated content.",False
uft.com.tr,U.F.T. Uluslararası Furkan Taşımacılık Ltd. Şti.,Turkey,Company,59,"U.F.T. Uluslararası Furkan Taşımacılık Ltd. Şti. is a logistics company with over 20 years of experience, specializing in road transportation, including international and domestic services. They emphasize timely and secure delivery, utilizing a strong fleet, experienced personnel, and advanced tracking systems. The company also highlights its comprehensive CMR insurance and commitment to providing cost-effective solutions in the transportation sector.","['logistics', 'transportation', 'road freight', 'international shipping', 'domestic shipping', 'supply chain', 'freight forwarding', 'cargo', 'delivery services', 'fleet management']",True,True,True,high,"Summary and keywords accurately describe the company's services, industry, and expertise without showing signs of generic boilerplate or unrelated content.",False
hystaxfirm.com,HYS Tax & Accounting Firm,United States,Company,59,"HYS Tax & Accounting Firm is a nationwide tax and accounting firm specializing in tax preparation, planning, and resolution services for individuals and businesses. They offer strategic tax reduction, IRS representation, bookkeeping, payroll, and business advisory services. The firm focuses on implementing legal tax strategies to minimize tax liability and provide clients with peace of mind regarding IRS matters.","['tax preparation', 'tax planning', 'tax resolution', 'IRS representation', 'accounting', 'bookkeeping', 'payroll', 'business advisory', 'tax reduction', 'financial services']",True,True,True,high,"Summary and keywords are specific, coherent, and accurately describe the services offered by HYS Tax & Accounting Firm.",False
thecomputermechanicinc.com,The Computer Mechanic,United States,Company,46,"The Computer Mechanic offers comprehensive IT consulting services aimed at maximizing business efficiency through technology. They specialize in network design, cloud computing, and cybersecurity, with a mission to help businesses of all sizes achieve their full potential. The company emphasizes technical expertise and exceptional customer service.","['IT consulting', 'network design', 'cloud computing', 'cybersecurity', 'business efficiency', 'technology solutions', 'IT infrastructure', 'operations optimization', 'expert IT services', 'customer service']",True,True,True,high,"Summary and keywords are specific, coherent, and accurately describe the company's services",False
bandsenterprises.com,B&S Enterprises,United States,Company,43,"B&S Enterprises is a producer and supplier of precision aerospace machined parts and assemblies, celebrating 25 years in business. They are known for high quality and on-time delivery, serving the aerospace industry. The company aims to provide reliable manufacturing solutions for its clients.","['aerospace', 'machined parts', 'assemblies', 'precision manufacturing', 'supplier', 'quality', 'on-time delivery', 'manufacturing', 'aerospace components', 'industrial parts']",True,True,True,high,"Summary and keywords accurately describe the company's industry, products, and services with specific details.",False
netnutz.co.uk,NetNutz Digital Ltd,United Kingdom,Company,65,"NetNutz Digital Ltd is a full-service digital agency specializing in web design, development, e-commerce solutions, marketing, and branding. They focus on creating custom websites that align with clients' strategic business objectives, offering services like creative web design, custom software development, web maintenance, and hosting. The company aims to provide value and a return on investment for startups, SMEs, and larger businesses across various UK industries.","['web design', 'digital agency', 'e-commerce', 'web development', 'marketing', 'branding', 'SEO', 'hosting', 'responsive design', 'custom software']",True,True,True,high,"Summary and keywords accurately describe the services offered by NetNutz Digital Ltd, with no signs of generic boilerplate or unrelated content.",False
mazaroth.com,"MAZAROTH IT SOLUTIONS, INC.",United States,Company,68,"Mazaroth IT Solutions, Inc. is a Managed Service Provider specializing in secure remote workforce IT management for small to mid-sized businesses in the US and Canada. They offer proactive IT solutions, cybersecurity, cloud computing, network security, remote workforce strategies, and email protection. Their mission is to provide secure business technology strategies and ensure network security for businesses operating with mixed on-premise and cloud environments, including macOS and Windows.","['Managed Service Provider', 'IT Management', 'Cybersecurity', 'Remote Workforce', 'Cloud Computing', 'Network Security', 'IT Solutions', 'Small Business IT', 'Data Backup', 'Disaster Recovery']",True,True,True,high,"Summary and keywords are specific, coherent, and accurately describe the company's services and mission.",False
profel.eco,Agro,Brazil,Company,47,"This entity appears to be a company focused on agricultural technology and precision farming solutions. They offer application technology, precision machinery, and climate data services, along with consulting, repairs, and technical support. Their mission seems to be enhancing agricultural productivity through ecotechnology, emphasizing technology, productivity, and ecology.","['Agricultural Technology', 'Precision Farming', 'Climate Data', 'Agricultural Machinery', 'Consulting', 'Technical Support', 'Ecototechnology', 'Productivity', 'Sustainability', 'Agro']",True,True,True,high,"Summary and keywords accurately describe the company's focus on agricultural technology and precision farming, with no signs of generic boilerplate or unrelated content.",False
digitalwasabi.dk,Digital Wasabi,Denmark,Company,59,"Digital Wasabi is a B2B SaaS growth partner that specializes in amplifying qualified leads, accelerating deal closures, and reducing customer churn. They offer digital marketing services and HubSpot assistance, aiming to ensure scalable and predictable growth for their clients. The company focuses on providing battle-tested knowledge and superior marketing results to help B2B SaaS companies achieve their growth potential.","['B2B SaaS', 'Growth Partner', 'Digital Marketing', 'HubSpot', 'Lead Generation', 'Customer Churn', 'SaaS Marketing', 'Inbound Marketing', 'Sales Funnel', 'Conversion Optimization']",True,True,True,high,"Summary and keywords are highly specific and coherent, describing a clear business model and services offered by Digital Wasabi.",False
netping.ru,ООО “Алентис Электроникс”,Russia,Company,66,"ООО “Алентис Электроникс” specializes in the development and sale of monitoring devices for server rooms and remote power management solutions under the NetPing brand. Their products enable continuous monitoring of environmental conditions and remote control of power supply for IT equipment, aiming to prevent downtime, extend equipment lifespan, and reduce operational costs. The company serves businesses with IT infrastructure, system administrators, service companies, and system integrators.","['server room monitoring', 'remote power management', 'IT infrastructure', 'environmental monitoring', 'IP PDU', 'network monitoring', 'system administration', 'telecom', 'automation', 'NetPing']",True,True,True,high,"Summary and keywords accurately describe the company's products and services, with specific details about their offerings and target market.",False
govpartsllc.com,GovParts LLC,United States,Company,61,"GovParts LLC is a manufacturing facility specializing in metal defense components and Made-To-Print (MTP) items for the federal marketplace. They offer a wide range of capabilities including metalworking, custom wire rope and lanyard assemblies, and webbing strap assemblies. The company emphasizes supporting the warfighter and has a history of over 2000 successful contracts delivered, holding a DCMA Higher Level Quality Certification.","['Defense Manufacturing', 'Metal Components', 'Made To Print', 'Federal Marketplace', 'Wire Rope Assemblies', 'Webbing Strap Assemblies', 'Contract Manufacturing', 'Defense Industry', 'Quality Certification', 'Government Contracts']",True,True,True,high,"Summary and keywords accurately describe the company's specific products, services, and industry, with no signs of generic boilerplate or unrelated content.",False
fruechte-reich.de,Staiger GmbH,Germany,Company,64,"Staiger GmbH is a food service partner and wholesale distributor specializing in fresh produce, convenience products, and regional specialties from Baden-Württemberg. They offer a wide range of over 5,000 items, including organic and bio-certified products, serving the food industry with daily order picking and next-day delivery. The company emphasizes regional sourcing, quality, and customer service, providing a comprehensive solution for restaurants and food processors.","['Foodservice', 'Wholesale', 'Fresh Produce', 'Convenience Products', 'Regional Products', 'Organic', 'Bio-certified', 'Baden-Württemberg', 'Food Distribution', 'Gastronomy']",True,True,True,high,"Summary and keywords are specific, coherent, and accurately describe the business activities of Staiger GmbH.",False
topconsokkia.eu,Topcon,Belgium,Company,55,"Topcon is a global company that designs, manufactures, and distributes precision measurement and positioning equipment and software. They serve the infrastructure and agriculture industries with solutions for earthmoving, paving, surveying, crop production, and feed management. Their technology aims to streamline work, boost efficiency, and deliver accurate real-world results through advanced hardware and integrated software platforms.","['Precision technology', 'Positioning equipment', 'Infrastructure', 'Agriculture', 'Surveying', 'Machine control', 'GNSS', 'Software solutions', 'Data capture', 'Construction technology']",True,True,True,high,"Summary and keywords accurately describe the company's products and services, with no signs of generic boilerplate or unrelated content.",False
fruitiere-energies.fr,La Fruitière à Énergies,France,Company,55,"La Fruitière à Énergies is a cooperative company focused on citizen-led renewable energy production, primarily solar photovoltaic. They offer services including project pre-studies, consulting, and community engagement for energy transition projects. The company aims to secure local renewable energy initiatives by involving residents as shareholders and facilitating the development of solar farms on various surfaces.","['renewable energy', 'solar photovoltaic', 'citizen energy', 'energy production', 'consulting', 'community engagement', 'energy transition', 'cooperative', 'project development', 'sustainable energy']",True,True,True,high,"Summary and keywords accurately describe the company's focus on renewable energy production, community engagement, and cooperative ownership.",False
focus2020.co.uk,Focus2020,United Kingdom,Company,63,"Focus2020 is a specialist Customer Relationship Management (CRM) consultancy that provides tailored CRM strategy, implementation, and data management services. They help businesses across various industries, including IT, professional services, travel, publishing, and property management, to acquire, develop, and retain customers. With over 15 years of expertise, Focus2020 aims to build a 'raving fan base' for their clients by optimizing CRM systems and processes.","['CRM consultancy', 'Customer Relationship Management', 'Data Management', 'Marketing Automation', 'Customer Insight', 'CRM Strategy', 'B2B', 'B2C', 'Business Objectives', 'Client Retention']",True,True,True,high,"Summary and keywords are specific, coherent, and accurately describe the business's services and industry.",False
measuretoimprovellc.com,Measure to Improve (MTI),United States,Company,57,"Measure to Improve (MTI) is a consulting firm specializing in sustainability solutions for the fresh produce industry. They offer services such as sustainability strategy development, compliance support, certification guidance, regenerative agriculture practices, and zero-waste programs. MTI aims to help growers, shippers, and processors build credible sustainability programs that meet buyer demands, reduce risk, and deliver measurable results.","['sustainability consulting', 'fresh produce industry', 'regenerative agriculture', 'zero waste', 'sustainability strategy', 'compliance', 'certification support', 'supply chain', 'agriculture', 'environmental consulting']",True,True,True,high,"Summary and keywords are specific to the fresh produce industry and align with each other, indicating a high level of trustworthiness.",False
life-automotive.com,The Data Lodge,United States,Company,53,"The Data Lodge is a company specializing in data analytics and business intelligence solutions. They offer services such as data warehousing, data mining, predictive modeling, and custom dashboard development to help businesses gain actionable insights from their data. Their mission is to empower organizations to make data-driven decisions for improved performance and growth.","['data analytics', 'business intelligence', 'data warehousing', 'data mining', 'predictive modeling', 'dashboard development', 'data strategy', 'big data', 'consulting', 'data solutions']",True,True,True,high,"Summary and keywords are specific, coherent, and accurately describe the company's services and mission.",False
orbenergy.com,Orb Energy,India,Company,61,"Orb Energy is a leading Indian provider of solar energy solutions, specializing in rooftop and ground-mounted solar PV systems, as well as solar water heating. They serve commercial, industrial, and residential customers, and are vertically integrated as a solar panel manufacturer. Orb Energy also offers unique collateral-free solar finance options for commercial and industrial clients to facilitate adoption and immediate savings.","['Solar Energy', 'Rooftop Solar', 'Solar PV Systems', 'Solar Water Heating', 'Solar Finance', 'Commercial Solar', 'Residential Solar', 'Solar Panel Manufacturing', 'Renewable Energy', 'Energy Solutions']",True,True,True,high,"Summary and keywords accurately describe the company's solar energy solutions, manufacturing capabilities, and financing options.",False
itmoves.co.uk,IT Moves,United Kingdom,Company,53,"IT Moves is a consultancy specializing in data center and cloud migration. With 20 years of experience, they provide leadership and structured approaches for data center infrastructure design and fit-out. They also coordinate the discovery, migration, and rationalization of applications, servers, software, and business services to cloud solutions or between data center locations.","['Data center migration', 'Cloud migration', 'IT consultancy', 'Project management', 'Infrastructure design', 'Application rationalization', 'Server migration', 'Business services', 'IT strategy', 'Cloud solutions']",True,True,True,high,"Summary and keywords are specific, coherent, and accurately describe the company's services.",False
thm.com.pl,EUROMASZ FOOD Sp. z o.o.,Poland,Company,72,"EUROMASZ FOOD Sp. z o.o. is a company specializing in the food processing industry, offering solutions for meat, vegetable, and pierogi production, as well as apple chip creation and storage facilities. They also provide equipment and services related to farms, slaughterhouses (for pigs, cattle, and chickens), and feed mills. The company emphasizes trust, flexibility, and innovative approaches to production, aiming to deliver high-quality equipment and services to its clients across various sectors.","['food processing', 'meat processing', 'vegetable processing', 'pierogi production', 'apple chips', 'slaughterhouse', 'feed mill', 'storage', 'food equipment', 'food industry']",True,True,True,high,"Summary and keywords accurately describe the company's activities in detail, with no signs of generic boilerplate or unrelated content.",False
bdc.is,Borealis Data Center ehf.,Iceland,Company,40,"Borealis Data Center offers colocation and AI/HPC services, emphasizing sustainability and efficiency. They provide secure, strategic data center locations powered by 100% renewable energy, aiming to support high-performance computing needs. The company focuses on cost-effectiveness, diverse connectivity, and certified operations.","['Data Center', 'Colocation', 'AI', 'HPC', 'Sustainability', 'Renewable Energy', 'High-Performance Computing', 'IT Infrastructure', 'Data Center Services', 'Cloud Computing']",True,True,True,high,"Summary and keywords accurately describe the company's services, industry, and values without showing signs of generic boilerplate or unrelated content.",False
janago.si,JANAGO DISTRIBUTION d.o.o.,Slovenia,Company,63,"JANAGO DISTRIBUTION d.o.o. is an e-commerce company specializing in the distribution of energy drinks, particularly the B52 and GFUEL brands. They offer a range of energy drinks, including sugar-free options, as well as shakers and related accessories. The company also provides services for renting and purchasing refrigerators, catering to events, venues, and promotional activities. They emphasize fast delivery, competitive pricing, and customer support.","['energy drinks', 'B52', 'GFUEL', 'sugar-free', 'e-commerce', 'distribution', 'refrigerator rental', 'promotional products', 'beverages', 'wholesale']",True,True,True,high,"Summary and keywords accurately describe the company's products and services, with specific brand names mentioned.",False
windparkservice.eu,WINDPARKSERVICE GmbH,Germany,Company,44,"WINDPARKSERVICE GmbH is a company specializing in the maintenance and service of wind turbines. They offer qualified maintenance and service to secure investments and ensure the smooth operation of wind energy facilities through efficient procedures and technologies. The company is based in Neubrandenburg, Germany.","['wind turbine maintenance', 'wind park service', 'technical support', 'renewable energy', 'facility operation', 'investment security', 'service provider', 'energy sector', 'Germany', 'GmbH']",True,True,True,high,"Summary and keywords accurately describe the company's services and industry, with specific details about wind turbine maintenance and operation.",False
tcsconsultants.co.uk,TCS Consultants Limited,United Kingdom,Company,53,"TCS Consultants Limited is a global consultancy firm specializing in supply chain expertise since 2004. They focus on delivering quality projects with an emphasis on optimization, waste reduction, and environmental impact. The company aims to achieve balanced and effective outcomes for all stakeholders, positioning itself as a market leader working with global brands.","['Supply Chain Consultancy', 'Global Services', 'Optimization', 'Waste Reduction', 'Environmental Impact', 'Logistics', 'Consulting', 'Supply Chain Management', 'Project Delivery', 'Business Partners']",True,True,True,high,"Summary and keywords are specific, coherent, and accurately describe the company's services and expertise.",False
tributary-farm.com,Tributary Farm,United States,Company,68,"Tributary Farm is an organic farm located in High Falls, NY, specializing in the cultivation of vegetables, small fruits, and honey. The farm operates on principles of the triple bottom line, prioritizing soil and ecosystem health, a strong client and team base, and financial viability. Serving a 350-member summer CSA, a 200-member winter CSA, wholesale accounts, and food pantries, Tributary Farm is entering its seventh season of operation.","['organic farming', 'vegetables', 'small fruits', 'honey', 'CSA', 'sustainable agriculture', 'triple bottom line', 'local food', 'farm', 'agroecology']",True,True,True,high,"Summary and keywords are specific, coherent, and accurately describe the business's activities and values.",False
togetherdata.com,Data Science House,Poland,Company,57,"Data Science House specializes in developing AI-driven solutions using machine learning and neural networks to optimize business processes, increase revenue, and reduce costs. Their services include data science audits, consulting, and end-to-end project implementation, focusing on areas like robo-investing, automated recruitment platforms, and integrated CRM/CMS systems. They aim to empower businesses with advanced data intelligence and automation.","['AI solutions', 'Machine Learning', 'Neural Networks', 'Data Science', 'Business Optimization', 'Robo-investing', 'Automated Recruitment', 'CRM', 'Data Intelligence', 'Consulting']",True,True,True,high,"Summary and keywords are specific, coherent, and accurately describe the company's services and expertise.",False
