query_id,query,domain,name,organization_type,country,summary,kerem_manav_label,marmee_label,gemini_label,sonnet5_label,llm_label,llm_agreement
1,software companies,suda3000.net.cn,厦门速达软件有限公司,Company,China,"Xiamen Suda Software Co., Ltd. is a software company specializing in the development and distribution of enterprise management software. Their product portfolio includes integrated solutions for inventory, finance, ERP, and project management, offered in various deployment options such as cloud, PC, and APP. The company aims to provide comprehensive business management tools to enhance operational efficiency for businesses.",2,2,2,2,2.0,unanimous
1,software companies,hanyingsh.com,上海翰盈信息技术有限公司,Company,China,"Shanghai Hanying Information Technology Co., Ltd. is a software company specializing in enterprise informatization construction and services. They offer software development, sales, consulting, implementation, technical maintenance, and custom development. The company focuses on providing high-quality software systems and consulting services, aiming to create value for clients and become a leading brand in enterprise management software.",2,2,2,2,2.0,unanimous
1,software companies,grasp.com.cn,成都任我行软件股份有限公司,Company,China,"Chengdu Renwoxing Software Co., Ltd. is a software company specializing in enterprise management solutions. Their product suite includes inventory management, financial management, ERP systems, and CRM solutions, catering to various business needs from small retail to intelligent manufacturing. The company aims to provide efficient and intelligent software to help businesses grow and operate more effectively.",2,2,2,2,2.0,unanimous
1,software companies,ecaisoft.com,东莞市一彩软件有限公司,Company,China,"Dongguan Yicai Software Co., Ltd. is a software company established in 2009, specializing in the development, sales, and service of enterprise management software. They offer a range of products including inventory management, warehousing, delivery note printing, and HR systems, serving over 10,000 small and medium-sized enterprises across China. Their mission is to provide informatization services to businesses, enhancing their operational efficiency.",2,2,2,2,2.0,unanimous
1,software companies,sxyerp.com,东莞市数星软件科技有限公司,Company,China,"Dongguan Shuxing Software Technology Co., Ltd. is a software company specializing in the development and sales of ERP and inventory management systems. Their product line includes various versions of S2, S3, S6, and S9 ERP software, as well as the S10 intelligent factory platform, catering to industries such as machinery, hardware, plastics, electronics, and automotive parts. They aim to provide comprehensive management solutions for manufacturing enterprises.",2,2,2,2,2.0,unanimous
1,software companies,adaline.com.vn,Adaline,Company,Vietnam,"Adaline is a software company that provides management and sales software solutions designed for various industries. Their offerings include inventory management, sales tracking, and reporting features, with a focus on simplicity, ease of use, and cost-effectiveness. The company aims to support businesses, particularly small and medium-sized enterprises, in streamlining their operations and improving efficiency through customizable software tailored to specific industry needs.",2,2,2,2,2.0,unanimous
1,software companies,xsfrj.com,宝鸡鑫四方软件有限公司,Company,China,"Baoji Xinsifang Software Co., Ltd. is a software company specializing in enterprise digital transformation solutions. They offer a range of products including enterprise-level PaaS platforms, ERP systems for large and small businesses, and industry-specific solutions for manufacturing, finance, and more. The company provides services such as electronic procurement, financial shared services, human resources, and treasury management, aiming to empower Chinese enterprises for high-quality development.",1,2,2,2,2.0,unanimous
1,software companies,softwaremerchant.com,Software Merchant Inc.,Company,United States,"Software Merchant Inc. is a leading IT consulting and staffing firm specializing in mobile technology solutions across Apple platforms, including iOS and Android. With over 20 years of experience, they offer mobile app development, consulting, staffing, and integration of AR/AI technologies. They cater to Fortune 500 companies and growing businesses, focusing on delivering quality, client-driven mobile applications and digital commerce solutions.",1,2,2,2,2.0,unanimous
1,software companies,visualk.com,Visual K Software Empresarial,Company,United States,"Visual K Software Empresarial is a software company specializing in enterprise solutions, including EAM, ERP, CPM, SCM, FMS, CRM, PLM, and HR software. They focus on optimizing client productivity and efficiency through their software and services like integrations, implementation, and advanced support. With 20 years of experience, they serve a global clientele across 10 countries.",2,2,2,2,2.0,unanimous
1,software companies,eurowin.com,Sage,Company,Spain,"Sage is a global company that provides business management software solutions, primarily focusing on accounting, ERP, payroll, and HR for small and medium-sized businesses. Their cloud-based and desktop software offerings aim to streamline operations, improve financial management, and enhance productivity. Sage also integrates AI features into its products to offer advanced insights and automation for businesses.",2,2,2,2,2.0,unanimous
1,software companies,jawa-software.com,JAWA SOFTWARE Inc.,Company,India,"JAWA SOFTWARE Inc. is a global leader in software and internet solutions, specializing in the development and integration of strategic business applications. They offer a comprehensive suite of ERP systems, including financial accounting, sales and distribution, HRMS, and point-of-sale solutions, designed to enhance productivity and profitability for clients. The company emphasizes providing best-in-class applications with high-caliber service and support, aiming for total customer satisfaction and maximizing client ROI.",2,2,2,2,2.0,unanimous
1,software companies,farmsoft.com,Farmsoft,Company,United States,"Farmsoft is a software company specializing in farm management solutions. They offer a comprehensive suite of tools designed to help agricultural businesses optimize operations, improve traceability, and enhance profitability. Their software covers areas such as crop planning, inventory management, labor tracking, and compliance, catering to a wide range of agricultural producers.",2,1,2,2,2.0,unanimous
1,software companies,softmint.net,Softmint LLC,Company,United States,"Softmint LLC is a digital product development company specializing in building next-generation mobile apps, websites, and digital products. They offer a comprehensive suite of services including web and mobile app development, e-commerce solutions, product engineering, CRM solutions, augmented reality integration, custom software development, WordPress & Shopify development, SaaS development, and cloud solutions. The company aims to redefine the digital landscape by providing tailored solutions for businesses of all sizes, from SMEs to enterprises, to enhance their online presence and customer experience.",2,2,2,2,2.0,unanimous
1,software companies,secondstreet.com,"Upland Software, Inc.",Company,United States,"Upland Software, Inc. is a provider of cloud-based enterprise software solutions. They offer a portfolio of products designed to automate business processes, enhance customer engagement, and improve operational efficiency across various industries. Their solutions cover areas such as contact center and customer service, content lifecycle automation, digital marketing, IT and supply chain management, knowledge management, project management, and sales productivity.",2,2,2,2,2.0,unanimous
1,software companies,rightanswers.com,"Upland Software, Inc.",Company,United States,"Upland Software provides a suite of cloud-based enterprise software solutions designed to help businesses manage various aspects of their operations. Their offerings span areas such as contact center and customer service, content lifecycle automation, digital and mobile marketing, IT and supply chain management, knowledge management, project management, and sales productivity. Upland aims to empower organizations to improve efficiency, drive revenue, and enhance customer experiences through its integrated platform and AI-powered tools.",2,2,2,2,2.0,unanimous
1,software companies,flysoftinc.com,Flysoft Inc.,Company,United States,"Flysoft Inc. is a global firm offering consulting, technology, and outsourcing solutions. They specialize in application development, business intelligence, big data analytics, ERP, and data warehousing. The company also provides staffing and training services, aiming to deliver innovative and robust end-to-end solutions to enterprises by leveraging cutting-edge technologies.",1,1,2,2,2.0,unanimous
1,software companies,sjzufida.com,用友软件 (Yonyou Software),Company,China,"Yonyou Software is a leading provider of enterprise software and intelligent services, focusing on digital transformation solutions. They offer a comprehensive suite of cloud-native and ecosystem-based products, including ERP, CRM, and specialized industry solutions, powered by cloud computing and AI. Their mission is to drive business and social progress through innovation in information technology, aiming to be a top global enterprise software provider.",1,2,2,2,2.0,unanimous
1,software companies,filebound.com,"Upland Software, Inc.",Company,United States,"Upland Software, Inc. provides enterprise cloud solutions designed to help businesses manage and automate critical business processes. Their product portfolio spans areas such as contact center and customer service, content lifecycle automation, digital marketing, IT and supply chain management, knowledge management, project management, and sales productivity. Upland aims to empower organizations to work more efficiently, improve customer experiences, and drive revenue growth through its integrated suite of software.",2,2,2,2,2.0,unanimous
1,software companies,unit4.nl,Unit4,Company,Netherlands,"Unit4 is a global software company that provides cloud-based enterprise resource planning (ERP), financial planning and analysis (FP&A), human capital management (HCM), and procurement solutions. Their software is designed for service-centric organizations, aiming to streamline processes, enhance employee experience, and drive business growth through AI-powered platforms. Unit4 focuses on delivering value and ROI for finance, HR, and project management teams.",2,2,2,2,2.0,unanimous
1,software companies,wssllp.in,Watave Software Solutions LLP,Company,India,"Watave Software Solutions LLP is a software development company offering cutting-edge solutions in Machine Learning, ERP systems, Quality Assurance, and Engineering Services. They specialize in custom classifiers, text processing, automated regression tests, intelligent servers, and various ERP modules like inventory management and CRM. The company aims to provide high-performance software products and services to multinational clients, enhancing productivity and data analysis.",2,2,2,2,2.0,unanimous
1,software companies,websoft.gr,WebSOFT,Company,Greece,"WebSOFT is a technology company that provides integrated software solutions for various retail sectors, including hospitality, food service, and fuel stations. Their offerings include cloud-based management systems, electronic shelf labels, and automation tools designed to enhance operational efficiency and customer experience. The company focuses on delivering innovative, user-friendly, and reliable software tailored to the specific needs of businesses in the intensive retail market.",2,2,2,2,2.0,unanimous
1,software companies,shivammedisoft.com,NeoSoft,Company,India,"NeoSoft is a technology company specializing in advanced Hospital Management Software (HMS) and AI-powered healthcare solutions. Their flagship product, NeoSoft HMS, aims to simplify hospital operations through intelligent automation, improving efficiency, reducing errors, and enhancing patient care. The company also offers AI assistants for healthcare professionals and financial management tools to optimize hospital revenue and reduce costs.",2,2,2,2,2.0,unanimous
1,software companies,software-bakery.com,Software-Bakery GmbH,Company,Germany,"Software-Bakery GmbH is a software development company based in Bavaria, Germany, specializing in custom individual software solutions. Their primary goal is to support client success by creating applications that provide new opportunities and enable users to achieve desired results efficiently. They focus on web applications, leveraging over 10 years of experience to deliver tailored software that enhances collaboration and accessibility.",2,2,2,2,2.0,unanimous
1,software companies,saleslogix.com,Infor,Company,United States,"Infor is a global leader in providing enterprise software solutions, specializing in cloud-based applications for various industries including distribution, manufacturing, and services. Their offerings encompass Enterprise Resource Planning (ERP), Supply Chain Management (SCM), Human Capital Management (HCM), and Customer Relationship Management (CRM) systems, designed to enhance operational efficiency and drive business growth. Infor focuses on delivering industry-specific cloud suites powered by AI and advanced analytics to help businesses transform their operations.",2,2,2,2,2.0,unanimous
1,software companies,inventorsoft.company,Inventorsoft,Company,United States,"Inventorsoft provides enterprise-scale inventory optimization software with a core focus on maximizing profit. Their solution offers comprehensive financial modeling, demand forecasting, and automated replenishment strategies for retail, distribution, and manufacturing industries. The software aims to help businesses of all sizes improve efficiency, reduce working capital, and increase sales by making data-driven, profit-oriented decisions.",2,2,2,2,2.0,unanimous
1,software companies,agrisoftllc.com,"AgriSoft, LLC",Company,United States,"AgriSoft provides advanced software solutions for the agriculture industry, focusing on data-driven decision-making, precision farming, and sustainable resource management. Their services include precision farming solutions, farm management software, livestock management tools, and AgriTech consultancy. They aim to empower farms and agribusinesses worldwide to optimize operations, boost productivity, and enhance efficiency through cutting-edge technology.",2,1,2,2,2.0,unanimous
1,software companies,saasebc.com,金蝶软件 (Kingdee Software),Company,China,"Kingdee Software is a leading provider of enterprise resource planning (ERP) and cloud-based business management solutions in China. They offer a comprehensive suite of products including Kingdee Cloud Star, Kingdee Cloud Sky, and Kingdee Cloud Cangqiong, catering to small, medium, and large enterprises. Their mission is to help businesses achieve digital transformation and high-value management through digital drivers, covering areas like finance, supply chain, HR, and manufacturing.",2,2,2,2,2.0,unanimous
1,software companies,insoftware.com.au,InSoftware Pty Ltd,Company,Australia,"InSoftware Pty Ltd provides custom enterprise software applications and technology solutions designed to support real-time business decisions. They specialize in cloud-based systems, offering custom solutions with a 99.9% SLA for guaranteed uptime and rapid deployment processes. The company focuses on data intelligence and real-time performance to help businesses across various industries make better-informed management decisions.",2,2,2,2,2.0,unanimous
1,software companies,processproerp.com,Aptean,Company,United States,"Aptean is a global provider of mission-critical enterprise software solutions tailored to specific industry needs. They offer a range of products including ERP, TMS, PLM, and EAM systems designed to help businesses manage operations and prepare for future challenges. With a significant customer base and high support satisfaction, Aptean focuses on delivering industry-specific software to diverse markets.",2,2,2,2,2.0,unanimous
1,software companies,southware.com,Aptean,Company,United States,"Aptean is a global provider of mission-critical enterprise software solutions tailored to specific industry needs. They offer a range of products including ERP, TMS, PLM, and EAM systems designed to help businesses manage operations and prepare for future challenges. With a significant customer base and high support satisfaction, Aptean focuses on delivering industry-specific software to diverse markets.",2,2,2,2,2.0,unanimous
1,software companies,apsglobal.co.uk,IRIS Software Group,Company,United Kingdom,"IRIS Software Group is a leading provider of accountancy, HR, and payroll software and services for businesses and educational institutions. They offer integrated cloud solutions, practice management tools, and outsourced services to streamline operations and ensure compliance. Their mission is to simplify complexity for their customers, enabling them to focus on growth and core business functions.",1,2,2,2,2.0,unanimous
1,software companies,beckconsulting.com,Aptean,Company,United States,"Aptean is a global provider of mission-critical enterprise software solutions tailored to specific industry needs. They offer a range of products including ERP, TMS, PLM, and EAM systems designed to help businesses manage operations and prepare for future challenges. With a significant customer base and high support satisfaction, Aptean focuses on delivering industry-specific software to diverse markets.",2,2,2,2,2.0,unanimous
1,software companies,salesmantra.com,FSL Software Technologies Ltd.,Company,India,"FSL Software Technologies Ltd. is a software products and services company that has been operating for over 25 years, as part of the 40-year-old FSL group. They offer end-to-end software solutions, primarily focusing on their Sales Mantra CRM product, which aims to optimize sales processes, lead generation, and customer relationship management for various industries. Their mission is to be a global IT company providing value-driven solutions for the new economy.",2,2,2,2,2.0,unanimous
1,software companies,trilobyte.de,Trilobyte Software Engineering GmbH,Company,Germany,"Trilobyte Software Engineering GmbH is a software development company based in Berlin, Germany, with over 10 years of experience since 2006. They specialize in creating custom software solutions using modern technologies and frameworks for small to medium-sized businesses, startups, and large technology firms. Their services include backend development, frontend development, mobile app development (Android and iOS), and DevOps implementation, serving clients nationwide and internationally.",2,2,2,2,2.0,unanimous
1,software companies,arcos-software.de,arcos software solutions GmbH,Company,Germany,"arcos software solutions GmbH is a German company specializing in software solutions. They offer products and services through their online shop, with support available via email and phone. The company is registered in Munich and operates under German commercial law.",2,2,2,2,2.0,unanimous
1,software companies,trilobyte-se.de,Trilobyte Software Engineering GmbH,Company,Germany,"Trilobyte Software Engineering GmbH is a software development company based in Berlin, Germany, with over 10 years of experience since 2006. They specialize in creating custom software solutions using modern technologies and frameworks for small to medium-sized businesses, startups, and large technology firms. Their services include backend development, frontend development, mobile app development (Android and iOS), and DevOps implementation, serving clients nationwide and internationally.",2,2,2,2,2.0,unanimous
1,software companies,faxhozer.co.il,"Upland Software, Inc.",Company,Israel,"Upland Software, Inc. is a provider of cloud-based enterprise software solutions, offering a suite of products designed to automate business processes, enhance customer engagement, and improve operational efficiency. Their offerings span various categories including contact center solutions, content lifecycle automation, digital marketing, IT and supply chain management, knowledge management, project management, and sales productivity tools. Upland aims to help businesses of all sizes optimize their operations and achieve strategic goals through its comprehensive software portfolio.",2,2,2,2,2.0,unanimous
1,software companies,sap.ch,SAP SE,Company,Switzerland,"SAP SE is a multinational software corporation that makes enterprise software to manage business operations and customer relations. The company is known for its enterprise resource planning (ERP) software, which integrates various business functions like finance, HR, manufacturing, and supply chain management. SAP's offerings include cloud ERP, financial management, supply chain management, human capital management, customer experience solutions, and a business technology platform, all increasingly incorporating Artificial Intelligence (AI) to enhance business processes and drive innovation for companies of all sizes.",2,2,2,2,2.0,unanimous
1,software companies,animo-bg.com,Animo Software Ltd,Company,Belgium,"Animo Software Ltd is a Bulgarian company that has been providing digital transformation solutions for over 30 years. They specialize in developing and implementing comprehensive, adaptable software systems for businesses and institutions, focusing on ERP, Warehouse Management Systems (WMS), Fleet Management Systems (FMS), Facility Management Systems, and B2B platforms. Their mission is to act as a reliable partner in driving business success through tailored software solutions that meet modern standards.",2,2,2,2,2.0,unanimous
1,software companies,exerve.com,Aptean,Company,United States,"Aptean is a global provider of mission-critical enterprise software solutions tailored to specific industry needs. They offer a range of products including ERP, TMS, PLM, and EAM systems designed to help businesses manage operations and prepare for future challenges. With a significant customer base and high support satisfaction, Aptean focuses on delivering industry-specific software to diverse markets.",2,2,2,2,2.0,unanimous
1,software companies,swscm.com,"胜维软件有限公司 (Senway Software Co., Ltd.)",Company,China,"Senway Software Co., Ltd. is a company that provides management software solutions, focusing on ERP systems for manufacturing and distribution businesses. Their offerings include modules for procurement, sales, inventory, production planning, financial management, and retail. The company's mission is to drive management value and success for clients by implementing software that standardizes business processes and adapts to evolving needs.",2,2,2,2,2.0,unanimous
1,software companies,empline.com,Empline,Company,United States,"Empline is an enterprise software company that develops solutions to power business innovation. They specialize in building software for various domains, including eCommerce platforms, CRM systems, inventory management, and change monitoring. Their mission is to provide tools that drive modern businesses forward and enable them to operate more efficiently.",2,2,2,2,2.0,unanimous
1,software companies,payglobal.com,MYOB,Company,New Zealand,"MYOB is a software company that provides a range of business management solutions, including accounting, payroll, inventory, and ERP systems. They cater to various business sizes, from sole operators to large enterprises, and offer industry-specific solutions for sectors like manufacturing, construction, and non-profits. MYOB aims to simplify business operations and enhance productivity through its cloud-based and integrated software offerings.",2,2,2,2,2.0,unanimous
1,software companies,greatsoft.com.au,MYOB,Company,Australia,"MYOB is a software company that provides accounting, payroll, and practice management solutions for sole operators, small businesses, medium and large businesses, and accountants. Their offerings include cloud-based software for invoicing, tax management, inventory, and financial reporting, aiming to improve efficiency and profitability for their clients. MYOB also offers ERP software for larger enterprises and a comprehensive partner program for accounting professionals.",2,2,2,2,2.0,unanimous
1,software companies,visioncomm.com,"Software Projects, Inc.",Company,United States,"Software Projects, Inc. (SPI) is a full-service Information Technology consulting firm established in 1987. They offer a wide range of software and hardware solutions tailored to the needs and resources of both small and large, local and international clients. SPI operates as the parent company of VisionComm Software & Services.",1,2,2,2,2.0,unanimous
1,software companies,unit4.fr,Unit4,Company,France,"Unit4 is a global software company specializing in enterprise resource planning (ERP), financial planning and analysis (FP&A), human capital management (HCM), and procurement solutions. They focus on providing cloud-based software designed for service-centric organizations, aiming to simplify processes, improve collaboration, and enhance employee experience through AI-driven platforms. Unit4 serves various sectors including professional services, public sector, and non-profit organizations.",2,2,2,2,2.0,unanimous
1,software companies,starcons.ch,SAP SE,Company,Switzerland,"SAP SE is a multinational software corporation that makes enterprise software to manage business operations and customer relations. The company is known for its enterprise resource planning (ERP) software, which integrates various business functions like finance, HR, manufacturing, and supply chain management. SAP's offerings include cloud ERP, financial management, supply chain management, human capital management, customer experience solutions, and a business technology platform, all increasingly incorporating Artificial Intelligence (AI) to enhance business processes and drive innovation for companies of all sizes.",2,2,2,2,2.0,unanimous
1,software companies,genevasoftware.com,"Geneva Software Company, Inc.",Company,United States,"Geneva Software Company, Inc. specializes in providing the Quantum suite of accounting, distribution, and manufacturing software modules. They focus on integrating Quantum with various external state, county, and corporate solutions to facilitate information flow. Their mission is to help clients maximize technology investments through efficient software use, offering tailored solutions for specific interface and financial reporting needs.",2,2,2,2,2.0,unanimous
1,software companies,handisoft.com.au,The Access Group,Company,Australia,"The Access Group is a software and services company that provides a comprehensive suite of business solutions for various industries, with a strong focus on accounting practices. Their offerings include ERP, CRM, payroll, HR, finance, and recruitment software, alongside professional services and support. The company aims to empower organizations to thrive and grow through integrated and intelligent technology.",2,2,2,2,2.0,unanimous
1,software companies,ascent-soft.ro,Ascent Soft,Company,Romania,"Ascent Soft is a Romanian company with over 20 years of experience in developing business solutions. They offer a suite of integrated software products, including TMS, WMS, Order Management, Inventory Management, CRM, and Accounting & Payroll systems. Their mission is to enhance business competitiveness through innovative software solutions, positioning themselves as experts in adapting to various business challenges.",2,2,2,2,2.0,unanimous
1,software companies,arthur-ashton.com,iMothership,Company,Cyprus,"iMothership is a company that specializes in scaling software businesses, particularly SaaS and eCommerce platforms. They focus on helping businesses build profitable customer service platforms and achieve significant growth, having experience in scaling software businesses to tens of millions in GMV. The company values product-led teams and aims to help clients achieve a loved product, a growing customer base, and a profitable business.",1,2,1,1,1.0,unanimous
1,software companies,upstre.am,Upstream – Agile GmbH,Company,Germany,"Upstream – Agile GmbH is a software development company that has transitioned to focus exclusively on its flagship product, Cobot. Cobot is management software designed for coworking spaces and flexible offices, aiming to streamline operations for these modern workspaces. The company is based in Berlin, Germany, and operates within the software and technology sector.",2,1,2,2,2.0,unanimous
1,software companies,tooner.cn,同尔软件 (Toonersoft),Company,China,"Toonersoft is a software company specializing in Enterprise Resource Planning (ERP) solutions for manufacturing and trading businesses. Their software offers features for real-time order and production tracking, inventory management, automated document generation, financial analysis, and remote access. The company aims to improve operational efficiency and reduce workload for management through its comprehensive system.",2,2,2,2,2.0,unanimous
1,software companies,cial.com.br,SOFTWARES INTELIGENTES,Company,United States,"SOFTWARES INTELIGENTES offers integrated software solutions for accounting, export, management, and commerce. Their core product suite includes modules for accounting routines, export documentation generation (SPED Efd, SPED Fiscal, ECF, etc.), business process management, and commercial operations. The company emphasizes the full integration of its software, providing technical support and solutions for SPED compliance and digital certificates.",2,2,2,2,2.0,unanimous
1,software companies,sunsmart.co.in,SunSmart Technologies,Company,India,"SunSmart is a multinational software corporation specializing in AI-powered, cloud-native enterprise solutions. They offer a range of products including CRM, DMS, HRMS, and asset management systems, alongside consulting services in application development and cloud migration. The company focuses on transforming businesses through intelligent automation, analytics, and scalable technology ecosystems, serving diverse industries globally.",2,2,2,2,2.0,unanimous
1,software companies,bestsoftware.com,Sage,Company,United States,"Sage is a global company that provides accounting, financial, and enterprise resource planning (ERP) software solutions. They offer a range of products tailored for small businesses, mid-sized businesses, and large enterprises, including cloud-based financial management, HR, payroll, and operational tools. Sage aims to help businesses streamline operations, automate tasks, and gain real-time insights to drive growth and profitability.",2,2,2,2,2.0,unanimous
1,software companies,covisa.de,Covisa Software Services GmbH,Company,Germany,"Covisa Software Services GmbH is a German company specializing in the development of AI-powered enterprise software solutions. They focus on high-quality, secure, and compliant software for various sectors including healthcare, public administration, and industry. Their offerings include AI agents, document management systems, and citizen-facing apps, alongside consulting, development, and support services.",2,2,2,2,2.0,unanimous
1,software companies,innuendo.de,Innuendo Software Technology GmbH,Company,Germany,"Innuendo Software Technology GmbH is a company that offers software technology solutions. The website welcomes visitors and encourages them to explore their offerings, suggesting they have a range of products or services available. The company operates within the software and technology sector.",2,2,2,2,2.0,unanimous
1,software companies,shcrwl.com,上海澄软网络科技有限公司,Company,China,"Shanghai Chengruan Network Technology Co., Ltd. is a leading enterprise-level genuine software sales and service platform in China. They provide comprehensive software solutions for businesses, including software products, technical solutions, training, and maintenance services, covering system and security aspects. The company aims to be a world-leading professional provider of enterprise genuine software, leveraging its technical experience and strong partnerships with global software vendors.",1,2,2,2,2.0,unanimous
1,software companies,jbsoft.com.br,JB Software,Company,Brazil,"JB Software is a Brazilian company that develops and provides integrated accounting, fiscal, and business management software solutions. Their core offerings aim to simplify accounting routines and ensure compliance with complex tax and legal regulations. The company serves a wide range of clients, including accounting firms and businesses, by offering innovative tools and dedicated support to enhance efficiency and decision-making.",2,1,2,2,2.0,unanimous
1,software companies,hua-mi.cn,华米软件网 (Huami Software Network),Company,China,"Huami Software Network is a Chinese website that provides rankings and information about enterprise management software. It features lists of ERP, CRM, inventory management, and other business software solutions, along with brand rankings and industry news. The site aims to help businesses find and select appropriate software for their needs.",1,0,1,1,1.0,unanimous
1,software companies,namasoft.com,Namasoft,Company,Egypt,"Namasoft is a software house specializing in developing and supporting software solutions for medium and small enterprises. They offer a comprehensive suite of integrated systems including ERP, financial management, manufacturing, human resources, real estate, hospital management, and project management systems. Their goal is to improve productivity and reduce errors for their clients, enhancing overall customer satisfaction.",2,2,2,2,2.0,unanimous
1,software companies,bridgehead-europe.com,IRIS Software Group,Company,United Kingdom,"IRIS Software Group is a leading provider of accountancy, HR, and payroll software and services for businesses and educational institutions. They offer integrated cloud-based solutions designed to streamline operations, ensure compliance, and improve efficiency. Their mission is to simplify complex business processes through innovative technology and expert support, serving a wide range of industries and company sizes.",1,2,2,2,2.0,unanimous
1,software companies,adiumsoft.hu,AdiumSoft,Company,Hungary,"AdiumSoft is a software development company specializing in creating custom retail solutions and platforms, including their flagship ADS Retail Cloud. They focus on data-driven, scalable, and human-centered technology to improve retail operations, from daily tasks to business analysis. The company offers a comprehensive service portfolio, encompassing system development, localization of foreign systems, enterprise solutions, and hardware support, aiming to build the future of commerce.",2,2,2,2,2.0,unanimous
1,software companies,mizusoft.com.br,Mizusoft,Company,Brazil,"Mizusoft is a software house specializing in developing and customizing business management systems (ERP) for growing companies. They offer comprehensive, accessible, and adaptable software solutions designed to improve business operations, provide strategic insights through Business Intelligence tools, and enhance sales, financial management, inventory control, and logistics. Their services also include IT consulting and mobile applications to support business growth and efficiency.",2,2,2,2,2.0,unanimous
1,software companies,cybertechinfo.com,The CyberTech,Company,India,"The CyberTech is a software solutions provider established in 1992, specializing in ERP and CRM software for a wide range of industries including finance, manufacturing, healthcare, retail, and education. They also offer security solutions such as mobile application security and website security. The company aims to help businesses grow by providing smart software solutions that enhance operations and client acquisition.",2,2,2,2,2.0,unanimous
1,software companies,soft2005.com,广州新页信息科技有限公司,Company,China,"Guangzhou Xinyue Information Technology Co., Ltd. is a software development company specializing in ERP, project management, inventory, warehouse management, human resources, and financial management software. They provide IT solutions for small and medium-sized enterprises and offer customized software development services. The company aims to make enterprise management simpler, more intuitive, and more efficient, having served over 75,000 businesses.",2,2,2,2,2.0,unanimous
1,software companies,xinyeerp.com,广州新页信息科技有限公司,Company,China,"Guangzhou Xinyue Information Technology Co., Ltd. is a software development company specializing in ERP, project management, inventory, warehouse management, human resources, and financial management software. They provide IT solutions for small and medium-sized enterprises and offer customized software development services. The company aims to make enterprise management simpler, more intuitive, and more efficient, having served over 75,000 businesses.",2,2,2,2,2.0,unanimous
1,software companies,stepsoft.de,STEPSOFT GmbH,Company,Germany,"STEPSOFT GmbH is an IT company specializing in ERP software solutions for industrial and trade businesses, as well as modern casinos and gaming establishments. They offer two main products, STEPbasic for general ERP needs and STEPplay for the gaming industry, both built on Microsoft technology for easy integration. The company focuses on providing tailored, flexible, and efficient software solutions to help small and medium-sized enterprises optimize their operations and drive innovation.",2,2,2,2,2.0,unanimous
1,software companies,navitas.com.my,Navitas Software Sdn. Bhd.,Company,Malaysia,"Navitas Software Sdn. Bhd. is a Malaysian software company focused on developing and marketing enterprise systems. They aim to leverage Malaysia's IT talent to create web-based business applications that scale from small to large corporations, transforming business processes for improved performance and ROI. The company builds upon the existing LAN-based applications of Multics Computer Systems (MCS).",2,2,2,2,2.0,unanimous
1,software companies,moviltechnologies.com,Movil Technologies,Company,Canada,"Movil Technologies is a client-focused software development company specializing in mobile app development, web development, and custom software solutions. They aim to help businesses achieve their digital transformation goals by turning client visions into reality. The company offers services including development and consultancy in the software sector.",2,2,2,2,2.0,unanimous
1,software companies,kingdee.hk,东莞市森蝶软件科技有限公司,Company,China,"Dongguan Sendie Software Technology Co., Ltd. is a company specializing in enterprise management software and solutions. They offer a range of products including Kingdee EAS, K/3 Cloud, K/3 WISE, and KIS series, catering to businesses of all sizes from small to large enterprises. Their solutions focus on areas like intelligent manufacturing, omnichannel marketing, financial sharing services, and management accounting, aiming to enhance business operations and digital transformation.",1,2,2,2,2.0,unanimous
1,software companies,starplc.com,IRIS Software Group,Company,United Kingdom,"IRIS Software Group provides integrated accounting, payroll, and HR software and services for accounting firms and businesses. Their offerings include practice management, document management, lease accounting, outsourced accounting, payroll processing, and human capital management solutions. They aim to simplify workflows, improve productivity, and enhance client services for their customers.",2,2,2,2,2.0,unanimous
1,software companies,softwaregb.it,GBsoftware S.p.A.,Company,Italy,"GBsoftware is an Italian software house that develops and provides integrated software solutions for accounting firms, tax advisors, labor consultants, and legal auditors. Their offerings include accounting, billing, payroll, legal review, and business management software, alongside AI-powered tools and extensive training resources. The company emphasizes direct customer relationships, timely support, and web/cloud-based collaborative environments to enhance productivity for professionals and businesses.",2,2,2,2,2.0,unanimous
1,software companies,intersoftsystems.com,"Intersoft Systems, Inc.",Company,United States,"Intersoft Systems, Inc. has been providing accounting and management software solutions since 1982, specializing in ERP systems tailored for various industries including construction, general business, franchises, and public accounting. Their offerings focus on streamlining financial management, job costing, payroll, and CRM, emphasizing flexibility, integration, and ease of reporting. With over 40 years of experience, Intersoft aims to empower businesses by delivering robust, client-centered software solutions.",2,2,2,2,2.0,unanimous
1,software companies,optika.com,Oracle,Company,United States,"Oracle is a multinational technology corporation that specializes in database software and technology, cloud engineered systems, and enterprise software products. The company offers a wide range of products and services, including database management, cloud computing, enterprise resource planning (ERP), human capital management (HCM), and customer relationship management (CRM). Oracle is a major player in the enterprise software market, providing solutions for businesses of all sizes.",2,2,2,2,2.0,unanimous
1,software companies,ksi.ie,KSI Computer Services Limited,Company,Ireland,"KSI Computer Services Limited is a software company specializing in Human Resource Management (HRM) software. They offer solutions designed to streamline HR processes, indicated by their 'Apps' and 'Services' sections. The company operates within the software development and IT services industry, providing tools for businesses to manage their human resources effectively.",2,2,2,2,2.0,unanimous
1,software companies,wizrom.ro,Wizrom Software,Company,Romania,"Wizrom Software is a Romanian company specializing in the development and implementation of integrated business management software solutions. Their core offerings include Enterprise Resource Planning (ERP) systems, Human Resources (HR) platforms, payroll and administration software, and Sales Force Automation (SFA) tools. They aim to provide comprehensive, intelligent ecosystems to optimize operational and strategic processes for businesses across various industries.",2,2,2,2,2.0,unanimous
1,software companies,longyun666.com,镇江隆运软件科技有限公司,Company,China,"Zhenjiang Longyun Software Technology Co., Ltd. is a technology company specializing in providing enterprise management software and consulting services. They offer solutions for workflow optimization, collaborative office environments, and supply chain management, aiming to improve business operations and efficiency for mid-to-high-end enterprises. The company also provides technical support and product registration services.",2,2,2,2,2.0,unanimous
1,software companies,srxp.com,Exact,Company,Netherlands,"Exact is a software company that provides a suite of business management solutions, including accounting, ERP, CRM, and HR software. Their offerings cater to various industries and business sizes, aiming to streamline financial processes, project management, customer relations, and human resources. Exact focuses on data-driven collaboration and innovation to help businesses operate more efficiently and prepare for the future of work.",2,2,2,2,2.0,unanimous
1,software companies,majicsourcesoftware.com.au,majicSource Software,Company,Australia,"majicSource Software is a company that develops and sells software solutions, including majicPOS and majicIO. They also offer consulting and development services to support their products. The company focuses on creating reliable software and provides a platform for users to manage their accounts and orders.",2,1,2,2,2.0,unanimous
1,software companies,bizslate.com,Radixweb,Company,United States,"Radixweb is a software development company specializing in creating custom inventory management solutions. They offer automated software designed to give businesses complete control over inventory, sales channels, and metrics, enabling informed decision-making. Their services aim to streamline purchasing, invoicing, and ensure traceability for various industries.",1,2,2,2,2.0,unanimous
1,software companies,quadrasoft.com.ua,Quadrasoft,Company,Ukraine,"Quadrasoft is a company that develops and provides CRM/HRM software solutions designed to optimize business processes, increase sales, and enhance business development. Their product suite includes modules for sales and geo-marketing, database management, GPS tracking, and analytics dashboards. They serve over 420 client companies and have a significant user base across 20 countries, focusing on improving operational efficiency and data-driven decision-making for their clients.",2,2,2,2,2.0,unanimous
1,software companies,redpandasoftware.com,redPanda Software,Company,United States,"redPanda Software, founded in 2009, specializes in providing retail technology and software delivery solutions. They focus exclusively on serving the retail industry, offering innovative services like mobile development, custom software, cloud development, and enterprise retail platforms. With over 200 years of combined retail experience and a team of 200+ professionals, they aim to deliver future-proof, flexible, integrated, and secure business solutions.",2,2,2,2,2.0,unanimous
1,software companies,centruldesoft.ro,CENTRUL DE SOFT,Company,Romania,"CENTRUL DE SOFT is a Romanian company specializing in providing comprehensive software solutions, particularly ERP systems, tailored to client needs. They offer a range of products including ERP BI, ERP WMS, accounting software, inventory management, payroll, fixed assets, and automotive service programs. With over 15 years of experience, the company focuses on delivering integrated economic solutions and has a strong background in implementing and developing software for the external market.",2,2,2,2,2.0,unanimous
1,software companies,aspl.in,Almighty Software Pvt Ltd,Company,India,"Almighty Software Pvt Ltd (ASPL) is an IT company founded in 2003 that specializes in building and maintaining complex web platforms, enterprise marketplaces, and SaaS products for global clients. With over 22 years of experience, ASPL focuses on delivering robust solutions used by millions worldwide, including automotive marketplaces, aviation platforms, and vacation rental systems. The company emphasizes professional development practices and fosters a stable work environment for its team of over 50 developers.",2,2,2,2,2.0,unanimous
1,software companies,all-we.com.cn,上海翱唯软件有限公司,Company,China,"Shanghai Aowei Software Co., Ltd. specializes in providing enterprise business management software, particularly the ""Guan Jia Po"" series. Their offerings include integrated solutions for sales, inventory, and financial management, catering to various industries like food, hardware, and electronics. The company focuses on empowering small and medium-sized enterprises with digital transformation tools for e-commerce, mobile business, and online ordering.",2,2,2,2,2.0,unanimous
1,software companies,fluxatronsoftec.de,fluxatron softec GmbH,Company,Germany,"fluxatron softec GmbH is a German company specializing in software solutions, particularly EESYPACT™, which integrates with Microsoft Dynamics 365 for Finance and Operations. Their offerings focus on enabling ""Business Process 4.0"" by providing tools for executing customized contracts, intuitive workflows, and secure data management with a user-friendly interface across devices. The company aims to give clients full control and insights into their business operations.",2,2,2,2,2.0,unanimous
1,software companies,fluxatron.com,fluxatron softec GmbH,Company,Germany,"fluxatron softec GmbH is a German company specializing in software solutions, particularly EESYPACT™, which integrates with Microsoft Dynamics 365 for Finance and Operations. Their offerings focus on enabling ""Business Process 4.0"" by providing tools for executing customized contracts, intuitive workflows, and secure data management with a user-friendly interface across devices. The company aims to give clients full control and insights into their business operations.",2,1,2,2,2.0,unanimous
1,software companies,myact.net,Sage,Company,United States,"Sage is a global company that provides accounting, financial, and enterprise resource planning (ERP) software solutions. They offer a range of products tailored for small businesses, mid-sized businesses, and large enterprises, including cloud-based financial management, HR, payroll, and operational tools. Sage aims to help businesses streamline operations, automate tasks, and gain real-time insights to drive growth and profitability.",2,2,2,2,2.0,unanimous
1,software companies,marosoft.ma,MAROSOFT SARL,Company,Morocco,"MAROSOFT SARL is a company that provides accounting and payroll management software solutions. Their offerings include integrated accounting, tax declaration tools, fixed asset management, and invoicing systems. They also offer stock management and sales reporting features, with a focus on simplifying fiscal and administrative processes for businesses.",2,2,2,2,2.0,unanimous
1,software companies,riiqo.com,Big Software,Company,United States,"Big Software offers a comprehensive customer management system designed for small businesses. Their platform provides tools for appointment scheduling, customer tracking, live chat, messaging, and data analytics with visual charts. It also includes cloud storage for business documents and integrates with Google Drive and Google Calendar to streamline operations and enhance efficiency.",2,1,2,2,2.0,unanimous
1,software companies,finago.fi,Finago,Company,Finland,"Finago is a technology company that develops and provides software solutions for businesses, focusing on streamlining financial, HR, and business operations. Their offerings include accounting software (Procountor, Procountor Solo), payroll, project management, and contract management tools. The company aims to simplify business administration, allowing clients to focus on core activities by automating routine tasks and providing clear insights into business performance.",2,2,2,2,2.0,unanimous
1,software companies,jiuyuesoft.com,Jiuyue Soft,Company,China,"Jiuyue Soft is a software development company specializing in enterprise resource planning (ERP) solutions. They offer a range of products designed to streamline business operations, including financial management, human resources, and supply chain management. The company aims to provide efficient and integrated software to help businesses optimize their performance and achieve growth.",2,2,2,2,2.0,unanimous
1,software companies,proware-cpa.com,"PRO-WARE, LLC",Company,United States,"PRO-WARE is a software company established in 1985 that specializes in developing and supporting software solutions for professional accountants. Their product line includes fixed asset management, financial statement preparation, and tax reporting software, with over 15,000 companies utilizing their offerings. They provide free unlimited technical support and updates, and offer a 30-day free trial for all their programs.",2,2,2,2,2.0,unanimous
1,software companies,rampgroup.com,Digitally transform your business.,Company,United States,"This organization specializes in digital transformation for businesses, focusing on improving customer experience, controlling costs, and enabling data-driven decisions. They build enterprise software for Fortune companies, leverage advanced data analysis for business insights, and emphasize design-led software development to drive revenue. Their services cover strategy, design, implementation, and operations, including cloud migrations and application development.",1,2,2,2,2.0,unanimous
1,software companies,tbsw.com,"True Blue Software, LLC.",Company,United States,"True Blue Software, LLC. is a company that provides payroll processing software and related support services. They offer software updates and technical assistance to their users, particularly around holiday periods. The company's primary focus is on ensuring clients can process payroll efficiently and receive timely support.",2,2,2,2,2.0,unanimous
1,software companies,cloud-ready-software.com,Cloud Ready Software GmbH,Company,Germany,"Cloud Ready Software GmbH is a company that specializes in helping businesses transition to and leverage cloud technologies, particularly Microsoft's ecosystem. They offer services to transform business ideas into apps, migrate traditional solutions to the cloud, and enhance development teams' skills in cutting-edge technologies. Their expertise spans app development, Power Platform integration (PowerBI, Power Apps, Microsoft Flow), Azure services (AI, IoT, Cognitive Services), and cloud-focused marketing strategies.",1,2,2,2,2.0,unanimous
1,software companies,saxoninfotech.com,Saxon Infotech,Company,United States,"Saxon Infotech is an IT consulting and software solutions company that designs and develops innovative business solutions. They specialize in customized application development, software product development, web and mobile application development, and cloud-based software development. The company focuses on providing high-quality, process-driven, end-to-end enterprise software solutions to help clients achieve a strategic and competitive advantage.",1,2,2,2,2.0,unanimous
1,software companies,indigo-group.co.uk,IRIS Software Group,Company,United Kingdom,"IRIS Software Group is a leading provider of mission-critical software and services for businesses and organizations. They offer a comprehensive suite of solutions for accountancy, HR, payroll, and education management, designed to simplify complex tasks, automate repetitive processes, and ensure compliance. Their offerings cater to a wide range of clients, from small businesses and accountancy practices to large enterprises and educational institutions, aiming to improve productivity, efficiency, and engagement.",2,2,2,2,2.0,unanimous
92,wealth management firms,balentine.com,Balentine,Company,United States,"Balentine is a wealth management firm offering a holistic, solutions-focused approach to financial planning, legacy planning, investments, business advisory, and family office services. They cater to individuals, families, and institutions, aiming to simplify complex financial situations and secure wealth for future generations. The firm emphasizes personalized partnerships, entrepreneurial spirit, and wealth preservation, backed by decades of experience and a high client retention rate.",2,2,2,2,2.0,unanimous
92,wealth management firms,taylormoney.com,Taylor Money,Company,United Kingdom,"Taylor Money is a boutique, family-owned wealth management firm with over 35 years of experience serving high-net-worth clients. They offer bespoke wealth planning and investment management services, focusing on tax-efficient strategies and personalized financial plans. The firm works with individuals and families who have investable assets exceeding £1 million or are rapidly accumulating capital, including business owners, professionals, and multi-generational families.",2,2,2,2,2.0,unanimous
92,wealth management firms,dividendwealthadvisors.com,Dividend Wealth Advisors,Company,United States,"Dividend Wealth Advisors is a boutique wealth management firm specializing in creating and managing stock portfolios focused on rising dividends. They aim to provide clients with peace of mind through increasing income streams while still achieving stock market performance. The firm serves a diverse clientele, including young families and those nearing or in retirement, with a minimum asset requirement of $750,000.",2,2,2,2,2.0,unanimous
92,wealth management firms,avaloncapital.com,Avalon Capital Management,Company,United States,"Avalon Capital Management is an independent, boutique wealth management firm that provides individualized guidance and investment strategies. They focus on protecting client assets and capturing market upside, serving professionals, executives, entrepreneurs, inheritors, creatives, and educators. The firm manages over $500 million in client assets and aims to be a trusted partner in helping clients define and pursue their financial goals.",2,2,2,2,2.0,unanimous
92,wealth management firms,miraclemileadvisors.com,Composition Wealth,Company,United States,"Composition Wealth is a registered investment advisory firm that provides wealth management services. They focus on creating personalized financial strategies by combining a data-driven approach with expert guidance. The firm acts as a fiduciary, prioritizing client interests and offering services in investments, taxes, financial planning, estate planning, and philanthropic planning.",2,2,2,2,2.0,unanimous
92,wealth management firms,caplanfinancialgroup.com,Composition Wealth,Company,United States,"Composition Wealth is a registered investment advisory firm that provides wealth management services. They focus on creating personalized financial strategies by combining a data-driven approach with expert guidance. The firm acts as a fiduciary, prioritizing client interests and offering services in investments, taxes, financial planning, estate planning, and philanthropic planning.",2,2,2,2,2.0,unanimous
92,wealth management firms,parkerfinancial.com.au,Parker Financial Services Pty Ltd,Company,United Kingdom,"Parker Financial Services is a wealth management firm that provides tailored financial advice and strategies to professionals navigating financial complexity. They focus on a holistic approach, considering investments, cash flow, tax, and lifestyle to align with client goals. The firm emphasizes a partnership model, offering personalized service and specialized investment advice to help clients achieve long-term financial success and peace of mind.",2,2,2,2,2.0,unanimous
92,wealth management firms,cabinet-scgpi.fr,Cabinet SCGPI,Company,France,"Cabinet SCGPI is a wealth management consulting firm that provides customized solutions for individual clients and institutional investors. They focus on independent and comprehensive advice in areas such as financing, provision, and investment. The company emphasizes expertise, experience, and responsible execution to meet client needs.",2,2,2,2,2.0,unanimous
92,wealth management firms,roehl-yi.com,Roehl & Yi,Company,United States,"Roehl & Yi is an independent wealth management firm based in Eugene, Oregon, specializing in personalized financial planning and investment strategies for high-net-worth individuals and qualified retirement plans. They offer services including wealth management, retirement planning, and risk management, aiming to provide tailored portfolios and act as lifelong partners in managing clients' financial lives and legacies. The firm emphasizes an experienced, personal, independent, and collaborative approach.",2,2,2,2,2.0,unanimous
92,wealth management firms,parkstonewealth.com,"Parkstone Wealth Management, LLC",Company,United States,"Parkstone Wealth Management, LLC is a registered investment adviser providing comprehensive wealth management services. They specialize in creating financial plans for professional athletes, focusing on total return, tax-efficient strategies, cash flow management, and estate planning. The firm offers a personalized financial website for clients to manage their accounts and securely store important documents.",2,2,2,2,2.0,unanimous
92,wealth management firms,athenacapital.com,Fiduciary Trust International,Company,United States,"Fiduciary Trust International is a wealth management firm offering fiduciary services to high-net-worth individuals, families, and nonprofit organizations. They provide comprehensive services including wealth planning, investment management, trust and estate services, and family office solutions. Their mission is to help clients preserve wealth, manage risk, and align their legacy across generations through objective, conflict-free advice.",2,2,2,2,2.0,unanimous
92,wealth management firms,aviditywealth.com.au,Avidity Wealth Management Pty Ltd,Company,Australia,"Avidity Wealth Management Pty Ltd is a financial advisory firm that helps individuals plan for their future and achieve their financial goals. They offer services such as financial planning, investment advice, and guidance on property purchase, retirement planning, and business startup. Their mission is to empower clients to take control of their finances and build the life they desire.",2,2,2,2,2.0,unanimous
92,wealth management firms,bicewealth.com,Bice Wealth Management,Company,United States,"Bice Wealth Management is an independent financial firm dedicated to helping individuals and business owners achieve their financial goals. They offer comprehensive financial services, focusing on risk reduction in investment strategies and providing customized plans based on client lifestyle, goals, and family situations. The firm specializes in retirement income planning, college planning, and estate planning, with multiple locations to serve their clients.",2,2,2,2,2.0,unanimous
92,wealth management firms,bluedotwealthmanagement.com,Blue Dot Wealth Management,Company,United States,"Blue Dot Wealth Management is a financial planning and wealth management firm dedicated to helping individuals, families, and small businesses achieve their goals and build a lasting legacy. They offer tailored solutions for various life events and financial situations, including special needs planning and retirement roadmaps. The firm emphasizes creating positive impact and fostering financial security for future generations.",2,2,2,2,2.0,unanimous
92,wealth management firms,pcmnj.com,"Palisade Capital Management, LP",Company,United States,"Palisade Capital Management is an independently owned investment management firm offering wealth management and institutional investment services. They focus on fiduciary integrity, prioritizing client interests with a personalized, boutique client service experience. The firm provides tailored investment portfolios, comprehensive financial planning, and ongoing portfolio management for individuals, families, and institutions, aiming for long-term growth and downside mitigation.",2,2,2,2,2.0,unanimous
92,wealth management firms,prismfg.com,Aprio Wealth Management LLC,Company,United States,"Aprio Wealth Management LLC, formerly Prism Financial Group, is a business advisory and accounting firm focused on helping clients build, preserve, and maximize their wealth. They offer financial planning and investment strategies, emphasizing a professional advisor approach over sales representation. The firm provides guidance and education to help clients achieve their financial goals, utilizing a team approach for financial plan development.",2,2,2,2,2.0,unanimous
92,wealth management firms,ibhcapital.com,IBH Capital,Company,United States,"IBH Capital is a financial services firm offering wealth management expertise to both businesses and individuals. With over a decade of experience, they aim to be a trusted partner, helping clients achieve financial growth and success. Their services focus on expert asset management and supporting investors of all sizes.",2,2,2,2,2.0,unanimous
92,wealth management firms,wealthstrategyadvisorsllc.com,"Wealth Strategy Advisors, LLC",Company,United States,"Wealth Strategy Advisors is a comprehensive financial services firm based in Cleveland, OH, dedicated to helping clients achieve financial freedom through customized processes and multiple income streams. They specialize in retirement planning, wealth management, and investment strategies for high-net-worth individuals, aiming to provide clarity and simplicity in financial well-being. The firm emphasizes understanding individual needs to craft tailored plans and has been serving clients for over 25 years.",2,2,2,2,2.0,unanimous
92,wealth management firms,focuswealthllc.com,Focus Wealth Management,Company,United States,"Focus Wealth Management is a financial advisory firm that provides personalized financial planning and investment strategies. They offer comprehensive solutions covering retirement, estate planning, insurance, and tax services, aiming to help clients achieve their financial goals with disciplined execution. The firm emphasizes a client-centric approach, working closely with individuals to develop flexible strategies tailored to their unique needs.",2,2,2,2,2.0,unanimous
92,wealth management firms,bruggerwealth.com,Brugger Wealth Management,Company,Canada,"Brugger Wealth Management is a financial services firm offering comprehensive wealth management solutions. They provide personalized financial planning, retirement planning, estate planning, investment tax planning, portfolio analysis, and insurance analysis. Their mission is to empower clients to navigate financial complexities with confidence and clarity, tailoring services to individual goals and dreams.",2,2,2,2,2.0,unanimous
92,wealth management firms,amasus.ch,Amadeus Capital SA,Company,Switzerland,"Amadeus Capital SA is a wealth management firm that combines people and technology to manage family assets. They offer services including private office support, asset management through funds and AMCs, tailored portfolio management, and access to private markets. The company also emphasizes financial technology for asset monitoring and investment process improvement, and publishes a blog on market analysis and financial stability.",2,2,2,2,2.0,unanimous
92,wealth management firms,amadeus.ch,Amadeus Capital SA,Company,Switzerland,"Amadeus Capital SA is a wealth management firm that combines people and technology to manage family assets. They offer services including private office support, asset management through funds and AMCs, tailored portfolio management, and access to private markets. The company also emphasizes financial technology for asset monitoring and investment process improvement, and publishes a blog on market analysis and financial stability.",2,2,2,2,2.0,unanimous
92,wealth management firms,pisa.de,PiSA GmbH,Company,Germany,"PiSA GmbH is a company based in Berlin that specializes in wealth management. Their services include the establishment and participation in various types of companies and businesses, as well as taking over management responsibilities. The company emphasizes continuous adaptation and innovation, likening entrepreneurship to swimming where stagnation leads to failure.",1,2,2,2,2.0,unanimous
92,wealth management firms,qvinvestors.com,QV Investors Inc.,Company,Canada,"QV Investors is an independent asset and wealth management firm founded on principles of quality and value, with nearly 30 years of experience. They provide discretionary asset and wealth management services for Canadian institutions and high-net-worth individuals. As whole owners, the team is dedicated to growing client capital while minimizing risk, offering pooled fund offerings and expert market commentary.",2,2,2,2,2.0,unanimous
92,wealth management firms,corcorancapitalmgmt.com,"Kelley & Mullis Wealth Management, Inc.",Company,United States,"Kelley & Mullis Wealth Management is an independent financial services firm with over 35 years of experience, focusing on personalized client service and building trust. They offer a range of services including retirement planning, financial/income planning, college/education planning, and insurance coverage review. The firm aims to help individuals plan their financial future by developing customized investment strategies.",2,2,2,2,2.0,unanimous
92,wealth management firms,maximgrp.com,"Maxim Group, LLC",Company,United States,"Maxim Group is an independent investment bank, securities, and wealth management firm offering customized financial solutions. They provide services including investment banking, equity research, capital markets, wealth management, and executive & corporate services. The firm focuses on emerging growth and small-cap markets, aiming to guide corporate clients, institutional investors, and high-net-worth individuals through capital markets and investment objectives.",1,2,2,1,,disagreement
92,wealth management firms,aerowealthmgmt.com,Aero Wealth Management,Company,United States,"Aero Wealth Management is a financial planning firm that offers personalized strategies for wealth building, family protection, and asset preservation. They focus on understanding client needs, wants, and long-term goals to navigate today's economic challenges and opportunities. The firm provides guidance on retirement, investments, estate planning, insurance, and tax strategies, leveraging years of experience to help clients achieve financial security.",2,2,2,2,2.0,unanimous
92,wealth management firms,wettersteincapital.com,Wetterstein Capital GmbH,Company,Germany,"Wetterstein Capital is a private, independent investment and wealth management firm that provides permanent capital to private markets. The firm focuses on enhancing value for mid-sized companies across their entire value chain by offering long-term capital and support. They operate as a family office, specializing in private market investments.",1,2,2,2,2.0,unanimous
92,wealth management firms,palisadecapital.com,"Palisade Capital Management, LP",Company,United States,"Palisade Capital Management is an independently owned investment management firm offering wealth management and institutional investment services. They focus on fiduciary integrity, client interests, and a boutique client service experience. The firm provides personalized asset allocation, comprehensive financial planning, and ongoing portfolio management for individuals, families, and institutions, aiming for long-term growth and downside mitigation.",2,2,2,2,2.0,unanimous
92,wealth management firms,sparinvest.de,Sparinvest,Company,Germany,"Sparinvest is an asset management firm offering conviction-driven wealth management for long-term investors. They focus on investment strategies based on scientifically proven long-term outperformance factors and responsible investing principles. The company provides a range of investment solutions, including fund palettes and strategies, and shares news and insights on their corporate website.",2,2,2,2,2.0,unanimous
92,wealth management firms,hicks-associates.com,"Hicks & Associates Wealth Management, LLC",Company,United States,"Hicks & Associates Wealth Management, LLC is an investment advisory firm that provides professional asset management services to discerning investors. They employ a rigorous, rules-based, and data-driven approach to grow client assets while aiming to minimize market volatility. The firm serves high-income achievers, families nearing retirement, and investors seeking a structured and transparent investment process, offering comprehensive financial planning in addition to active asset management.",2,2,2,2,2.0,unanimous
92,wealth management firms,fairhavencap.com,Fair Haven Capital,Company,United States,"Fair Haven Capital is an investment management firm founded in 1995, offering services to individuals, families, family offices, wealth managers, companies, and non-profit organizations. They employ an opportunistic investment approach to manage wealth for their clients. The firm emphasizes navigating uncertainty to find opportunities in its investment strategies.",2,1,2,2,2.0,unanimous
92,wealth management firms,gracewealthmanagement.com,Grace Wealth Management,Company,United States,"Grace Wealth Management is a financial planning firm that helps individuals, retirement plans, trusts, and non-profits achieve their financial life goals through successful investments and tailored strategies. They serve clients across multiple states, offering resources and market updates. The firm emphasizes personalized financial planning and investment advisory services.",2,2,2,2,2.0,unanimous
92,wealth management firms,consortia.de,Consortia Vermögensverwaltung AG,Company,Germany,"Consortia Vermögensverwaltung AG is a bank-independent asset management company that focuses on individual wealth management for private and institutional investors, as well as investment funds. They emphasize value-oriented investment strategies based on thorough analysis, primarily using listed securities. The company prioritizes personal consultation, transparency, and continuous portfolio monitoring to protect and grow client capital.",2,2,2,2,2.0,unanimous
92,wealth management firms,sfmilner.com,"Signature Financial Group, LLC",Company,United States,"Signature Financial Group, LLC, led by Sean Frederick Milner, is a financial services firm offering wealth management and preservation advisory services. They focus on helping individuals and businesses build, grow, preserve, and transfer wealth through personalized strategies for retirement, estate planning, investments, insurance, and tax considerations. The firm aims to provide expert guidance to achieve long-term financial goals.",2,2,2,2,2.0,unanimous
92,wealth management firms,asset-wealth.com,Asset & Wealth Management,Company,United States,"Asset & Wealth Management is a financial advisory firm focused on creating optimal financial outcomes for clients at various life stages. They offer services including saving and investment strategies, retirement planning, legacy planning, protection planning, and college funding. The firm emphasizes an intentional process rooted in understanding client goals and a long-term commitment to their clients and communities.",2,2,2,2,2.0,unanimous
92,wealth management firms,cwmteam.com,Cornerstone Wealth Management,Company,United States,"Cornerstone Wealth Management is a financial advisory firm that has been helping clients for nearly 40 years to gain clarity in their financial lives and focus on what matters most. They offer personalized financial planning services including investment management, retirement planning, insurance planning, education planning, and tax planning. Their mission is to help clients worry less about financial uncertainty and enjoy life more by creating a tailored money life based on their individual goals and values.",2,2,2,2,2.0,unanimous
92,wealth management firms,bankswealth.com,Banks Wealth Management LLC,Company,United States,"Banks Wealth Management LLC is a financial planning firm offering investment advisory services, estate planning, retirement planning, and insurance. They focus on providing personal and professional service to clients, aiming to guide them through life's financial transitions with trust, honesty, and integrity. The firm also provides corporate benefit plans.",2,2,2,2,2.0,unanimous
92,wealth management firms,martinadvisors.com,Martin & Company,Company,United States,"Martin & Company is a financial planning and wealth management firm that offers integrated services for individuals, families, and business owners. They provide comprehensive guidance on retirement planning, tax preparation, accounting, and investment strategies to help clients build wealth and achieve financial clarity. The firm emphasizes a coordinated approach to financial life, aiming to simplify complexity and build lasting wealth with confidence for clients in Santa Clarita and beyond.",2,2,2,2,2.0,unanimous
92,wealth management firms,veritasfinancialgroup.com,Veritas Financial,Company,United States,"Veritas Financial is a wealth management firm that provides comprehensive financial strategies to individuals, families, and businesses. They focus on helping clients understand their financial situation and achieve their goals through honesty, integrity, and transparency. The firm offers services for both personal and business financial planning, aiming to build long-term client relationships.",2,2,2,2,2.0,unanimous
92,wealth management firms,jwwealthmanagement.com,JW Wealth Management,Company,United States,"JW Wealth Management is a financial advisory firm that offers personalized financial planning services, including retirement, estate planning, investment management, and insurance solutions. They focus on building long-term relationships based on trust, honesty, and integrity to help clients achieve their financial dreams and goals. The firm provides resources such as calculators, articles, and videos to educate clients on various financial topics.",2,2,2,2,2.0,unanimous
92,wealth management firms,rathbonefunds.com,Rathbones Asset Management,Company,Portugal,"Rathbones Asset Management is a UK-based firm specializing in wealth and asset management, offering a range of investment solutions including equities, fixed income, multi-asset, and sustainable funds. They focus on active management, long-term value creation, and building client relationships. The company serves financial intermediaries and individual investors, emphasizing independent thinking and driving alpha through their investment strategies.",2,2,2,2,2.0,unanimous
92,wealth management firms,kmwealthmanagement.com,"Kelley & Mullis Wealth Management, Inc.",Company,United States,"Kelley & Mullis Wealth Management is an independent financial services firm with over 35 years of experience, focusing on personalized client service and building trust. They offer a range of services including retirement planning, financial/income planning, college/education planning, and insurance coverage review. The firm aims to help individuals plan their financial future by developing customized investment strategies.",2,2,2,2,2.0,unanimous
92,wealth management firms,manningnapier.com,Manning & Napier,Company,United States,"Manning & Napier is an investment management firm that offers asset management and wealth management solutions. They provide actively managed investment strategies, financial planning, and advice to a diverse client base including individuals, families, financial professionals, institutions, non-profits, and Taft-Hartley plans. The company focuses on delivering value through a disciplined investment process and aims to help clients achieve their financial goals by building brighter financial futures.",2,2,2,2,2.0,unanimous
92,wealth management firms,manning-napier.com,Manning & Napier,Company,United States,"Manning & Napier is an investment management firm that offers asset management and wealth management solutions. They provide actively managed investment strategies, financial planning, and advice to a diverse client base including individuals, families, financial professionals, institutions, non-profits, and Taft-Hartley plans. The company focuses on delivering value through a disciplined investment process and aims to help clients achieve their financial goals by building brighter financial futures.",2,2,2,2,2.0,unanimous
92,wealth management firms,parkplacefp.com,Park Place Financial Planning,Company,United States,"Park Place Financial Planning is a financial advisory firm that offers comprehensive wealth management services. They focus on providing personalized financial planning, investment management, and retirement planning solutions to help clients achieve their financial goals. The firm aims to build long-term relationships based on trust and expertise.",2,2,2,2,2.0,unanimous
92,wealth management firms,investrwm.com,Robbins Wealth Management,Company,United States,"Robbins Wealth Management (RWM) is an independent, fee-based investment management company providing wealth management and retirement planning services. They cater to families, high-net-worth individuals, and trusts, offering both discretionary and non-discretionary investment management. RWM emphasizes client control, particularly through its non-discretionary service where clients must authorize trades, ensuring they have the final say in asset selection.",2,2,2,2,2.0,unanimous
92,wealth management firms,planforwealth.ca,Plan for Wealth Ltd.,Company,Canada,"Plan for Wealth Ltd. is a financial advisory firm specializing in life insurance, health, and wealth management services. They offer custom-tailored financial planning to help individuals and small businesses achieve their financial goals, such as homeownership and retirement. The company emphasizes personalized service and making a measurable difference in their clients' lives, as evidenced by positive client testimonials.",2,2,2,2,2.0,unanimous
92,wealth management firms,westshorefinancialgroup.com,Westshore Financial Group,Company,United States,"Westshore Financial Group is a financial services firm that provides comprehensive wealth management solutions. They offer services such as financial planning, investment management, retirement planning, and insurance solutions to individuals and businesses. Their mission is to help clients achieve their financial goals through personalized strategies and expert advice.",2,2,2,2,2.0,unanimous
92,wealth management firms,mathiascpa.com,"Stephen Mathias & Co., Inc.",Company,United States,"Stephen Mathias & Co., Inc. is a financial services firm offering comprehensive wealth management solutions. They provide customized programs for wealth growth, protection, and conservation, including financial planning, tax services, and insurance products. The firm emphasizes trust, honesty, and integrity in its client relationships and operates as a registered investment advisor.",2,2,2,2,2.0,unanimous
92,wealth management firms,gilhanghaysgroup.com,"Gilhang & Hays Financial Management Group, LLC",Company,United States,"Gilhang & Hays Financial Management Group, LLC is a financial advisory firm offering comprehensive wealth management, business planning, and insurance solutions. They focus on helping clients achieve financial independence through strategic planning, investment management, retirement planning, and estate services. The firm provides resources such as articles, calculators, and videos to educate clients on various financial topics.",2,2,2,2,2.0,unanimous
92,wealth management firms,moellerinvestmentgroup.com,Moeller Investment Group,Company,United States,"Moeller Investment Group is a wealth management firm that provides personalized investment advice and financial planning services. They offer investment management, retirement and estate planning, family and life matters guidance, and strategies for institutional and nonprofit organizations. Their mission is to help clients be good stewards of capital, building on a legacy of financial services dating back to 1966.",2,2,2,2,2.0,unanimous
92,wealth management firms,blueriverfinancialgroup.com,Blue River Financial Group,Company,United States,"Blue River Financial Group is a financial services firm that appears to offer investment and wealth management solutions. The website indicates a focus on providing financial guidance and strategies to clients. Its primary activities likely revolve around financial planning, asset management, and advisory services within the financial sector.",2,2,2,2,2.0,unanimous
92,wealth management firms,cornerstoneplanninggroup.net,Cornerstone Planning Group,Company,United States,"Cornerstone Planning Group is a financial planning firm that offers comprehensive wealth management services. They focus on helping clients achieve their financial goals through personalized strategies, including retirement planning, investment management, and estate planning. The firm aims to provide clarity and confidence in financial decisions.",2,2,2,2,2.0,unanimous
92,wealth management firms,mainsailmanagement.com,Mainsail Asset Management,Company,United States,Mainsail Asset Management is a financial services firm specializing in asset management. They offer investment strategies and financial planning services to help clients grow and preserve their wealth. The company aims to provide prudent investment solutions to meet diverse financial goals.,2,2,2,2,2.0,unanimous
92,wealth management firms,pinkertonfinancialresources.com,"Pinkerton Financial Resources, LLC.",Company,United States,"Pinkerton Financial Resources, LLC. is a financial services firm dedicated to enhancing clients' long-term financial success through personalized wealth management programs. They focus on growing, preserving, and conserving client assets by offering expert advice, continuous communication, and prompt service. The firm assists clients in setting, monitoring, and achieving their financial goals, aiming to build lasting relationships based on trust and competence.",2,2,2,2,2.0,unanimous
92,wealth management firms,rdrfinancial.com,RDR Wealth Management,Company,United States,"RDR Wealth Management, formerly RDR Financial Services Inc., is a financial planning firm that helps individuals and families achieve their financial goals, including comfortable retirement, employee benefits, and education funding. They offer custom strategies, emphasizing integrity, transparency, and knowledge-sharing to build client confidence. The firm has been providing financial planning services for over 40 years, with a family-oriented approach to client relationships.",2,2,2,2,2.0,unanimous
92,wealth management firms,twincityfinancialgroup.com,Twin City Financial Group,Company,United States,"Twin City Financial Group is a financial services firm that appears to offer wealth management and financial planning services. The website indicates a focus on helping clients achieve their financial goals through personalized strategies. It operates within the financial advisory sector, aiming to provide comprehensive solutions for individuals and potentially businesses.",2,2,2,2,2.0,unanimous
92,wealth management firms,lfsllc.com,"Lighthouse Financial Services, LLC",Company,United States,"Lighthouse Financial Services, LLC is a financial advisory firm dedicated to providing comprehensive and personalized wealth management services. They assist clients with retirement planning, investment strategies, estate planning, insurance, and tax services, aiming to create financial stability and guide individuals and businesses toward financial independence. The company emphasizes education and understanding of clients' financial situations to enable informed decision-making.",2,2,2,2,2.0,unanimous
92,wealth management firms,chasegrossenfs.com,Freedom Wealth Partners,Company,United States,"Freedom Wealth Partners is a financial services firm offering a range of services including financial planning, wealth management, retirement plans, corporate services, insurance, annuities, and private investments. They focus on building long-term relationships through open communication to help clients achieve their financial goals. The firm emphasizes personalized strategies and acts in the best interest of their clients.",2,2,2,2,2.0,unanimous
92,wealth management firms,slocumwealthmgt.com,Slocum Wealth Management™,Company,United States,"Slocum Wealth Management™ is a comprehensive financial services firm dedicated to enhancing long-term financial success for its clients. They offer customized programs focused on wealth growth and conservation, emphasizing personalized service. The firm provides a range of services including retirement planning, investment management, estate planning, insurance, and tax advice.",2,2,2,2,2.0,unanimous
92,wealth management firms,lexingtonwealth.co.uk,Lexington Wealth Management,Company,United Kingdom,"Lexington Wealth Management is an award-winning, independent, family-run financial planning firm based in Wiltshire. They specialize in comprehensive financial planning and wealth management services for private clients, particularly individuals and business owners approaching or in retirement. Their mission is to educate and inspire clients to pursue 'true wealth,' focusing on personalized service and building long-term relationships.",2,2,2,2,2.0,unanimous
92,wealth management firms,phoeniciangroup.com,Phoenician International Limited,Company,Hong Kong,"Phoenician International Limited is a global boutique investment firm offering wealth management, investment management, and investment banking services. The firm acts as a bridge between China and the West, connecting institutional investors with Asian markets and helping innovators and entrepreneurs achieve their financial goals. They provide comprehensive solutions for private, institutional, and corporate clients to leverage global opportunities.",2,2,2,2,2.0,unanimous
92,wealth management firms,peterberonio.com,Guardians of Wealth,Company,United States,"Guardians of Wealth is a financial planning firm that offers a comprehensive suite of services including financial planning, retirement planning, cash management, and insurance planning. They focus on client-centered relationships and provide resources like market commentary and educational content to help clients achieve their financial goals. The firm aims to help individuals and businesses sustain and grow their wealth through personalized strategies.",2,2,2,2,2.0,unanimous
92,wealth management firms,peakwv.com,Peak Wealth Management,Company,United States,"Peak Wealth Management is a financial planning and investment management firm dedicated to simplifying complex financial matters and creating customized plans for clients. They offer services in investment management, retirement planning, estate planning, and business financial guidance. The firm aims to help individuals and businesses achieve their financial goals with ongoing support and resources.",2,2,2,2,2.0,unanimous
92,wealth management firms,lanefamilywm.com,Lane Family Wealth Management,Company,United States,"Lane Family Wealth Management is a financial planning firm dedicated to helping individuals and families achieve their financial goals. They offer personalized services in retirement planning, education planning, and wealth management, focusing on creating tailored plans to meet specific needs and long-term objectives. The firm aims to educate clients and provide them with the confidence to navigate complex financial decisions.",2,2,2,2,2.0,unanimous
92,wealth management firms,bayridgefinancial.net,Bayridge Financial Group,Company,United States,"Bayridge Financial Group is a financial services firm that appears to offer wealth management and financial planning services. The website's content is minimal, suggesting a focus on client acquisition or information dissemination for existing clients. Its primary goal is likely to provide expert financial advice and solutions to individuals and businesses.",2,2,2,2,2.0,unanimous
92,wealth management firms,privatewealthgroup.com,"Private Wealth Group, LLC",Company,United States,"Private Wealth Group, LLC (PWG) is an investment management firm founded in 2002, providing services to clients across the United States. They specialize in dynamic investment strategies designed to adapt to changing market conditions, aiming to grow wealth during favorable periods and mitigate risks during downturns. PWG offers custom portfolio construction, including strategies like Intelligent Equity® and Dynamic Fixed Income, to meet individual client needs.",2,2,2,2,2.0,unanimous
92,wealth management firms,vestawealth.partners,Vesta Wealth Partners Ltd.,Company,Canada,"Vesta Wealth Partners Ltd. is a portfolio management firm offering institutional investment strategies and family office solutions. They provide access to elite asset managers with systematic downside protection and enhanced public market participation for private clients, institutions, and wealth professionals. Their services aim to grow, preserve, and transition wealth with a disciplined, multi-generational approach.",2,2,2,2,2.0,unanimous
92,wealth management firms,mcmillanconsultants.co.uk,McMillan Financial Advice,Company,United Kingdom,"McMillan Financial Advice is a wealth management firm offering personalized financial planning services for individuals and corporations. They specialize in areas such as retirement planning, investment planning, mortgages, tax and estate planning, and employee benefits. The firm emphasizes a face-to-face, bespoke approach to financial solutions, aiming to help clients achieve their financial goals.",2,2,2,2,2.0,unanimous
92,wealth management firms,lancasterfinancialgroup.com,Lancaster Financial Group,Company,United States,"Lancaster Financial Group is a financial services firm that appears to offer wealth management and financial planning services. The website indicates a focus on helping clients achieve their financial goals through personalized strategies. It operates within the financial advisory sector, aiming to provide expert guidance on investments and financial security.",2,2,2,2,2.0,unanimous
92,wealth management firms,capfinstrategies.com,Capital Financial,Company,United States,"Capital Financial is an independent financial services firm offering comprehensive wealth management solutions for individuals, families, and business owners. They focus on building personalized strategies to help clients pursue their financial and personal goals, covering areas from retirement planning to wealth transfer. The firm emphasizes a holistic approach, acting as a trusted partner to guide and educate clients through their financial journey.",2,2,2,2,2.0,unanimous
92,wealth management firms,equinoxfinancialpartners.com,Equinox Financial Partners,Company,United States,"Equinox Financial Partners is a wealth management firm offering financial strategies for individuals, families, and businesses. They specialize in asset management, estate planning, and retirement planning, aiming to help clients achieve their financial goals and build a fulfilling future. The firm emphasizes personalized guidance and collaboration to navigate financial complexities.",2,2,2,2,2.0,unanimous
92,wealth management firms,overbrook.com,Overbrook Management Corporation,Company,United States,"Overbrook Management Corporation is an independent SEC-registered investment advisory firm that provides asset management and wealth management services. With roots dating back to 1946 as a family office, the firm has over twenty years of experience as a registered investment advisor. They focus on preserving and growing wealth across generations by combining public equities with private investments, utilizing an in-house research team to construct tailored portfolios for institutional investors and high-net-worth individuals.",2,2,2,2,2.0,unanimous
92,wealth management firms,intouchwealth.com,InTouch Wealth,Company,United States,"InTouch Wealth is a financial planning firm offering comprehensive and personalized solutions for individuals, families, and business owners. They specialize in retirement planning, investment management, wealth management, estate planning, and business services like 401(k) consultation. Their approach emphasizes education, communication, and building meaningful relationships to help clients achieve their ideal lifestyle and retirement goals.",2,2,2,2,2.0,unanimous
92,wealth management firms,financialplanningnewarkoh.com,"Van Winkle Wealth Management Group, LLC",Company,United States,"Van Winkle Wealth Management Group, LLC is a financial services firm specializing in comprehensive financial planning strategies for individuals, families, businesses, and nonprofit organizations. They offer services including estate planning, asset management, and retirement planning, with a mission to help clients define and achieve their financial goals. The company operates from Newark, Ohio, and focuses on protecting clients' retirement.",2,2,2,2,2.0,unanimous
92,wealth management firms,dehaac.com,The HAAS Group - Financial Planners,Company,United States,"The HAAS Group is a financial planning firm dedicated to helping individuals and businesses achieve financial freedom. They offer personalized guidance and comprehensive financial plans focused on wealth management, risk mitigation, performance improvement, and long-term wealth growth. Their services include retirement planning, strategic business planning, estate planning, and personal financial planning, with a strong emphasis on proactive planning for a secure future.",2,2,2,2,2.0,unanimous
92,wealth management firms,privatewealthgroup.net,"Private Wealth Group, LLC",Company,United States,"Private Wealth Group, LLC (PWG) is an investment management firm founded in 2002, providing services to clients across the United States. They specialize in dynamic investment strategies designed to adapt to changing market conditions, aiming to grow wealth during favorable periods and mitigate risks during downturns. PWG offers custom portfolio construction, including strategies like Intelligent Equity® and Dynamic Fixed Income, to meet individual client needs.",2,2,2,2,2.0,unanimous
92,wealth management firms,granitewealthmanagement.com,Granite Wealth Management,Company,United States,"Granite Wealth Management is a financial organization based in Marble Falls, TX, offering comprehensive services to help individuals prepare for retirement, manage investments, and plan estates. They focus on simplifying complex financial strategies and providing personalized service tailored to client needs and goals. The firm emphasizes a full-service practice without conflicts of interest, aiming to guide clients through all life stages.",2,2,2,2,2.0,unanimous
92,wealth management firms,bostontrust.com,Boston Trust Walden,Company,United States,"Boston Trust Walden is an independent, employee-owned firm providing institutional asset management and integrated wealth management services. They focus on principled investing, offering tailored solutions, transparent fees, and leadership in active ownership with a commitment to generating positive environmental and social impact alongside financial returns. Their disciplined investment approach and accessible team aim to deliver long-term value to clients.",2,2,2,2,2.0,unanimous
92,wealth management firms,penguinwealth.com,Penguin Wealth,Company,United Kingdom,"Penguin Wealth is a financial planning firm that provides independent financial advice and wealth management services. They focus on helping individuals and families achieve their financial goals through personalized strategies, including investment planning, retirement planning, and tax efficiency. The firm aims to build long-term relationships with clients by offering clear, actionable advice and a high level of service.",2,2,2,2,2.0,unanimous
92,wealth management firms,dsfwealthgroup.com,"DSF Wealth Management Group, LLC",Company,United States,"DSF Wealth Management Group, LLC provides personalized financial planning guidance to help individuals grow, protect, and pass on their wealth. They focus on understanding clients' 'why' to align financial strategies with their dreams and goals, aiming to achieve financial freedom. The firm offers counsel and strategies for various life phases, from early career planning to retirement and wealth transfer.",2,2,2,2,2.0,unanimous
92,wealth management firms,thresholdwealthmanagement.com,Threshold Financial Services Limited,Company,United Kingdom,"Threshold Financial Services Limited, operating as Threshold Wealth Management Limited, is a financial advisory firm specializing in mortgages, wealth management, investments, pensions, business financial planning, and protection services. They offer expert financial planning to help clients with estate planning, retirement planning, and business financial strategies. The company aims to provide comprehensive financial solutions and guidance to individuals and businesses.",2,2,2,2,2.0,unanimous
92,wealth management firms,cavanaughfinancialgroup.com,Cavanaugh Financial Group,Company,United States,Cavanaugh Financial Group is a financial services firm that appears to offer wealth management and financial planning services. The website indicates a focus on helping clients achieve their financial goals through personalized strategies. It is positioned as a provider of financial advice and solutions.,2,2,2,2,2.0,unanimous
92,wealth management firms,tam-ria.com,Tate Asset Management,Company,United States,"Tate Asset Management is a financial services firm specializing in investment management and wealth advisory. The company offers a range of services including portfolio management, financial planning, and retirement solutions. Their mission is to provide tailored financial strategies to help clients achieve their long-term financial goals.",2,2,2,2,2.0,unanimous
92,wealth management firms,hudsonfg.com,Hudson Financial Group,Company,United States,"Hudson Financial Group is a financial services firm that offers a range of investment and wealth management solutions. They focus on providing personalized financial planning and investment strategies to help clients achieve their financial goals. The firm operates within the financial advisory sector, aiming to build long-term relationships based on trust and expertise.",2,2,2,2,2.0,unanimous
92,wealth management firms,ckcwealth.com,Cornerstone Wealth Management,Company,United States,"Cornerstone Wealth Management provides comprehensive financial planning services for individuals, businesses, and non-profits. They offer expertise in retirement planning, investment strategies, insurance, estate planning, and tax advice. Their mission is to empower clients to achieve their desired future through smart financial guidance and personalized advice, aiming to foster independence and control over their financial lives.",2,2,2,2,2.0,unanimous
92,wealth management firms,spakfinancial.com,"The Bridge Group, Inc.",Company,United States,"The Bridge Group, Inc. is a financial advisory firm established in 1963, specializing in wealth management for successful individuals, business owners, and families. They offer comprehensive financial planning services focused on wealth accumulation, preservation, and legacy creation. The firm aims to provide long-term partnerships, guiding clients to make strategic financial decisions and achieve peace of mind.",2,2,2,2,2.0,unanimous
92,wealth management firms,thebridgegroup.com,"The Bridge Group, Inc.",Company,United States,"The Bridge Group, Inc. is a financial advisory firm established in 1963, specializing in wealth management for successful individuals, business owners, and families. They offer comprehensive financial planning services focused on wealth accumulation, preservation, and legacy creation. The firm aims to provide long-term partnerships, guiding clients to make strategic financial decisions and achieve peace of mind.",2,2,2,2,2.0,unanimous
92,wealth management firms,rosswealth.com.au,Ross Wealth Management Group,Company,United Kingdom,"Ross Wealth Management Group is a financial advisory firm that helps individuals plan for their future and manage their money. They offer services such as financial planning, investment advice, retirement planning, and assistance with major life events like buying property or starting a business. Their mission is to guide clients towards achieving their financial goals and securing a better tomorrow.",2,2,2,2,2.0,unanimous
92,wealth management firms,harvestwp.com,Harvest Wealth Partners,Company,United States,"Harvest Wealth Partners is a financial planning firm based in Indiana, offering a comprehensive suite of services for individuals and businesses. Their offerings include financial planning, tax planning, estate planning, wealth management, college planning, retirement planning, and insurance solutions. The firm emphasizes personalized service, aiming to bring financial freedom to the communities they serve through selfless values and a client-centric approach.",2,2,2,2,2.0,unanimous
92,wealth management firms,forthrightwealthmanagement.com,"Forthright Wealth Management, LLC",Company,United States,"Forthright Wealth Management, LLC is a financial services firm offering personalized financial planning and wealth management solutions. They cater to a diverse clientele including women investors, business owners, corporate executives, families, healthcare professionals, and retirees. Their services encompass business planning, estate planning, financial planning, portfolio management, retirement planning, and risk management, aiming to help clients achieve their unique financial goals.",2,2,2,2,2.0,unanimous
92,wealth management firms,curranllc.com,Curran Wealth Management,Company,United States,"Curran Wealth Management offers comprehensive financial planning, investment management, and tax services. They focus on long-term investing strategies, aiming to help individuals preserve, protect, and grow their wealth. The company provides a unified platform for managing finances, including investment portfolios and tax preparation, with a goal of enabling families to retire with confidence.",2,2,2,2,2.0,unanimous
92,wealth management firms,e3wealth.com,e3 Wealth,Company,United States,"e3 Wealth is a financial services firm that helps individuals and business owners create retirement and financial strategies. They focus on education, empowerment, and enlightenment, offering personalized solutions that go beyond conventional investment options. Their services include retirement planning, wealth accumulation, tax mitigation, and asset protection, aiming to align financial goals with dynamic strategies.",2,2,2,2,2.0,unanimous
92,wealth management firms,griffinam.com,Griffin AM,Company,United States,"Griffin AM appears to be a financial services firm specializing in asset management. The website indicates a focus on investment strategies and wealth management services. It aims to provide financial solutions to its clients, likely through a combination of investment products and advisory services.",2,2,2,2,2.0,unanimous
92,wealth management firms,arxwealth.com,Wealth Insight Partners,Company,Sweden,"Wealth Insight Partners is a financial planning firm that offers personal financial planning, wealth management, and business planning services. Their mission is to be a trusted partner in building, preserving, and enjoying wealth, ultimately helping clients create their legacy. They focus on understanding individual client needs to provide planning confidence, enabling clients to live in the present.",2,2,2,2,2.0,unanimous
92,wealth management firms,wealth-story.com,WealthStory,Company,United States,"WealthStory is a financial services firm dedicated to helping individuals and businesses achieve their financial goals through personalized advice, integrity, and trust. They offer a range of services including wealth advisory, retirement planning, life insurance, college savings, income strategies, and legacy planning. By partnering with top money managers and investment companies, WealthStory aims to provide clients with access to leading advice, investments, and products to improve their lives.",2,2,2,2,2.0,unanimous
92,wealth management firms,stgermaininvestments.com,St. Germain Investment Management,Company,United States,"St. Germain Investment Management is an independent advisory firm founded in 1924, offering comprehensive wealth management services to individuals, families, and institutions. They specialize in financial planning and portfolio management, including diversified portfolios, sustainable investing, and active management. As fiduciaries, they are committed to putting client interests first and provide personalized guidance through market cycles.",2,2,2,2,2.0,unanimous
92,wealth management firms,worthwealthmanagement.com,Worth Wealth Management,Company,United States,"Worth Wealth Management offers customized financial strategies for both individuals and businesses. They provide services including retirement planning, investment management, insurance, estate planning, and tax strategies. The firm emphasizes a client-centered approach, working closely with clients to understand their unique needs and develop plans for a successful future. They also offer resources like financial calculators, market commentary, and articles.",2,2,2,2,2.0,unanimous
92,wealth management firms,prosperityfinancialadvisors.com,Prosperity Financial Advisors,Company,United States,"Prosperity Financial Advisors is a financial advisory firm that offers comprehensive financial planning and investment management services. They aim to help clients achieve their financial goals through personalized strategies and expert guidance. The firm operates within the financial services sector, focusing on wealth management and retirement planning.",2,2,2,2,2.0,unanimous
